roaster,product_id,quarter,handle,handle_source,status,product_snapshot_ts,variant_id,size_grams,multipack,size_source,compare_at_price_inr
Araku,8380902506816,2023Q4,grande-reserve,live,ok,20231210104803,45285462344000,,,,
Araku,8380902506816,2023Q4,grande-reserve,live,ok,20231210104803,45285599609152,,,,
Araku,8380902506816,2023Q4,grande-reserve,live,ok,20231210104803,45381548376384,,,,
Araku,8380902506816,2023Q4,grande-reserve,live,ok,20231210104803,45381548409152,,,,
Araku,8380902506816,2023Q4,grande-reserve,live,ok,20231210104803,45285462376768,,,,
Araku,8380902506816,2023Q4,grande-reserve,live,ok,20231210104803,45285599641920,,,,
Araku,8380902506816,2023Q4,grande-reserve,live,ok,20231210104803,45285462409536,,,,
Araku,8380902506816,2023Q4,grande-reserve,live,ok,20231210104803,45285599674688,,,,
Araku,8380902506816,2023Q4,grande-reserve,live,ok,20231210104803,45285462442304,,,,
Araku,8380902506816,2023Q4,grande-reserve,live,ok,20231210104803,45285599707456,,,,
Araku,8380902506816,2024Q1,grande-reserve,live,no_snapshot_in_quarter,,,,,,
Araku,8380902506816,2024Q2,grande-reserve,live,ok,20240609173734,45285462344000,,,,
Araku,8380902506816,2024Q2,grande-reserve,live,ok,20240609173734,45285599609152,,,,
Araku,8380902506816,2024Q2,grande-reserve,live,ok,20240609173734,45381548376384,,,,
Araku,8380902506816,2024Q2,grande-reserve,live,ok,20240609173734,45381548409152,,,,
Araku,8380902506816,2024Q2,grande-reserve,live,ok,20240609173734,45285462376768,,,,
Araku,8380902506816,2024Q2,grande-reserve,live,ok,20240609173734,45285599641920,,,,
Araku,8380902506816,2024Q2,grande-reserve,live,ok,20240609173734,45285462409536,,,,
Araku,8380902506816,2024Q2,grande-reserve,live,ok,20240609173734,45285599674688,,,,
Araku,8380902506816,2024Q2,grande-reserve,live,ok,20240609173734,45285462442304,,,,
Araku,8380902506816,2024Q2,grande-reserve,live,ok,20240609173734,45285599707456,,,,
Araku,8380902506816,2024Q3,grande-reserve,live,ok,20240912222528,45285462344000,,,,
Araku,8380902506816,2024Q3,grande-reserve,live,ok,20240912222528,45285599609152,,,,
Araku,8380902506816,2024Q3,grande-reserve,live,ok,20240912222528,45381548376384,,,,
Araku,8380902506816,2024Q3,grande-reserve,live,ok,20240912222528,45381548409152,,,,
Araku,8380902506816,2024Q3,grande-reserve,live,ok,20240912222528,45285462376768,,,,
Araku,8380902506816,2024Q3,grande-reserve,live,ok,20240912222528,45285599641920,,,,
Araku,8380902506816,2024Q3,grande-reserve,live,ok,20240912222528,45285462409536,,,,
Araku,8380902506816,2024Q3,grande-reserve,live,ok,20240912222528,45285599674688,,,,
Araku,8380902506816,2024Q3,grande-reserve,live,ok,20240912222528,45285462442304,,,,
Araku,8380902506816,2024Q3,grande-reserve,live,ok,20240912222528,45285599707456,,,,
Araku,8380902506816,2024Q4,grande-reserve,live,ok,20241205101618,45285462344000,250.0,False,product_page_variant,
Araku,8380902506816,2024Q4,grande-reserve,live,ok,20241205101618,45381548376384,250.0,False,product_page_variant,
Araku,8380902506816,2024Q4,grande-reserve,live,ok,20241205101618,45285462376768,250.0,False,product_page_variant,
Araku,8380902506816,2024Q4,grande-reserve,live,ok,20241205101618,45285462409536,250.0,False,product_page_variant,
Araku,8380902506816,2024Q4,grande-reserve,live,ok,20241205101618,45285462442304,250.0,False,product_page_variant,
Araku,8380902506816,2024Q4,grande-reserve,live,ok,20241205101618,45285599609152,250.0,False,product_page_variant,
Araku,8380902506816,2024Q4,grande-reserve,live,ok,20241205101618,45381548409152,250.0,False,product_page_variant,
Araku,8380902506816,2024Q4,grande-reserve,live,ok,20241205101618,45285599641920,250.0,False,product_page_variant,
Araku,8380902506816,2024Q4,grande-reserve,live,ok,20241205101618,45285599674688,250.0,False,product_page_variant,
Araku,8380902506816,2024Q4,grande-reserve,live,ok,20241205101618,45285599707456,250.0,False,product_page_variant,
Araku,8380915286336,2023Q4,pocket-brew-micro-climate,live,ok,20231210112321,45276024176960,,,,
Araku,8380915286336,2024Q1,pocket-brew-micro-climate,live,no_snapshot_in_quarter,,,,,,
Araku,8380915286336,2024Q2,pocket-brew-micro-climate,live,ok,20240527102715,45276024176960,,,,
Araku,8380915286336,2024Q3,pocket-brew-micro-climate,live,ok,20240912230829,45276024176960,,,,
Araku,8380915286336,2024Q4,pocket-brew-micro-climate,live,ok,20241205105418,45276024176960,,,,
Araku,8380915286336,2025Q1,pocket-brew-micro-climate,live,ok,20250321143334,45276024176960,,,,
Araku,8380915286336,2025Q2,pocket-brew-micro-climate,live,no_snapshot_in_quarter,,,,,,
Araku,8380915286336,2025Q3,pocket-brew-micro-climate,live,ok,20250717223626,45276024176960,,,,
Araku,8380915286336,2025Q4,pocket-brew-micro-climate,live,ok,20251124045100,45276024176960,,,,580.0
Araku,8380915351872,2023Q4,pocket-brew-selection,live,ok,20231210111445,45276024242496,,,,
Araku,8380915351872,2024Q1,pocket-brew-selection,live,no_snapshot_in_quarter,,,,,,
Araku,8380915351872,2024Q2,pocket-brew-selection,live,ok,20240619014622,45276024242496,,,,
Araku,8380915351872,2024Q3,pocket-brew-selection,live,ok,20240912230211,45276024242496,,,,
Araku,8380915351872,2024Q4,pocket-brew-selection,live,no_snapshot_in_quarter,,,,,,
Araku,8380915351872,2025Q1,pocket-brew-selection,live,ok,20250119103901,45276024242496,,,,
Araku,8380915351872,2025Q2,pocket-brew-selection,live,ok,20250512220259,45276024242496,,,,580.0
Araku,8380915351872,2025Q3,pocket-brew-selection,live,no_snapshot_in_quarter,,,,,,
Araku,8380915351872,2025Q4,pocket-brew-selection,live,ok,20251127111058,45276024242496,,,,580.0
Araku,9613129908544,2024Q4,pocket-brew-grand-reserve,live,ok,20241103162933,49787705098560,,,,
Araku,9613129908544,2025Q1,pocket-brew-grand-reserve,live,ok,20250213193050,49787705098560,,,,
Araku,9613129908544,2025Q2,pocket-brew-grand-reserve,live,ok,20250623125016,49787705098560,,,,680.0
Araku,9613129908544,2025Q3,pocket-brew-grand-reserve,live,no_snapshot_in_quarter,,,,,,
Araku,9613129908544,2025Q4,pocket-brew-grand-reserve,live,ok,20251126202340,49787705098560,,,,680.0
Araku,9866704519488,2025Q4,pocket-brew-collection-pour-over-arabica-coffee-drip-bags,live,ok,20251203203621,50897537564992,,,,980.0
Blue Tokai,6748258172983,2023Q1,,unmapped,unmapped,,,,,,
Blue Tokai,6748258172983,2023Q2,,unmapped,unmapped,,,,,,
Blue Tokai,6748328984631,2023Q1,,unmapped,unmapped,,,,,,
Blue Tokai,6748328984631,2023Q2,,unmapped,unmapped,,,,,,
Blue Tokai,6835135709239,2023Q4,the-rich-bold-trio-pack,live,ok,20231209091621,40244505542711,225.0,False,product_page_shipping_weight,
Blue Tokai,6835135709239,2023Q4,the-rich-bold-trio-pack,live,ok,20231209091621,40244505575479,225.0,False,product_page_shipping_weight,
Blue Tokai,6835135709239,2023Q4,the-rich-bold-trio-pack,live,ok,20231209091621,40244505608247,225.0,False,product_page_shipping_weight,
Blue Tokai,6835135709239,2023Q4,the-rich-bold-trio-pack,live,ok,20231209091621,40244505641015,225.0,False,product_page_shipping_weight,
Blue Tokai,6835135709239,2023Q4,the-rich-bold-trio-pack,live,ok,20231209091621,40244505673783,225.0,False,product_page_shipping_weight,
Blue Tokai,6835135709239,2023Q4,the-rich-bold-trio-pack,live,ok,20231209091621,40244505706551,225.0,False,product_page_shipping_weight,
Blue Tokai,6835135709239,2023Q4,the-rich-bold-trio-pack,live,ok,20231209091621,40244505739319,225.0,False,product_page_shipping_weight,
Blue Tokai,6835135709239,2023Q4,the-rich-bold-trio-pack,live,ok,20231209091621,40244505772087,225.0,False,product_page_shipping_weight,
Blue Tokai,6835135709239,2023Q4,the-rich-bold-trio-pack,live,ok,20231209091621,40244505804855,225.0,False,product_page_shipping_weight,
Blue Tokai,6835135709239,2023Q4,the-rich-bold-trio-pack,live,ok,20231209091621,40244505837623,225.0,False,product_page_shipping_weight,
Blue Tokai,6835135709239,2023Q4,the-rich-bold-trio-pack,live,ok,20231209091621,40244505870391,225.0,False,product_page_shipping_weight,
Blue Tokai,6835135709239,2023Q4,the-rich-bold-trio-pack,live,ok,20231209091621,40244505903159,225.0,False,product_page_shipping_weight,
Blue Tokai,6835135709239,2023Q4,the-rich-bold-trio-pack,live,ok,20231209091621,40244505935927,225.0,False,product_page_shipping_weight,
Blue Tokai,6835135709239,2024Q1,the-rich-bold-trio-pack,live,no_snapshot_in_quarter,,,,,,
Blue Tokai,6835135709239,2024Q2,the-rich-bold-trio-pack,live,ok,20240415092247,40244505542711,75.0,False,product_page_text,
Blue Tokai,6835135709239,2024Q2,the-rich-bold-trio-pack,live,ok,20240415092247,40244505575479,75.0,False,product_page_text,
Blue Tokai,6835135709239,2024Q2,the-rich-bold-trio-pack,live,ok,20240415092247,40244505608247,75.0,False,product_page_text,
Blue Tokai,6835135709239,2024Q2,the-rich-bold-trio-pack,live,ok,20240415092247,40244505641015,75.0,False,product_page_text,
Blue Tokai,6835135709239,2024Q2,the-rich-bold-trio-pack,live,ok,20240415092247,40244505673783,75.0,False,product_page_text,
Blue Tokai,6835135709239,2024Q2,the-rich-bold-trio-pack,live,ok,20240415092247,40244505706551,75.0,False,product_page_text,
Blue Tokai,6835135709239,2024Q2,the-rich-bold-trio-pack,live,ok,20240415092247,40244505739319,75.0,False,product_page_text,
Blue Tokai,6835135709239,2024Q2,the-rich-bold-trio-pack,live,ok,20240415092247,40244505772087,75.0,False,product_page_text,
Blue Tokai,6835135709239,2024Q2,the-rich-bold-trio-pack,live,ok,20240415092247,40244505804855,75.0,False,product_page_text,
Blue Tokai,6835135709239,2024Q2,the-rich-bold-trio-pack,live,ok,20240415092247,40244505837623,75.0,False,product_page_text,
Blue Tokai,6835135709239,2024Q2,the-rich-bold-trio-pack,live,ok,20240415092247,40244505870391,75.0,False,product_page_text,
Blue Tokai,6835135709239,2024Q2,the-rich-bold-trio-pack,live,ok,20240415092247,40244505903159,75.0,False,product_page_text,
Blue Tokai,6835135709239,2024Q2,the-rich-bold-trio-pack,live,ok,20240415092247,40244505935927,75.0,False,product_page_text,
Blue Tokai,6835135709239,2024Q3,the-rich-bold-trio-pack,live,ok,20240725163847,40244505542711,75.0,False,product_page_text,
Blue Tokai,6835135709239,2024Q3,the-rich-bold-trio-pack,live,ok,20240725163847,40244505575479,75.0,False,product_page_text,
Blue Tokai,6835135709239,2024Q3,the-rich-bold-trio-pack,live,ok,20240725163847,40244505608247,75.0,False,product_page_text,
Blue Tokai,6835135709239,2024Q3,the-rich-bold-trio-pack,live,ok,20240725163847,40244505641015,75.0,False,product_page_text,
Blue Tokai,6835135709239,2024Q3,the-rich-bold-trio-pack,live,ok,20240725163847,40244505673783,75.0,False,product_page_text,
Blue Tokai,6835135709239,2024Q3,the-rich-bold-trio-pack,live,ok,20240725163847,40244505706551,75.0,False,product_page_text,
Blue Tokai,6835135709239,2024Q3,the-rich-bold-trio-pack,live,ok,20240725163847,40244505739319,75.0,False,product_page_text,
Blue Tokai,6835135709239,2024Q3,the-rich-bold-trio-pack,live,ok,20240725163847,40244505772087,75.0,False,product_page_text,
Blue Tokai,6835135709239,2024Q3,the-rich-bold-trio-pack,live,ok,20240725163847,40244505804855,75.0,False,product_page_text,
Blue Tokai,6835135709239,2024Q3,the-rich-bold-trio-pack,live,ok,20240725163847,40244505837623,75.0,False,product_page_text,
Blue Tokai,6835135709239,2024Q3,the-rich-bold-trio-pack,live,ok,20240725163847,40244505870391,75.0,False,product_page_text,
Blue Tokai,6835135709239,2024Q3,the-rich-bold-trio-pack,live,ok,20240725163847,40244505903159,75.0,False,product_page_text,
Blue Tokai,6835135709239,2024Q3,the-rich-bold-trio-pack,live,ok,20240725163847,40244505935927,75.0,False,product_page_text,
Blue Tokai,6835135709239,2024Q4,the-rich-bold-trio-pack,live,ok,20241112155320,40244505542711,75.0,False,product_page_text,
Blue Tokai,6835135709239,2024Q4,the-rich-bold-trio-pack,live,ok,20241112155320,40244505575479,75.0,False,product_page_text,
Blue Tokai,6835135709239,2024Q4,the-rich-bold-trio-pack,live,ok,20241112155320,40244505608247,75.0,False,product_page_text,
Blue Tokai,6835135709239,2024Q4,the-rich-bold-trio-pack,live,ok,20241112155320,40244505641015,75.0,False,product_page_text,
Blue Tokai,6835135709239,2024Q4,the-rich-bold-trio-pack,live,ok,20241112155320,40244505673783,75.0,False,product_page_text,
Blue Tokai,6835135709239,2024Q4,the-rich-bold-trio-pack,live,ok,20241112155320,40244505706551,75.0,False,product_page_text,
Blue Tokai,6835135709239,2024Q4,the-rich-bold-trio-pack,live,ok,20241112155320,40244505739319,75.0,False,product_page_text,
Blue Tokai,6835135709239,2024Q4,the-rich-bold-trio-pack,live,ok,20241112155320,40244505772087,75.0,False,product_page_text,
Blue Tokai,6835135709239,2024Q4,the-rich-bold-trio-pack,live,ok,20241112155320,40244505804855,75.0,False,product_page_text,
Blue Tokai,6835135709239,2024Q4,the-rich-bold-trio-pack,live,ok,20241112155320,40244505837623,75.0,False,product_page_text,
Blue Tokai,6835135709239,2024Q4,the-rich-bold-trio-pack,live,ok,20241112155320,40244505870391,75.0,False,product_page_text,
Blue Tokai,6835135709239,2024Q4,the-rich-bold-trio-pack,live,ok,20241112155320,40244505903159,75.0,False,product_page_text,
Blue Tokai,6835135709239,2024Q4,the-rich-bold-trio-pack,live,ok,20241112155320,40244505935927,75.0,False,product_page_text,
Blue Tokai,6835135709239,2025Q1,the-rich-bold-trio-pack,live,ok,20250213040356,40244505542711,75.0,False,product_page_text,
Blue Tokai,6835135709239,2025Q1,the-rich-bold-trio-pack,live,ok,20250213040356,40244505575479,75.0,False,product_page_text,
Blue Tokai,6835135709239,2025Q1,the-rich-bold-trio-pack,live,ok,20250213040356,40244505608247,75.0,False,product_page_text,
Blue Tokai,6835135709239,2025Q1,the-rich-bold-trio-pack,live,ok,20250213040356,40244505641015,75.0,False,product_page_text,
Blue Tokai,6835135709239,2025Q1,the-rich-bold-trio-pack,live,ok,20250213040356,40244505673783,75.0,False,product_page_text,
Blue Tokai,6835135709239,2025Q1,the-rich-bold-trio-pack,live,ok,20250213040356,40244505706551,75.0,False,product_page_text,
Blue Tokai,6835135709239,2025Q1,the-rich-bold-trio-pack,live,ok,20250213040356,40244505739319,75.0,False,product_page_text,
Blue Tokai,6835135709239,2025Q1,the-rich-bold-trio-pack,live,ok,20250213040356,40244505772087,75.0,False,product_page_text,
Blue Tokai,6835135709239,2025Q1,the-rich-bold-trio-pack,live,ok,20250213040356,40244505804855,75.0,False,product_page_text,
Blue Tokai,6835135709239,2025Q1,the-rich-bold-trio-pack,live,ok,20250213040356,40244505837623,75.0,False,product_page_text,
Blue Tokai,6835135709239,2025Q1,the-rich-bold-trio-pack,live,ok,20250213040356,40244505870391,75.0,False,product_page_text,
Blue Tokai,6835135709239,2025Q1,the-rich-bold-trio-pack,live,ok,20250213040356,40244505903159,75.0,False,product_page_text,
Blue Tokai,6835135709239,2025Q1,the-rich-bold-trio-pack,live,ok,20250213040356,40244505935927,75.0,False,product_page_text,
Blue Tokai,6835135709239,2025Q2,the-rich-bold-trio-pack,live,ok,20250619214044,40244505542711,75.0,False,product_page_text,
Blue Tokai,6835135709239,2025Q2,the-rich-bold-trio-pack,live,ok,20250619214044,40244505575479,75.0,False,product_page_text,
Blue Tokai,6835135709239,2025Q2,the-rich-bold-trio-pack,live,ok,20250619214044,40244505608247,75.0,False,product_page_text,
Blue Tokai,6835135709239,2025Q2,the-rich-bold-trio-pack,live,ok,20250619214044,40244505641015,75.0,False,product_page_text,
Blue Tokai,6835135709239,2025Q2,the-rich-bold-trio-pack,live,ok,20250619214044,40244505673783,75.0,False,product_page_text,
Blue Tokai,6835135709239,2025Q2,the-rich-bold-trio-pack,live,ok,20250619214044,40244505706551,75.0,False,product_page_text,
Blue Tokai,6835135709239,2025Q2,the-rich-bold-trio-pack,live,ok,20250619214044,40244505739319,75.0,False,product_page_text,
Blue Tokai,6835135709239,2025Q2,the-rich-bold-trio-pack,live,ok,20250619214044,40244505772087,75.0,False,product_page_text,
Blue Tokai,6835135709239,2025Q2,the-rich-bold-trio-pack,live,ok,20250619214044,40244505804855,75.0,False,product_page_text,
Blue Tokai,6835135709239,2025Q2,the-rich-bold-trio-pack,live,ok,20250619214044,40244505837623,75.0,False,product_page_text,
Blue Tokai,6835135709239,2025Q2,the-rich-bold-trio-pack,live,ok,20250619214044,40244505870391,75.0,False,product_page_text,
Blue Tokai,6835135709239,2025Q2,the-rich-bold-trio-pack,live,ok,20250619214044,40244505903159,75.0,False,product_page_text,
Blue Tokai,6835135709239,2025Q2,the-rich-bold-trio-pack,live,ok,20250619214044,40244505935927,75.0,False,product_page_text,
Blue Tokai,6835135709239,2025Q3,the-rich-bold-trio-pack,live,ok,20250906194751,40244505542711,75.0,False,product_page_text,
Blue Tokai,6835135709239,2025Q3,the-rich-bold-trio-pack,live,ok,20250906194751,40244505575479,75.0,False,product_page_text,
Blue Tokai,6835135709239,2025Q3,the-rich-bold-trio-pack,live,ok,20250906194751,40244505608247,75.0,False,product_page_text,
Blue Tokai,6835135709239,2025Q3,the-rich-bold-trio-pack,live,ok,20250906194751,40244505641015,75.0,False,product_page_text,
Blue Tokai,6835135709239,2025Q3,the-rich-bold-trio-pack,live,ok,20250906194751,40244505673783,75.0,False,product_page_text,
Blue Tokai,6835135709239,2025Q3,the-rich-bold-trio-pack,live,ok,20250906194751,40244505706551,75.0,False,product_page_text,
Blue Tokai,6835135709239,2025Q3,the-rich-bold-trio-pack,live,ok,20250906194751,40244505739319,75.0,False,product_page_text,
Blue Tokai,6835135709239,2025Q3,the-rich-bold-trio-pack,live,ok,20250906194751,40244505772087,75.0,False,product_page_text,
Blue Tokai,6835135709239,2025Q3,the-rich-bold-trio-pack,live,ok,20250906194751,40244505804855,75.0,False,product_page_text,
Blue Tokai,6835135709239,2025Q3,the-rich-bold-trio-pack,live,ok,20250906194751,40244505837623,75.0,False,product_page_text,
Blue Tokai,6835135709239,2025Q3,the-rich-bold-trio-pack,live,ok,20250906194751,40244505870391,75.0,False,product_page_text,
Blue Tokai,6835135709239,2025Q3,the-rich-bold-trio-pack,live,ok,20250906194751,40244505903159,75.0,False,product_page_text,
Blue Tokai,6835135709239,2025Q3,the-rich-bold-trio-pack,live,ok,20250906194751,40244505935927,75.0,False,product_page_text,
Blue Tokai,6835135709239,2025Q4,the-rich-bold-trio-pack,live,ok,20251006074852,40244505542711,75.0,False,product_page_text,
Blue Tokai,6835135709239,2025Q4,the-rich-bold-trio-pack,live,ok,20251006074852,40244505575479,75.0,False,product_page_text,
Blue Tokai,6835135709239,2025Q4,the-rich-bold-trio-pack,live,ok,20251006074852,40244505608247,75.0,False,product_page_text,
Blue Tokai,6835135709239,2025Q4,the-rich-bold-trio-pack,live,ok,20251006074852,40244505641015,75.0,False,product_page_text,
Blue Tokai,6835135709239,2025Q4,the-rich-bold-trio-pack,live,ok,20251006074852,40244505673783,75.0,False,product_page_text,
Blue Tokai,6835135709239,2025Q4,the-rich-bold-trio-pack,live,ok,20251006074852,40244505706551,75.0,False,product_page_text,
Blue Tokai,6835135709239,2025Q4,the-rich-bold-trio-pack,live,ok,20251006074852,40244505739319,75.0,False,product_page_text,
Blue Tokai,6835135709239,2025Q4,the-rich-bold-trio-pack,live,ok,20251006074852,40244505772087,75.0,False,product_page_text,
Blue Tokai,6835135709239,2025Q4,the-rich-bold-trio-pack,live,ok,20251006074852,40244505804855,75.0,False,product_page_text,
Blue Tokai,6835135709239,2025Q4,the-rich-bold-trio-pack,live,ok,20251006074852,40244505837623,75.0,False,product_page_text,
Blue Tokai,6835135709239,2025Q4,the-rich-bold-trio-pack,live,ok,20251006074852,40244505870391,75.0,False,product_page_text,
Blue Tokai,6835135709239,2025Q4,the-rich-bold-trio-pack,live,ok,20251006074852,40244505903159,75.0,False,product_page_text,
Blue Tokai,6835135709239,2025Q4,the-rich-bold-trio-pack,live,ok,20251006074852,40244505935927,75.0,False,product_page_text,
Blue Tokai,6835135709239,2026Q1,the-rich-bold-trio-pack,live,no_snapshot_in_quarter,,,,,,
Blue Tokai,6835135709239,2026Q2,the-rich-bold-trio-pack,live,no_snapshot_in_quarter,,,,,,
Blue Tokai,6878196498487,2023Q4,,unmapped,unmapped,,,,,,
Blue Tokai,6916026892343,2024Q1,central-washing-station,title_slug,no_snapshot_in_quarter,,,,,,
Blue Tokai,6920318943287,2024Q1,sampigehoney-estate,cdx_prefix,no_snapshot_in_quarter,,,,,,
Blue Tokai,6920334147639,2024Q1,silver-oak-blend,cdx_prefix,ok,20240302202043,40086457385015,250.0,False,product_page_variant,
Blue Tokai,6920334147639,2024Q1,silver-oak-blend,cdx_prefix,ok,20240302202043,40086457417783,250.0,False,product_page_variant,
Blue Tokai,6920334147639,2024Q1,silver-oak-blend,cdx_prefix,ok,20240302202043,40086457450551,250.0,False,product_page_variant,
Blue Tokai,6920334147639,2024Q1,silver-oak-blend,cdx_prefix,ok,20240302202043,40086457483319,250.0,False,product_page_variant,
Blue Tokai,6920334147639,2024Q1,silver-oak-blend,cdx_prefix,ok,20240302202043,40086457516087,250.0,False,product_page_variant,
Blue Tokai,6920334147639,2024Q1,silver-oak-blend,cdx_prefix,ok,20240302202043,40086457548855,250.0,False,product_page_variant,
Blue Tokai,6920334147639,2024Q1,silver-oak-blend,cdx_prefix,ok,20240302202043,40086457581623,250.0,False,product_page_variant,
Blue Tokai,6920334147639,2024Q1,silver-oak-blend,cdx_prefix,ok,20240302202043,40086457614391,250.0,False,product_page_variant,
Blue Tokai,6920334147639,2024Q1,silver-oak-blend,cdx_prefix,ok,20240302202043,40086457647159,250.0,False,product_page_variant,
Blue Tokai,6920334147639,2024Q1,silver-oak-blend,cdx_prefix,ok,20240302202043,40086457679927,250.0,False,product_page_variant,
Blue Tokai,6920334147639,2024Q1,silver-oak-blend,cdx_prefix,ok,20240302202043,40086457712695,250.0,False,product_page_variant,
Blue Tokai,6920334147639,2024Q1,silver-oak-blend,cdx_prefix,ok,20240302202043,40086457745463,250.0,False,product_page_variant,
Blue Tokai,6920334147639,2024Q1,silver-oak-blend,cdx_prefix,ok,20240302202043,40086457778231,250.0,False,product_page_variant,
Blue Tokai,6920334147639,2024Q1,silver-oak-blend,cdx_prefix,ok,20240302202043,40086457810999,500.0,False,product_page_variant,
Blue Tokai,6920334147639,2024Q1,silver-oak-blend,cdx_prefix,ok,20240302202043,40086457843767,500.0,False,product_page_variant,
Blue Tokai,6920334147639,2024Q1,silver-oak-blend,cdx_prefix,ok,20240302202043,40086457876535,500.0,False,product_page_variant,
Blue Tokai,6920334147639,2024Q1,silver-oak-blend,cdx_prefix,ok,20240302202043,40086457909303,500.0,False,product_page_variant,
Blue Tokai,6920334147639,2024Q1,silver-oak-blend,cdx_prefix,ok,20240302202043,40086457942071,500.0,False,product_page_variant,
Blue Tokai,6920334147639,2024Q1,silver-oak-blend,cdx_prefix,ok,20240302202043,40086457974839,500.0,False,product_page_variant,
Blue Tokai,6920334147639,2024Q1,silver-oak-blend,cdx_prefix,ok,20240302202043,40086458007607,500.0,False,product_page_variant,
Blue Tokai,6920334147639,2024Q1,silver-oak-blend,cdx_prefix,ok,20240302202043,40086458040375,500.0,False,product_page_variant,
Blue Tokai,6920334147639,2024Q1,silver-oak-blend,cdx_prefix,ok,20240302202043,40086458073143,500.0,False,product_page_variant,
Blue Tokai,6920334147639,2024Q1,silver-oak-blend,cdx_prefix,ok,20240302202043,40086458105911,500.0,False,product_page_variant,
Blue Tokai,6920334147639,2024Q1,silver-oak-blend,cdx_prefix,ok,20240302202043,40086458138679,500.0,False,product_page_variant,
Blue Tokai,6920334147639,2024Q1,silver-oak-blend,cdx_prefix,ok,20240302202043,40086458171447,500.0,False,product_page_variant,
Blue Tokai,6920334147639,2024Q1,silver-oak-blend,cdx_prefix,ok,20240302202043,40086458204215,500.0,False,product_page_variant,
Blue Tokai,6920334147639,2024Q1,silver-oak-blend,cdx_prefix,ok,20240302202043,40086458236983,1000.0,False,product_page_variant,
Blue Tokai,6920334147639,2024Q1,silver-oak-blend,cdx_prefix,ok,20240302202043,40086458269751,1000.0,False,product_page_variant,
Blue Tokai,6920334147639,2024Q1,silver-oak-blend,cdx_prefix,ok,20240302202043,40086458302519,1000.0,False,product_page_variant,
Blue Tokai,6920334147639,2024Q1,silver-oak-blend,cdx_prefix,ok,20240302202043,40086458335287,1000.0,False,product_page_variant,
Blue Tokai,6920334147639,2024Q1,silver-oak-blend,cdx_prefix,ok,20240302202043,40086458368055,1000.0,False,product_page_variant,
Blue Tokai,6920334147639,2024Q1,silver-oak-blend,cdx_prefix,ok,20240302202043,40086458400823,1000.0,False,product_page_variant,
Blue Tokai,6920334147639,2024Q1,silver-oak-blend,cdx_prefix,ok,20240302202043,40086458433591,1000.0,False,product_page_variant,
Blue Tokai,6920334147639,2024Q1,silver-oak-blend,cdx_prefix,ok,20240302202043,40086458466359,1000.0,False,product_page_variant,
Blue Tokai,6920334147639,2024Q1,silver-oak-blend,cdx_prefix,ok,20240302202043,40086458499127,1000.0,False,product_page_variant,
Blue Tokai,6920334147639,2024Q1,silver-oak-blend,cdx_prefix,ok,20240302202043,40086458531895,1000.0,False,product_page_variant,
Blue Tokai,6920334147639,2024Q1,silver-oak-blend,cdx_prefix,ok,20240302202043,40086458564663,1000.0,False,product_page_variant,
Blue Tokai,6920334147639,2024Q1,silver-oak-blend,cdx_prefix,ok,20240302202043,40086458597431,1000.0,False,product_page_variant,
Blue Tokai,6920334147639,2024Q1,silver-oak-blend,cdx_prefix,ok,20240302202043,40086458630199,1000.0,False,product_page_variant,
Blue Tokai,6953214869559,2024Q2,5-in-1-explorer-pack,live,ok,20240417185330,40655953854519,75.0,False,product_page_text,
Blue Tokai,6953214869559,2024Q2,5-in-1-explorer-pack,live,ok,20240417185330,40655953887287,75.0,False,product_page_text,
Blue Tokai,6953214869559,2024Q2,5-in-1-explorer-pack,live,ok,20240417185330,40655953920055,75.0,False,product_page_text,
Blue Tokai,6953214869559,2024Q2,5-in-1-explorer-pack,live,ok,20240417185330,40655953952823,75.0,False,product_page_text,
Blue Tokai,6953214869559,2024Q2,5-in-1-explorer-pack,live,ok,20240417185330,40655953985591,75.0,False,product_page_text,
Blue Tokai,6953214869559,2024Q2,5-in-1-explorer-pack,live,ok,20240417185330,40655954018359,75.0,False,product_page_text,
Blue Tokai,6953214869559,2024Q2,5-in-1-explorer-pack,live,ok,20240417185330,40655954051127,75.0,False,product_page_text,
Blue Tokai,6953214869559,2024Q2,5-in-1-explorer-pack,live,ok,20240417185330,40655954083895,75.0,False,product_page_text,
Blue Tokai,6953214869559,2024Q2,5-in-1-explorer-pack,live,ok,20240417185330,40655954116663,75.0,False,product_page_text,
Blue Tokai,6953214869559,2024Q2,5-in-1-explorer-pack,live,ok,20240417185330,40655954149431,75.0,False,product_page_text,
Blue Tokai,6953214869559,2024Q2,5-in-1-explorer-pack,live,ok,20240417185330,40655954214967,75.0,False,product_page_text,
Blue Tokai,6953214869559,2024Q2,5-in-1-explorer-pack,live,ok,20240417185330,40655954247735,75.0,False,product_page_text,
Blue Tokai,6953214869559,2024Q2,5-in-1-explorer-pack,live,ok,20240417185330,40655954280503,75.0,False,product_page_text,
Blue Tokai,6953214869559,2024Q3,5-in-1-explorer-pack,live,ok,20240725160924,40655953854519,75.0,False,product_page_text,
Blue Tokai,6953214869559,2024Q3,5-in-1-explorer-pack,live,ok,20240725160924,40655953887287,75.0,False,product_page_text,
Blue Tokai,6953214869559,2024Q3,5-in-1-explorer-pack,live,ok,20240725160924,40655953920055,75.0,False,product_page_text,
Blue Tokai,6953214869559,2024Q3,5-in-1-explorer-pack,live,ok,20240725160924,40655953952823,75.0,False,product_page_text,
Blue Tokai,6953214869559,2024Q3,5-in-1-explorer-pack,live,ok,20240725160924,40655953985591,75.0,False,product_page_text,
Blue Tokai,6953214869559,2024Q3,5-in-1-explorer-pack,live,ok,20240725160924,40655954018359,75.0,False,product_page_text,
Blue Tokai,6953214869559,2024Q3,5-in-1-explorer-pack,live,ok,20240725160924,40655954051127,75.0,False,product_page_text,
Blue Tokai,6953214869559,2024Q3,5-in-1-explorer-pack,live,ok,20240725160924,40655954083895,75.0,False,product_page_text,
Blue Tokai,6953214869559,2024Q3,5-in-1-explorer-pack,live,ok,20240725160924,40655954116663,75.0,False,product_page_text,
Blue Tokai,6953214869559,2024Q3,5-in-1-explorer-pack,live,ok,20240725160924,40655954149431,75.0,False,product_page_text,
Blue Tokai,6953214869559,2024Q3,5-in-1-explorer-pack,live,ok,20240725160924,40655954214967,75.0,False,product_page_text,
Blue Tokai,6953214869559,2024Q3,5-in-1-explorer-pack,live,ok,20240725160924,40655954247735,75.0,False,product_page_text,
Blue Tokai,6953214869559,2024Q3,5-in-1-explorer-pack,live,ok,20240725160924,40655954280503,75.0,False,product_page_text,
Blue Tokai,6953214869559,2024Q4,5-in-1-explorer-pack,live,no_snapshot_in_quarter,,,,,,
Blue Tokai,6953214869559,2025Q1,5-in-1-explorer-pack,live,ok,20250125031600,40655953887287,75.0,False,product_page_text,
Blue Tokai,6953214869559,2025Q1,5-in-1-explorer-pack,live,ok,20250125031600,40655953920055,75.0,False,product_page_text,
Blue Tokai,6953214869559,2025Q1,5-in-1-explorer-pack,live,ok,20250125031600,40655953952823,75.0,False,product_page_text,
Blue Tokai,6953214869559,2025Q1,5-in-1-explorer-pack,live,ok,20250125031600,40655953985591,75.0,False,product_page_text,
Blue Tokai,6953214869559,2025Q1,5-in-1-explorer-pack,live,ok,20250125031600,40655954018359,75.0,False,product_page_text,
Blue Tokai,6953214869559,2025Q1,5-in-1-explorer-pack,live,ok,20250125031600,40655954051127,75.0,False,product_page_text,
Blue Tokai,6953214869559,2025Q1,5-in-1-explorer-pack,live,ok,20250125031600,40655954083895,75.0,False,product_page_text,
Blue Tokai,6953214869559,2025Q1,5-in-1-explorer-pack,live,ok,20250125031600,40655954116663,75.0,False,product_page_text,
Blue Tokai,6953214869559,2025Q1,5-in-1-explorer-pack,live,ok,20250125031600,40655954149431,75.0,False,product_page_text,
Blue Tokai,6953214869559,2025Q1,5-in-1-explorer-pack,live,ok,20250125031600,40655954214967,75.0,False,product_page_text,
Blue Tokai,6953214869559,2025Q1,5-in-1-explorer-pack,live,ok,20250125031600,40655954247735,75.0,False,product_page_text,
Blue Tokai,6953214869559,2025Q1,5-in-1-explorer-pack,live,ok,20250125031600,40655954280503,75.0,False,product_page_text,
Blue Tokai,6953214869559,2025Q1,5-in-1-explorer-pack,live,ok,20250125031600,40655953854519,75.0,False,product_page_text,
Blue Tokai,6953214869559,2025Q2,5-in-1-explorer-pack,live,ok,20250614011849,40655953887287,75.0,False,product_page_text,
Blue Tokai,6953214869559,2025Q2,5-in-1-explorer-pack,live,ok,20250614011849,40655953920055,75.0,False,product_page_text,
Blue Tokai,6953214869559,2025Q2,5-in-1-explorer-pack,live,ok,20250614011849,40655953952823,75.0,False,product_page_text,
Blue Tokai,6953214869559,2025Q2,5-in-1-explorer-pack,live,ok,20250614011849,40655953985591,75.0,False,product_page_text,
Blue Tokai,6953214869559,2025Q2,5-in-1-explorer-pack,live,ok,20250614011849,40655954018359,75.0,False,product_page_text,
Blue Tokai,6953214869559,2025Q2,5-in-1-explorer-pack,live,ok,20250614011849,40655954051127,75.0,False,product_page_text,
Blue Tokai,6953214869559,2025Q2,5-in-1-explorer-pack,live,ok,20250614011849,40655954083895,75.0,False,product_page_text,
Blue Tokai,6953214869559,2025Q2,5-in-1-explorer-pack,live,ok,20250614011849,40655954116663,75.0,False,product_page_text,
Blue Tokai,6953214869559,2025Q2,5-in-1-explorer-pack,live,ok,20250614011849,40655954149431,75.0,False,product_page_text,
Blue Tokai,6953214869559,2025Q2,5-in-1-explorer-pack,live,ok,20250614011849,40655954214967,75.0,False,product_page_text,
Blue Tokai,6953214869559,2025Q2,5-in-1-explorer-pack,live,ok,20250614011849,40655954247735,75.0,False,product_page_text,
Blue Tokai,6953214869559,2025Q2,5-in-1-explorer-pack,live,ok,20250614011849,40655954280503,75.0,False,product_page_text,
Blue Tokai,6953214869559,2025Q2,5-in-1-explorer-pack,live,ok,20250614011849,40655953854519,75.0,False,product_page_text,
Blue Tokai,6953214869559,2025Q3,5-in-1-explorer-pack,live,ok,20250808141356,40655953887287,75.0,False,product_page_text,
Blue Tokai,6953214869559,2025Q3,5-in-1-explorer-pack,live,ok,20250808141356,40655953920055,75.0,False,product_page_text,
Blue Tokai,6953214869559,2025Q3,5-in-1-explorer-pack,live,ok,20250808141356,40655953952823,75.0,False,product_page_text,
Blue Tokai,6953214869559,2025Q3,5-in-1-explorer-pack,live,ok,20250808141356,40655953985591,75.0,False,product_page_text,
Blue Tokai,6953214869559,2025Q3,5-in-1-explorer-pack,live,ok,20250808141356,40655954018359,75.0,False,product_page_text,
Blue Tokai,6953214869559,2025Q3,5-in-1-explorer-pack,live,ok,20250808141356,40655954051127,75.0,False,product_page_text,
Blue Tokai,6953214869559,2025Q3,5-in-1-explorer-pack,live,ok,20250808141356,40655954083895,75.0,False,product_page_text,
Blue Tokai,6953214869559,2025Q3,5-in-1-explorer-pack,live,ok,20250808141356,40655954116663,75.0,False,product_page_text,
Blue Tokai,6953214869559,2025Q3,5-in-1-explorer-pack,live,ok,20250808141356,40655954149431,75.0,False,product_page_text,
Blue Tokai,6953214869559,2025Q3,5-in-1-explorer-pack,live,ok,20250808141356,40655954214967,75.0,False,product_page_text,
Blue Tokai,6953214869559,2025Q3,5-in-1-explorer-pack,live,ok,20250808141356,40655954247735,75.0,False,product_page_text,
Blue Tokai,6953214869559,2025Q3,5-in-1-explorer-pack,live,ok,20250808141356,40655954280503,75.0,False,product_page_text,
Blue Tokai,6953214869559,2025Q3,5-in-1-explorer-pack,live,ok,20250808141356,40655953854519,75.0,False,product_page_text,
Blue Tokai,6953214869559,2025Q4,5-in-1-explorer-pack,live,ok,20251028151947,40655953887287,75.0,False,product_page_text,
Blue Tokai,6953214869559,2025Q4,5-in-1-explorer-pack,live,ok,20251028151947,40655953920055,75.0,False,product_page_text,
Blue Tokai,6953214869559,2025Q4,5-in-1-explorer-pack,live,ok,20251028151947,40655953952823,75.0,False,product_page_text,
Blue Tokai,6953214869559,2025Q4,5-in-1-explorer-pack,live,ok,20251028151947,40655953985591,75.0,False,product_page_text,
Blue Tokai,6953214869559,2025Q4,5-in-1-explorer-pack,live,ok,20251028151947,40655954018359,75.0,False,product_page_text,
Blue Tokai,6953214869559,2025Q4,5-in-1-explorer-pack,live,ok,20251028151947,40655954051127,75.0,False,product_page_text,
Blue Tokai,6953214869559,2025Q4,5-in-1-explorer-pack,live,ok,20251028151947,40655954083895,75.0,False,product_page_text,
Blue Tokai,6953214869559,2025Q4,5-in-1-explorer-pack,live,ok,20251028151947,40655954116663,75.0,False,product_page_text,
Blue Tokai,6953214869559,2025Q4,5-in-1-explorer-pack,live,ok,20251028151947,40655954149431,75.0,False,product_page_text,
Blue Tokai,6953214869559,2025Q4,5-in-1-explorer-pack,live,ok,20251028151947,40655954214967,75.0,False,product_page_text,
Blue Tokai,6953214869559,2025Q4,5-in-1-explorer-pack,live,ok,20251028151947,40655954247735,75.0,False,product_page_text,
Blue Tokai,6953214869559,2025Q4,5-in-1-explorer-pack,live,ok,20251028151947,40655954280503,75.0,False,product_page_text,
Blue Tokai,6953214869559,2025Q4,5-in-1-explorer-pack,live,ok,20251028151947,40655953854519,75.0,False,product_page_text,
Blue Tokai,6953214869559,2026Q1,5-in-1-explorer-pack,live,no_snapshot_in_quarter,,,,,,
Blue Tokai,6953214869559,2026Q2,5-in-1-explorer-pack,live,ok,20260429221018,40655953887287,75.0,False,product_page_text,1170.0
Blue Tokai,6953214869559,2026Q2,5-in-1-explorer-pack,live,ok,20260429221018,40655953920055,75.0,False,product_page_text,1170.0
Blue Tokai,6953214869559,2026Q2,5-in-1-explorer-pack,live,ok,20260429221018,40655953952823,75.0,False,product_page_text,1170.0
Blue Tokai,6953214869559,2026Q2,5-in-1-explorer-pack,live,ok,20260429221018,40655953985591,75.0,False,product_page_text,1170.0
Blue Tokai,6953214869559,2026Q2,5-in-1-explorer-pack,live,ok,20260429221018,40655954018359,75.0,False,product_page_text,1170.0
Blue Tokai,6953214869559,2026Q2,5-in-1-explorer-pack,live,ok,20260429221018,40655954051127,75.0,False,product_page_text,1170.0
Blue Tokai,6953214869559,2026Q2,5-in-1-explorer-pack,live,ok,20260429221018,40655954083895,75.0,False,product_page_text,1170.0
Blue Tokai,6953214869559,2026Q2,5-in-1-explorer-pack,live,ok,20260429221018,40655954116663,75.0,False,product_page_text,1170.0
Blue Tokai,6953214869559,2026Q2,5-in-1-explorer-pack,live,ok,20260429221018,40655954149431,75.0,False,product_page_text,1170.0
Blue Tokai,6953214869559,2026Q2,5-in-1-explorer-pack,live,ok,20260429221018,40655954214967,75.0,False,product_page_text,1170.0
Blue Tokai,6953214869559,2026Q2,5-in-1-explorer-pack,live,ok,20260429221018,40655954247735,75.0,False,product_page_text,1170.0
Blue Tokai,6953214869559,2026Q2,5-in-1-explorer-pack,live,ok,20260429221018,40655954280503,75.0,False,product_page_text,1170.0
Blue Tokai,6953214869559,2026Q2,5-in-1-explorer-pack,live,ok,20260429221018,40655953854519,75.0,False,product_page_text,1170.0
Blue Tokai,7180851380279,2024Q4,origin-unhurried-chikmagalur-pack,title_slug,ok,20241106144913,41308723478583,75.0,False,product_page_text,
Blue Tokai,7180851380279,2024Q4,origin-unhurried-chikmagalur-pack,title_slug,ok,20241106144913,41308723511351,75.0,False,product_page_text,
Blue Tokai,7180851380279,2024Q4,origin-unhurried-chikmagalur-pack,title_slug,ok,20241106144913,41308723544119,75.0,False,product_page_text,
Blue Tokai,7180851380279,2024Q4,origin-unhurried-chikmagalur-pack,title_slug,ok,20241106144913,41308723576887,75.0,False,product_page_text,
Blue Tokai,7180851380279,2024Q4,origin-unhurried-chikmagalur-pack,title_slug,ok,20241106144913,41308723609655,75.0,False,product_page_text,
Blue Tokai,7180851380279,2024Q4,origin-unhurried-chikmagalur-pack,title_slug,ok,20241106144913,41308723642423,75.0,False,product_page_text,
Blue Tokai,7180851380279,2024Q4,origin-unhurried-chikmagalur-pack,title_slug,ok,20241106144913,41308723675191,75.0,False,product_page_text,
Blue Tokai,7180851380279,2024Q4,origin-unhurried-chikmagalur-pack,title_slug,ok,20241106144913,41308723707959,75.0,False,product_page_text,
Blue Tokai,7180851380279,2024Q4,origin-unhurried-chikmagalur-pack,title_slug,ok,20241106144913,41308723740727,75.0,False,product_page_text,
Blue Tokai,7180851380279,2024Q4,origin-unhurried-chikmagalur-pack,title_slug,ok,20241106144913,41308723773495,75.0,False,product_page_text,
Blue Tokai,7180851380279,2024Q4,origin-unhurried-chikmagalur-pack,title_slug,ok,20241106144913,41308723806263,75.0,False,product_page_text,
Blue Tokai,7180851380279,2024Q4,origin-unhurried-chikmagalur-pack,title_slug,ok,20241106144913,41308723839031,75.0,False,product_page_text,
Blue Tokai,7180851380279,2024Q4,origin-unhurried-chikmagalur-pack,title_slug,ok,20241106144913,41308723871799,75.0,False,product_page_text,
Blue Tokai,7203513761847,2024Q4,origin-unhurried-araku-valley-pack,title_slug,no_snapshot_in_quarter,,,,,,
Blue Tokai,7314721898551,2025Q3,the-monsoon-trio,live,ok,20250811071122,41771243667511,75.0,False,product_page_text,
Blue Tokai,7314721898551,2025Q3,the-monsoon-trio,live,ok,20250811071122,41771243700279,75.0,False,product_page_text,
Blue Tokai,7314721898551,2025Q3,the-monsoon-trio,live,ok,20250811071122,41771243733047,75.0,False,product_page_text,
Blue Tokai,7314721898551,2025Q3,the-monsoon-trio,live,ok,20250811071122,41771243765815,75.0,False,product_page_text,
Blue Tokai,7314721898551,2025Q3,the-monsoon-trio,live,ok,20250811071122,41771243798583,75.0,False,product_page_text,
Blue Tokai,7314721898551,2025Q3,the-monsoon-trio,live,ok,20250811071122,41771243831351,75.0,False,product_page_text,
Blue Tokai,7314721898551,2025Q3,the-monsoon-trio,live,ok,20250811071122,41771243864119,75.0,False,product_page_text,
Blue Tokai,7314721898551,2025Q3,the-monsoon-trio,live,ok,20250811071122,41771243896887,75.0,False,product_page_text,
Blue Tokai,7314721898551,2025Q3,the-monsoon-trio,live,ok,20250811071122,41771243929655,75.0,False,product_page_text,
Blue Tokai,7314721898551,2025Q3,the-monsoon-trio,live,ok,20250811071122,41771243962423,75.0,False,product_page_text,
Blue Tokai,7314721898551,2025Q3,the-monsoon-trio,live,ok,20250811071122,41771243995191,75.0,False,product_page_text,
Blue Tokai,7314721898551,2025Q3,the-monsoon-trio,live,ok,20250811071122,41771244027959,75.0,False,product_page_text,
Blue Tokai,7314721898551,2025Q3,the-monsoon-trio,live,ok,20250811071122,41771244060727,75.0,False,product_page_text,
Kapi Kottai,8150518136994,2024Q1,anuswaram-3,title_slug,ok,20240225174349,43961362514082,100.0,False,product_page_text,
Kapi Kottai,8150518136994,2024Q1,anuswaram-3,title_slug,ok,20240225174349,43961362546850,100.0,False,product_page_text,
Kapi Kottai,8150518136994,2024Q1,anuswaram-3,title_slug,ok,20240225174349,43961362579618,100.0,False,product_page_text,
Kapi Kottai,8150518136994,2024Q1,anuswaram-3,title_slug,ok,20240225174349,43961362612386,100.0,False,product_page_text,
Kapi Kottai,8150518136994,2024Q1,anuswaram-3,title_slug,ok,20240225174349,43961362645154,100.0,False,product_page_text,
Kapi Kottai,8150518136994,2024Q1,anuswaram-3,title_slug,ok,20240225174349,43961362677922,100.0,False,product_page_text,
Kapi Kottai,8150518136994,2024Q1,anuswaram-3,title_slug,ok,20240225174349,43961362710690,100.0,False,product_page_text,
Kapi Kottai,8150518136994,2024Q1,anuswaram-3,title_slug,ok,20240225174349,43961362743458,100.0,False,product_page_text,
Kapi Kottai,8150518136994,2024Q1,anuswaram-3,title_slug,ok,20240225174349,43961362776226,100.0,False,product_page_text,
Kapi Kottai,8150518136994,2024Q1,anuswaram-3,title_slug,ok,20240225174349,43961362808994,100.0,False,product_page_text,
Kapi Kottai,8150518136994,2024Q3,anuswaram-3,title_slug,no_snapshot_in_quarter,,,,,,
Subko,4749543342139,2023Q1,woodway-estate-washed-process-india,cdx_prefix,ok,20230327211151,35883726667930,250.0,False,product_page_variant,
Subko,4749543342139,2023Q1,woodway-estate-washed-process-india,cdx_prefix,ok,20230327211151,35883726700698,250.0,False,product_page_variant,
Subko,4749543342139,2023Q1,woodway-estate-washed-process-india,cdx_prefix,ok,20230327211151,35883726733466,250.0,False,product_page_variant,
Subko,4749543342139,2023Q1,woodway-estate-washed-process-india,cdx_prefix,ok,20230327211151,35883726766234,250.0,False,product_page_variant,
Subko,4749543342139,2023Q1,woodway-estate-washed-process-india,cdx_prefix,ok,20230327211151,35883726799002,250.0,False,product_page_variant,
Subko,4749543342139,2023Q1,woodway-estate-washed-process-india,cdx_prefix,ok,20230327211151,35883726831770,250.0,False,product_page_variant,
Subko,4749543342139,2023Q1,woodway-estate-washed-process-india,cdx_prefix,ok,20230327211151,35883726864538,250.0,False,product_page_variant,
Subko,4749543342139,2023Q1,woodway-estate-washed-process-india,cdx_prefix,ok,20230327211151,35883726897306,250.0,False,product_page_variant,
Subko,4749543342139,2023Q1,woodway-estate-washed-process-india,cdx_prefix,ok,20230327211151,35883726930074,250.0,False,product_page_variant,
Subko,4749543342139,2023Q1,woodway-estate-washed-process-india,cdx_prefix,ok,20230327211151,35883726962842,250.0,False,product_page_variant,
Subko,4749543342139,2023Q1,woodway-estate-washed-process-india,cdx_prefix,ok,20230327211151,35883726995610,250.0,False,product_page_variant,
Subko,4749543342139,2023Q1,woodway-estate-washed-process-india,cdx_prefix,ok,20230327211151,35883727028378,250.0,False,product_page_variant,
Subko,4749543342139,2023Q2,woodway-estate-washed-process-india,cdx_prefix,no_snapshot_in_quarter,,,,,,
Subko,7515333066906,2023Q1,,unmapped,unmapped,,,,,,
Subko,7515336310938,2023Q1,,unmapped,unmapped,,,,,,
Subko,7588218437786,2024Q1,,unmapped,unmapped,,,,,,
Subko,7629501923482,2023Q1,,unmapped,unmapped,,,,,,
Subko,7629523386522,2023Q1,ampthill-downs-lot-24,cdx_prefix,ok,20230206133258,42983462830234,250.0,False,product_page_text,
Subko,7629523386522,2023Q1,ampthill-downs-lot-24,cdx_prefix,ok,20230206133258,42983462863002,250.0,False,product_page_text,
Subko,7629523386522,2023Q1,ampthill-downs-lot-24,cdx_prefix,ok,20230206133258,42983462895770,250.0,False,product_page_text,
Subko,7629523386522,2023Q1,ampthill-downs-lot-24,cdx_prefix,ok,20230206133258,42983462928538,250.0,False,product_page_text,
Subko,7629523386522,2023Q1,ampthill-downs-lot-24,cdx_prefix,ok,20230206133258,42983462961306,250.0,False,product_page_text,
Subko,7629523386522,2023Q1,ampthill-downs-lot-24,cdx_prefix,ok,20230206133258,42983462994074,250.0,False,product_page_text,
Subko,7629523386522,2023Q1,ampthill-downs-lot-24,cdx_prefix,ok,20230206133258,42983463059610,250.0,False,product_page_text,
Subko,7629523386522,2023Q1,ampthill-downs-lot-24,cdx_prefix,ok,20230206133258,42983463092378,250.0,False,product_page_text,
Subko,7629523386522,2023Q1,ampthill-downs-lot-24,cdx_prefix,ok,20230206133258,42983463125146,250.0,False,product_page_text,
Subko,7629523386522,2023Q1,ampthill-downs-lot-24,cdx_prefix,ok,20230206133258,42983463157914,250.0,False,product_page_text,
Subko,7629523386522,2023Q1,ampthill-downs-lot-24,cdx_prefix,ok,20230206133258,42983463190682,250.0,False,product_page_text,
Subko,7629523386522,2023Q1,ampthill-downs-lot-24,cdx_prefix,ok,20230206133258,42983463223450,250.0,False,product_page_text,
Subko,7629523386522,2023Q1,ampthill-downs-lot-24,cdx_prefix,ok,20230206133258,42983463256218,250.0,False,product_page_text,
Subko,7629523386522,2023Q1,ampthill-downs-lot-24,cdx_prefix,ok,20230206133258,42983463288986,250.0,False,product_page_text,
Subko,7629523386522,2023Q1,ampthill-downs-lot-24,cdx_prefix,ok,20230206133258,42983463321754,250.0,False,product_page_text,
Subko,7629523386522,2023Q1,ampthill-downs-lot-24,cdx_prefix,ok,20230206133258,42983463354522,250.0,False,product_page_text,
Subko,7629523386522,2023Q1,ampthill-downs-lot-24,cdx_prefix,ok,20230206133258,42983463387290,250.0,False,product_page_text,
Subko,7629523386522,2023Q1,ampthill-downs-lot-24,cdx_prefix,ok,20230206133258,42983463420058,250.0,False,product_page_text,
Subko,7629523386522,2023Q1,ampthill-downs-lot-24,cdx_prefix,ok,20230206133258,42983463452826,250.0,False,product_page_text,
Subko,7629523386522,2023Q1,ampthill-downs-lot-24,cdx_prefix,ok,20230206133258,42983463485594,250.0,False,product_page_text,
Subko,7629523386522,2023Q1,ampthill-downs-lot-24,cdx_prefix,ok,20230206133258,42983463518362,250.0,False,product_page_text,
Subko,7629523386522,2023Q1,ampthill-downs-lot-24,cdx_prefix,ok,20230206133258,42983463551130,250.0,False,product_page_text,
Subko,7629523386522,2023Q1,ampthill-downs-lot-24,cdx_prefix,ok,20230206133258,42983463583898,250.0,False,product_page_text,
Subko,7629523386522,2023Q1,ampthill-downs-lot-24,cdx_prefix,ok,20230206133258,42983463616666,250.0,False,product_page_text,
Subko,7636659568794,2023Q1,,unmapped,unmapped,,,,,,
Subko,7703269245082,2023Q2,project-seven-sisters-dima-hasao-assam-lot-dh-2-medium-dark,cdx_prefix,no_snapshot_in_quarter,,,,,,
Subko,7703269245082,2023Q4,project-seven-sisters-dima-hasao-assam-lot-dh-2-medium-dark,cdx_prefix,no_snapshot_in_quarter,,,,,,
Subko,7703287595162,2023Q2,project-seven-sisters-jampui-tripura-lot-1000-medium,cdx_prefix,no_snapshot_in_quarter,,,,,,
Subko,7703290118298,2023Q2,project-seven-sisters-mokokchung-nagaland-lot-n-02-medium,cdx_prefix,no_snapshot_in_quarter,,,,,,
Subko,7718937723034,2023Q2,ampthill-downs-lot-63-medium-roast,title_slug,no_snapshot_in_quarter,,,,,,
Subko,7718998769818,2023Q2,ampthill-downs-lot-03-medium-light-roast,title_slug,no_snapshot_in_quarter,,,,,,
Subko,7768723488922,2023Q2,project-pearl-ratnagiri-estate-lot-sh3-sca-86-medium-roast,title_slug,ok,20230528192125,43461420023962,250.0,False,product_page_text,
Subko,7768723488922,2023Q2,project-pearl-ratnagiri-estate-lot-sh3-sca-86-medium-roast,title_slug,ok,20230528192125,43461420056730,250.0,False,product_page_text,
Subko,7768723488922,2023Q2,project-pearl-ratnagiri-estate-lot-sh3-sca-86-medium-roast,title_slug,ok,20230528192125,43461420089498,250.0,False,product_page_text,
Subko,7768723488922,2023Q2,project-pearl-ratnagiri-estate-lot-sh3-sca-86-medium-roast,title_slug,ok,20230528192125,43461420122266,250.0,False,product_page_text,
Subko,7768723488922,2023Q2,project-pearl-ratnagiri-estate-lot-sh3-sca-86-medium-roast,title_slug,ok,20230528192125,43461420155034,250.0,False,product_page_text,
Subko,7768723488922,2023Q2,project-pearl-ratnagiri-estate-lot-sh3-sca-86-medium-roast,title_slug,ok,20230528192125,43461420187802,250.0,False,product_page_text,
Subko,7768723488922,2023Q2,project-pearl-ratnagiri-estate-lot-sh3-sca-86-medium-roast,title_slug,ok,20230528192125,43461420220570,250.0,False,product_page_text,
Subko,7768723488922,2023Q2,project-pearl-ratnagiri-estate-lot-sh3-sca-86-medium-roast,title_slug,ok,20230528192125,43461420253338,250.0,False,product_page_text,
Subko,7768723488922,2023Q2,project-pearl-ratnagiri-estate-lot-sh3-sca-86-medium-roast,title_slug,ok,20230528192125,43461420286106,250.0,False,product_page_text,
Subko,7768723488922,2023Q2,project-pearl-ratnagiri-estate-lot-sh3-sca-86-medium-roast,title_slug,ok,20230528192125,43461420318874,250.0,False,product_page_text,
Subko,7768723488922,2023Q2,project-pearl-ratnagiri-estate-lot-sh3-sca-86-medium-roast,title_slug,ok,20230528192125,43461420351642,250.0,False,product_page_text,
Subko,7768723488922,2023Q2,project-pearl-ratnagiri-estate-lot-sh3-sca-86-medium-roast,title_slug,ok,20230528192125,43461420384410,250.0,False,product_page_text,
Subko,7768723488922,2023Q2,project-pearl-ratnagiri-estate-lot-sh3-sca-86-medium-roast,title_slug,ok,20230528192125,43461420417178,250.0,False,product_page_text,
Subko,7768723488922,2023Q2,project-pearl-ratnagiri-estate-lot-sh3-sca-86-medium-roast,title_slug,ok,20230528192125,43461420449946,250.0,False,product_page_text,
Subko,7768723488922,2023Q2,project-pearl-ratnagiri-estate-lot-sh3-sca-86-medium-roast,title_slug,ok,20230528192125,43461420482714,250.0,False,product_page_text,
Subko,7768723488922,2023Q2,project-pearl-ratnagiri-estate-lot-sh3-sca-86-medium-roast,title_slug,ok,20230528192125,43461420515482,250.0,False,product_page_text,
Subko,7768723488922,2023Q2,project-pearl-ratnagiri-estate-lot-sh3-sca-86-medium-roast,title_slug,ok,20230528192125,43461420548250,250.0,False,product_page_text,
Subko,7768723488922,2023Q2,project-pearl-ratnagiri-estate-lot-sh3-sca-86-medium-roast,title_slug,ok,20230528192125,43461420581018,250.0,False,product_page_text,
Subko,7768723488922,2023Q2,project-pearl-ratnagiri-estate-lot-sh3-sca-86-medium-roast,title_slug,ok,20230528192125,43461420613786,250.0,False,product_page_text,
Subko,7768723488922,2023Q2,project-pearl-ratnagiri-estate-lot-sh3-sca-86-medium-roast,title_slug,ok,20230528192125,43461420646554,250.0,False,product_page_text,
Subko,7768723488922,2023Q2,project-pearl-ratnagiri-estate-lot-sh3-sca-86-medium-roast,title_slug,ok,20230528192125,43461420679322,250.0,False,product_page_text,
Subko,7768723488922,2023Q2,project-pearl-ratnagiri-estate-lot-sh3-sca-86-medium-roast,title_slug,ok,20230528192125,43461420712090,250.0,False,product_page_text,
Subko,7768723488922,2023Q2,project-pearl-ratnagiri-estate-lot-sh3-sca-86-medium-roast,title_slug,ok,20230528192125,43461420744858,250.0,False,product_page_text,
Subko,7768723488922,2023Q2,project-pearl-ratnagiri-estate-lot-sh3-sca-86-medium-roast,title_slug,ok,20230528192125,43461420777626,250.0,False,product_page_text,
Subko,7768750227610,2023Q2,project-pearl-ratnagiri-estate-lot-sn3-sca-88-medium-roast,title_slug,ok,20230528200943,43461465178266,250.0,False,product_page_text,
Subko,7768750227610,2023Q2,project-pearl-ratnagiri-estate-lot-sn3-sca-88-medium-roast,title_slug,ok,20230528200943,43461465211034,250.0,False,product_page_text,
Subko,7768750227610,2023Q2,project-pearl-ratnagiri-estate-lot-sn3-sca-88-medium-roast,title_slug,ok,20230528200943,43461465243802,250.0,False,product_page_text,
Subko,7768750227610,2023Q2,project-pearl-ratnagiri-estate-lot-sn3-sca-88-medium-roast,title_slug,ok,20230528200943,43461465276570,250.0,False,product_page_text,
Subko,7768750227610,2023Q2,project-pearl-ratnagiri-estate-lot-sn3-sca-88-medium-roast,title_slug,ok,20230528200943,43461465309338,250.0,False,product_page_text,
Subko,7768750227610,2023Q2,project-pearl-ratnagiri-estate-lot-sn3-sca-88-medium-roast,title_slug,ok,20230528200943,43461465342106,250.0,False,product_page_text,
Subko,7768750227610,2023Q2,project-pearl-ratnagiri-estate-lot-sn3-sca-88-medium-roast,title_slug,ok,20230528200943,43461465374874,250.0,False,product_page_text,
Subko,7768750227610,2023Q2,project-pearl-ratnagiri-estate-lot-sn3-sca-88-medium-roast,title_slug,ok,20230528200943,43461465407642,250.0,False,product_page_text,
Subko,7768750227610,2023Q2,project-pearl-ratnagiri-estate-lot-sn3-sca-88-medium-roast,title_slug,ok,20230528200943,43461465440410,250.0,False,product_page_text,
Subko,7768750227610,2023Q2,project-pearl-ratnagiri-estate-lot-sn3-sca-88-medium-roast,title_slug,ok,20230528200943,43461465473178,250.0,False,product_page_text,
Subko,7768750227610,2023Q2,project-pearl-ratnagiri-estate-lot-sn3-sca-88-medium-roast,title_slug,ok,20230528200943,43461465505946,250.0,False,product_page_text,
Subko,7768750227610,2023Q2,project-pearl-ratnagiri-estate-lot-sn3-sca-88-medium-roast,title_slug,ok,20230528200943,43461465538714,250.0,False,product_page_text,
Subko,7768750227610,2023Q2,project-pearl-ratnagiri-estate-lot-sn3-sca-88-medium-roast,title_slug,ok,20230528200943,43461465571482,250.0,False,product_page_text,
Subko,7768750227610,2023Q2,project-pearl-ratnagiri-estate-lot-sn3-sca-88-medium-roast,title_slug,ok,20230528200943,43461465604250,250.0,False,product_page_text,
Subko,7768750227610,2023Q2,project-pearl-ratnagiri-estate-lot-sn3-sca-88-medium-roast,title_slug,ok,20230528200943,43461465637018,250.0,False,product_page_text,
Subko,7768750227610,2023Q2,project-pearl-ratnagiri-estate-lot-sn3-sca-88-medium-roast,title_slug,ok,20230528200943,43461465669786,250.0,False,product_page_text,
Subko,7768750227610,2023Q2,project-pearl-ratnagiri-estate-lot-sn3-sca-88-medium-roast,title_slug,ok,20230528200943,43461465702554,250.0,False,product_page_text,
Subko,7768750227610,2023Q2,project-pearl-ratnagiri-estate-lot-sn3-sca-88-medium-roast,title_slug,ok,20230528200943,43461465735322,250.0,False,product_page_text,
Subko,7768750227610,2023Q2,project-pearl-ratnagiri-estate-lot-sn3-sca-88-medium-roast,title_slug,ok,20230528200943,43461465768090,250.0,False,product_page_text,
Subko,7768750227610,2023Q2,project-pearl-ratnagiri-estate-lot-sn3-sca-88-medium-roast,title_slug,ok,20230528200943,43461465800858,250.0,False,product_page_text,
Subko,7768750227610,2023Q2,project-pearl-ratnagiri-estate-lot-sn3-sca-88-medium-roast,title_slug,ok,20230528200943,43461465833626,250.0,False,product_page_text,
Subko,7768750227610,2023Q2,project-pearl-ratnagiri-estate-lot-sn3-sca-88-medium-roast,title_slug,ok,20230528200943,43461465866394,250.0,False,product_page_text,
Subko,7768750227610,2023Q2,project-pearl-ratnagiri-estate-lot-sn3-sca-88-medium-roast,title_slug,ok,20230528200943,43461465899162,250.0,False,product_page_text,
Subko,7768750227610,2023Q2,project-pearl-ratnagiri-estate-lot-sn3-sca-88-medium-roast,title_slug,ok,20230528200943,43461465931930,250.0,False,product_page_text,
Subko,7768753406106,2023Q2,project-pearl-ratnagiri-estate-lot-srn2-sca-88-medium-roast,title_slug,ok,20230528194027,43461472583834,250.0,False,product_page_text,
Subko,7768753406106,2023Q2,project-pearl-ratnagiri-estate-lot-srn2-sca-88-medium-roast,title_slug,ok,20230528194027,43461472616602,250.0,False,product_page_text,
Subko,7768753406106,2023Q2,project-pearl-ratnagiri-estate-lot-srn2-sca-88-medium-roast,title_slug,ok,20230528194027,43461472649370,250.0,False,product_page_text,
Subko,7768753406106,2023Q2,project-pearl-ratnagiri-estate-lot-srn2-sca-88-medium-roast,title_slug,ok,20230528194027,43461472682138,250.0,False,product_page_text,
Subko,7768753406106,2023Q2,project-pearl-ratnagiri-estate-lot-srn2-sca-88-medium-roast,title_slug,ok,20230528194027,43461472714906,250.0,False,product_page_text,
Subko,7768753406106,2023Q2,project-pearl-ratnagiri-estate-lot-srn2-sca-88-medium-roast,title_slug,ok,20230528194027,43461472747674,250.0,False,product_page_text,
Subko,7768753406106,2023Q2,project-pearl-ratnagiri-estate-lot-srn2-sca-88-medium-roast,title_slug,ok,20230528194027,43461472780442,250.0,False,product_page_text,
Subko,7768753406106,2023Q2,project-pearl-ratnagiri-estate-lot-srn2-sca-88-medium-roast,title_slug,ok,20230528194027,43461472813210,250.0,False,product_page_text,
Subko,7768753406106,2023Q2,project-pearl-ratnagiri-estate-lot-srn2-sca-88-medium-roast,title_slug,ok,20230528194027,43461472845978,250.0,False,product_page_text,
Subko,7768753406106,2023Q2,project-pearl-ratnagiri-estate-lot-srn2-sca-88-medium-roast,title_slug,ok,20230528194027,43461472878746,250.0,False,product_page_text,
Subko,7768753406106,2023Q2,project-pearl-ratnagiri-estate-lot-srn2-sca-88-medium-roast,title_slug,ok,20230528194027,43461472911514,250.0,False,product_page_text,
Subko,7768753406106,2023Q2,project-pearl-ratnagiri-estate-lot-srn2-sca-88-medium-roast,title_slug,ok,20230528194027,43461472944282,250.0,False,product_page_text,
Subko,7768753406106,2023Q2,project-pearl-ratnagiri-estate-lot-srn2-sca-88-medium-roast,title_slug,ok,20230528194027,43461472977050,250.0,False,product_page_text,
Subko,7768753406106,2023Q2,project-pearl-ratnagiri-estate-lot-srn2-sca-88-medium-roast,title_slug,ok,20230528194027,43461473009818,250.0,False,product_page_text,
Subko,7768753406106,2023Q2,project-pearl-ratnagiri-estate-lot-srn2-sca-88-medium-roast,title_slug,ok,20230528194027,43461473042586,250.0,False,product_page_text,
Subko,7768753406106,2023Q2,project-pearl-ratnagiri-estate-lot-srn2-sca-88-medium-roast,title_slug,ok,20230528194027,43461473075354,250.0,False,product_page_text,
Subko,7768753406106,2023Q2,project-pearl-ratnagiri-estate-lot-srn2-sca-88-medium-roast,title_slug,ok,20230528194027,43461473108122,250.0,False,product_page_text,
Subko,7768753406106,2023Q2,project-pearl-ratnagiri-estate-lot-srn2-sca-88-medium-roast,title_slug,ok,20230528194027,43461473140890,250.0,False,product_page_text,
Subko,7768753406106,2023Q2,project-pearl-ratnagiri-estate-lot-srn2-sca-88-medium-roast,title_slug,ok,20230528194027,43461473173658,250.0,False,product_page_text,
Subko,7768753406106,2023Q2,project-pearl-ratnagiri-estate-lot-srn2-sca-88-medium-roast,title_slug,ok,20230528194027,43461473206426,250.0,False,product_page_text,
Subko,7768753406106,2023Q2,project-pearl-ratnagiri-estate-lot-srn2-sca-88-medium-roast,title_slug,ok,20230528194027,43461473239194,250.0,False,product_page_text,
Subko,7768753406106,2023Q2,project-pearl-ratnagiri-estate-lot-srn2-sca-88-medium-roast,title_slug,ok,20230528194027,43461473271962,250.0,False,product_page_text,
Subko,7768753406106,2023Q2,project-pearl-ratnagiri-estate-lot-srn2-sca-88-medium-roast,title_slug,ok,20230528194027,43461473304730,250.0,False,product_page_text,
Subko,7768753406106,2023Q2,project-pearl-ratnagiri-estate-lot-srn2-sca-88-medium-roast,title_slug,ok,20230528194027,43461473337498,250.0,False,product_page_text,
Subko,7790210416794,2023Q2,specialty-liberica-salawara-estate-lot-1730-medium-roast,title_slug,ok,20230528203409,43507577127066,250.0,False,product_page_text,
Subko,7790210416794,2023Q2,specialty-liberica-salawara-estate-lot-1730-medium-roast,title_slug,ok,20230528203409,43507577159834,250.0,False,product_page_text,
Subko,7790210416794,2023Q2,specialty-liberica-salawara-estate-lot-1730-medium-roast,title_slug,ok,20230528203409,43507577192602,250.0,False,product_page_text,
Subko,7790210416794,2023Q2,specialty-liberica-salawara-estate-lot-1730-medium-roast,title_slug,ok,20230528203409,43507577225370,250.0,False,product_page_text,
Subko,7790210416794,2023Q2,specialty-liberica-salawara-estate-lot-1730-medium-roast,title_slug,ok,20230528203409,43507577258138,250.0,False,product_page_text,
Subko,7790210416794,2023Q2,specialty-liberica-salawara-estate-lot-1730-medium-roast,title_slug,ok,20230528203409,43507577290906,250.0,False,product_page_text,
Subko,7790210416794,2023Q2,specialty-liberica-salawara-estate-lot-1730-medium-roast,title_slug,ok,20230528203409,43507577323674,250.0,False,product_page_text,
Subko,7790210416794,2023Q2,specialty-liberica-salawara-estate-lot-1730-medium-roast,title_slug,ok,20230528203409,43507577356442,250.0,False,product_page_text,
Subko,7790210416794,2023Q2,specialty-liberica-salawara-estate-lot-1730-medium-roast,title_slug,ok,20230528203409,43507577389210,250.0,False,product_page_text,
Subko,7790210416794,2023Q2,specialty-liberica-salawara-estate-lot-1730-medium-roast,title_slug,ok,20230528203409,43507577421978,250.0,False,product_page_text,
Subko,7790210416794,2023Q2,specialty-liberica-salawara-estate-lot-1730-medium-roast,title_slug,ok,20230528203409,43507577454746,250.0,False,product_page_text,
Subko,7790210416794,2023Q2,specialty-liberica-salawara-estate-lot-1730-medium-roast,title_slug,ok,20230528203409,43507577487514,250.0,False,product_page_text,
Subko,7790210416794,2023Q2,specialty-liberica-salawara-estate-lot-1730-medium-roast,title_slug,ok,20230528203409,43507577520282,250.0,False,product_page_text,
Subko,7790210416794,2023Q2,specialty-liberica-salawara-estate-lot-1730-medium-roast,title_slug,ok,20230528203409,43507577553050,250.0,False,product_page_text,
Subko,7790210416794,2023Q2,specialty-liberica-salawara-estate-lot-1730-medium-roast,title_slug,ok,20230528203409,43507577585818,250.0,False,product_page_text,
Subko,7790210416794,2023Q2,specialty-liberica-salawara-estate-lot-1730-medium-roast,title_slug,ok,20230528203409,43507577618586,250.0,False,product_page_text,
Subko,7790210416794,2023Q2,specialty-liberica-salawara-estate-lot-1730-medium-roast,title_slug,ok,20230528203409,43507577651354,250.0,False,product_page_text,
Subko,7790210416794,2023Q2,specialty-liberica-salawara-estate-lot-1730-medium-roast,title_slug,ok,20230528203409,43507577684122,250.0,False,product_page_text,
Subko,7790210416794,2023Q2,specialty-liberica-salawara-estate-lot-1730-medium-roast,title_slug,ok,20230528203409,43507577716890,250.0,False,product_page_text,
Subko,7790210416794,2023Q2,specialty-liberica-salawara-estate-lot-1730-medium-roast,title_slug,ok,20230528203409,43507577749658,250.0,False,product_page_text,
Subko,7790210416794,2023Q2,specialty-liberica-salawara-estate-lot-1730-medium-roast,title_slug,ok,20230528203409,43507577782426,250.0,False,product_page_text,
Subko,7790210416794,2023Q2,specialty-liberica-salawara-estate-lot-1730-medium-roast,title_slug,ok,20230528203409,43507577815194,250.0,False,product_page_text,
Subko,7790210416794,2023Q2,specialty-liberica-salawara-estate-lot-1730-medium-roast,title_slug,ok,20230528203409,43507577847962,250.0,False,product_page_text,
Subko,7790210416794,2023Q2,specialty-liberica-salawara-estate-lot-1730-medium-roast,title_slug,ok,20230528203409,43507577880730,250.0,False,product_page_text,
Subko,7790222082202,2023Q2,specialty-liberica-salawara-estate-lot-1731-medium-roast,title_slug,ok,20230528203546,43507618513050,250.0,False,product_page_text,
Subko,7790222082202,2023Q2,specialty-liberica-salawara-estate-lot-1731-medium-roast,title_slug,ok,20230528203546,43507618545818,250.0,False,product_page_text,
Subko,7790222082202,2023Q2,specialty-liberica-salawara-estate-lot-1731-medium-roast,title_slug,ok,20230528203546,43507618578586,250.0,False,product_page_text,
Subko,7790222082202,2023Q2,specialty-liberica-salawara-estate-lot-1731-medium-roast,title_slug,ok,20230528203546,43507618611354,250.0,False,product_page_text,
Subko,7790222082202,2023Q2,specialty-liberica-salawara-estate-lot-1731-medium-roast,title_slug,ok,20230528203546,43507618644122,250.0,False,product_page_text,
Subko,7790222082202,2023Q2,specialty-liberica-salawara-estate-lot-1731-medium-roast,title_slug,ok,20230528203546,43507618676890,250.0,False,product_page_text,
Subko,7790222082202,2023Q2,specialty-liberica-salawara-estate-lot-1731-medium-roast,title_slug,ok,20230528203546,43507618709658,250.0,False,product_page_text,
Subko,7790222082202,2023Q2,specialty-liberica-salawara-estate-lot-1731-medium-roast,title_slug,ok,20230528203546,43507618742426,250.0,False,product_page_text,
Subko,7790222082202,2023Q2,specialty-liberica-salawara-estate-lot-1731-medium-roast,title_slug,ok,20230528203546,43507618775194,250.0,False,product_page_text,
Subko,7790222082202,2023Q2,specialty-liberica-salawara-estate-lot-1731-medium-roast,title_slug,ok,20230528203546,43507618807962,250.0,False,product_page_text,
Subko,7790222082202,2023Q2,specialty-liberica-salawara-estate-lot-1731-medium-roast,title_slug,ok,20230528203546,43507618840730,250.0,False,product_page_text,
Subko,7790222082202,2023Q2,specialty-liberica-salawara-estate-lot-1731-medium-roast,title_slug,ok,20230528203546,43507618873498,250.0,False,product_page_text,
Subko,7790222082202,2023Q2,specialty-liberica-salawara-estate-lot-1731-medium-roast,title_slug,ok,20230528203546,43507618906266,250.0,False,product_page_text,
Subko,7790222082202,2023Q2,specialty-liberica-salawara-estate-lot-1731-medium-roast,title_slug,ok,20230528203546,43507618939034,250.0,False,product_page_text,
Subko,7790222082202,2023Q2,specialty-liberica-salawara-estate-lot-1731-medium-roast,title_slug,ok,20230528203546,43507618971802,250.0,False,product_page_text,
Subko,7790222082202,2023Q2,specialty-liberica-salawara-estate-lot-1731-medium-roast,title_slug,ok,20230528203546,43507619004570,250.0,False,product_page_text,
Subko,7790222082202,2023Q2,specialty-liberica-salawara-estate-lot-1731-medium-roast,title_slug,ok,20230528203546,43507619037338,250.0,False,product_page_text,
Subko,7790222082202,2023Q2,specialty-liberica-salawara-estate-lot-1731-medium-roast,title_slug,ok,20230528203546,43507619070106,250.0,False,product_page_text,
Subko,7790222082202,2023Q2,specialty-liberica-salawara-estate-lot-1731-medium-roast,title_slug,ok,20230528203546,43507619102874,250.0,False,product_page_text,
Subko,7790222082202,2023Q2,specialty-liberica-salawara-estate-lot-1731-medium-roast,title_slug,ok,20230528203546,43507619135642,250.0,False,product_page_text,
Subko,7790222082202,2023Q2,specialty-liberica-salawara-estate-lot-1731-medium-roast,title_slug,ok,20230528203546,43507619168410,250.0,False,product_page_text,
Subko,7790222082202,2023Q2,specialty-liberica-salawara-estate-lot-1731-medium-roast,title_slug,ok,20230528203546,43507619201178,250.0,False,product_page_text,
Subko,7790222082202,2023Q2,specialty-liberica-salawara-estate-lot-1731-medium-roast,title_slug,ok,20230528203546,43507619233946,250.0,False,product_page_text,
Subko,7790222082202,2023Q2,specialty-liberica-salawara-estate-lot-1731-medium-roast,title_slug,ok,20230528203546,43507619266714,250.0,False,product_page_text,
Subko,7790303674522,2023Q2,project-seven-sisters-garo-robusta-medium-dark,title_slug,ok,20230528202924,43507813351578,250.0,False,product_page_text,
Subko,7790303674522,2023Q2,project-seven-sisters-garo-robusta-medium-dark,title_slug,ok,20230528202924,43507813384346,250.0,False,product_page_text,
Subko,7790303674522,2023Q2,project-seven-sisters-garo-robusta-medium-dark,title_slug,ok,20230528202924,43507813417114,250.0,False,product_page_text,
Subko,7790303674522,2023Q2,project-seven-sisters-garo-robusta-medium-dark,title_slug,ok,20230528202924,43507813449882,250.0,False,product_page_text,
Subko,7790303674522,2023Q2,project-seven-sisters-garo-robusta-medium-dark,title_slug,ok,20230528202924,43507813482650,250.0,False,product_page_text,
Subko,7790303674522,2023Q2,project-seven-sisters-garo-robusta-medium-dark,title_slug,ok,20230528202924,43507813515418,250.0,False,product_page_text,
Subko,7790303674522,2023Q2,project-seven-sisters-garo-robusta-medium-dark,title_slug,ok,20230528202924,43507813548186,250.0,False,product_page_text,
Subko,7790303674522,2023Q2,project-seven-sisters-garo-robusta-medium-dark,title_slug,ok,20230528202924,43507813580954,250.0,False,product_page_text,
Subko,7790303674522,2023Q2,project-seven-sisters-garo-robusta-medium-dark,title_slug,ok,20230528202924,43507813613722,250.0,False,product_page_text,
Subko,7790303674522,2023Q2,project-seven-sisters-garo-robusta-medium-dark,title_slug,ok,20230528202924,43507813646490,250.0,False,product_page_text,
Subko,7790303674522,2023Q2,project-seven-sisters-garo-robusta-medium-dark,title_slug,ok,20230528202924,43507813679258,250.0,False,product_page_text,
Subko,7790303674522,2023Q2,project-seven-sisters-garo-robusta-medium-dark,title_slug,ok,20230528202924,43507813712026,250.0,False,product_page_text,
Subko,7790303674522,2023Q2,project-seven-sisters-garo-robusta-medium-dark,title_slug,ok,20230528202924,43507813744794,250.0,False,product_page_text,
Subko,7790303674522,2023Q2,project-seven-sisters-garo-robusta-medium-dark,title_slug,ok,20230528202924,43507813777562,250.0,False,product_page_text,
Subko,7790303674522,2023Q2,project-seven-sisters-garo-robusta-medium-dark,title_slug,ok,20230528202924,43507813810330,250.0,False,product_page_text,
Subko,7790303674522,2023Q2,project-seven-sisters-garo-robusta-medium-dark,title_slug,ok,20230528202924,43507813843098,250.0,False,product_page_text,
Subko,7790303674522,2023Q2,project-seven-sisters-garo-robusta-medium-dark,title_slug,ok,20230528202924,43507813875866,250.0,False,product_page_text,
Subko,7790303674522,2023Q2,project-seven-sisters-garo-robusta-medium-dark,title_slug,ok,20230528202924,43507813908634,250.0,False,product_page_text,
Subko,7790303674522,2023Q2,project-seven-sisters-garo-robusta-medium-dark,title_slug,ok,20230528202924,43507813941402,250.0,False,product_page_text,
Subko,7790303674522,2023Q2,project-seven-sisters-garo-robusta-medium-dark,title_slug,ok,20230528202924,43507813974170,250.0,False,product_page_text,
Subko,7790303674522,2023Q2,project-seven-sisters-garo-robusta-medium-dark,title_slug,ok,20230528202924,43507814006938,250.0,False,product_page_text,
Subko,7790303674522,2023Q2,project-seven-sisters-garo-robusta-medium-dark,title_slug,ok,20230528202924,43507814039706,250.0,False,product_page_text,
Subko,7790303674522,2023Q2,project-seven-sisters-garo-robusta-medium-dark,title_slug,ok,20230528202924,43507814072474,250.0,False,product_page_text,
Subko,7790303674522,2023Q2,project-seven-sisters-garo-robusta-medium-dark,title_slug,ok,20230528202924,43507814105242,250.0,False,product_page_text,
Subko,7790303674522,2023Q4,project-seven-sisters-garo-robusta-medium-dark,title_slug,ok,20231210205016,43507813351578,250.0,False,product_page_text,
Subko,7790303674522,2023Q4,project-seven-sisters-garo-robusta-medium-dark,title_slug,ok,20231210205016,43507813384346,250.0,False,product_page_text,
Subko,7790303674522,2023Q4,project-seven-sisters-garo-robusta-medium-dark,title_slug,ok,20231210205016,43507813417114,250.0,False,product_page_text,
Subko,7790303674522,2023Q4,project-seven-sisters-garo-robusta-medium-dark,title_slug,ok,20231210205016,43507813449882,250.0,False,product_page_text,
Subko,7790303674522,2023Q4,project-seven-sisters-garo-robusta-medium-dark,title_slug,ok,20231210205016,43507813482650,250.0,False,product_page_text,
Subko,7790303674522,2023Q4,project-seven-sisters-garo-robusta-medium-dark,title_slug,ok,20231210205016,43507813515418,250.0,False,product_page_text,
Subko,7790303674522,2023Q4,project-seven-sisters-garo-robusta-medium-dark,title_slug,ok,20231210205016,43507813548186,250.0,False,product_page_text,
Subko,7790303674522,2023Q4,project-seven-sisters-garo-robusta-medium-dark,title_slug,ok,20231210205016,43507813580954,250.0,False,product_page_text,
Subko,7790303674522,2023Q4,project-seven-sisters-garo-robusta-medium-dark,title_slug,ok,20231210205016,43507813613722,250.0,False,product_page_text,
Subko,7790303674522,2023Q4,project-seven-sisters-garo-robusta-medium-dark,title_slug,ok,20231210205016,43507813646490,250.0,False,product_page_text,
Subko,7790303674522,2023Q4,project-seven-sisters-garo-robusta-medium-dark,title_slug,ok,20231210205016,43507813679258,250.0,False,product_page_text,
Subko,7790303674522,2023Q4,project-seven-sisters-garo-robusta-medium-dark,title_slug,ok,20231210205016,43507813712026,250.0,False,product_page_text,
Subko,7790303674522,2023Q4,project-seven-sisters-garo-robusta-medium-dark,title_slug,ok,20231210205016,43507813744794,250.0,False,product_page_text,
Subko,7790303674522,2023Q4,project-seven-sisters-garo-robusta-medium-dark,title_slug,ok,20231210205016,43507813777562,250.0,False,product_page_text,
Subko,7790303674522,2023Q4,project-seven-sisters-garo-robusta-medium-dark,title_slug,ok,20231210205016,43507813810330,250.0,False,product_page_text,
Subko,7790303674522,2023Q4,project-seven-sisters-garo-robusta-medium-dark,title_slug,ok,20231210205016,43507813843098,250.0,False,product_page_text,
Subko,7790303674522,2023Q4,project-seven-sisters-garo-robusta-medium-dark,title_slug,ok,20231210205016,43507813875866,250.0,False,product_page_text,
Subko,7790303674522,2023Q4,project-seven-sisters-garo-robusta-medium-dark,title_slug,ok,20231210205016,43507813908634,250.0,False,product_page_text,
Subko,7790303674522,2023Q4,project-seven-sisters-garo-robusta-medium-dark,title_slug,ok,20231210205016,43507813941402,250.0,False,product_page_text,
Subko,7790303674522,2023Q4,project-seven-sisters-garo-robusta-medium-dark,title_slug,ok,20231210205016,43507813974170,250.0,False,product_page_text,
Subko,7790303674522,2023Q4,project-seven-sisters-garo-robusta-medium-dark,title_slug,ok,20231210205016,43507814006938,250.0,False,product_page_text,
Subko,7790303674522,2023Q4,project-seven-sisters-garo-robusta-medium-dark,title_slug,ok,20231210205016,43507814039706,250.0,False,product_page_text,
Subko,7790303674522,2023Q4,project-seven-sisters-garo-robusta-medium-dark,title_slug,ok,20231210205016,43507814072474,250.0,False,product_page_text,
Subko,7790303674522,2023Q4,project-seven-sisters-garo-robusta-medium-dark,title_slug,ok,20231210205016,43507814105242,250.0,False,product_page_text,
Subko,7805478305946,2023Q2,,unmapped,unmapped,,,,,,
Subko,7805490659482,2023Q2,specialty-arabica-salawara-estate-lot-1617-medium-roast,title_slug,ok,20230528201801,43542793322650,,,,
Subko,7805490659482,2023Q2,specialty-arabica-salawara-estate-lot-1617-medium-roast,title_slug,ok,20230528201801,43542793355418,,,,
Subko,7805490659482,2023Q2,specialty-arabica-salawara-estate-lot-1617-medium-roast,title_slug,ok,20230528201801,43542793388186,,,,
Subko,7805490659482,2023Q2,specialty-arabica-salawara-estate-lot-1617-medium-roast,title_slug,ok,20230528201801,43542793420954,,,,
Subko,7805490659482,2023Q2,specialty-arabica-salawara-estate-lot-1617-medium-roast,title_slug,ok,20230528201801,43542793453722,,,,
Subko,7805490659482,2023Q2,specialty-arabica-salawara-estate-lot-1617-medium-roast,title_slug,ok,20230528201801,43542793486490,,,,
Subko,7805490659482,2023Q2,specialty-arabica-salawara-estate-lot-1617-medium-roast,title_slug,ok,20230528201801,43542793519258,,,,
Subko,7805490659482,2023Q2,specialty-arabica-salawara-estate-lot-1617-medium-roast,title_slug,ok,20230528201801,43542793552026,,,,
Subko,7805490659482,2023Q2,specialty-arabica-salawara-estate-lot-1617-medium-roast,title_slug,ok,20230528201801,43542793584794,,,,
Subko,7805490659482,2023Q2,specialty-arabica-salawara-estate-lot-1617-medium-roast,title_slug,ok,20230528201801,43542793617562,,,,
Subko,7805490659482,2023Q2,specialty-arabica-salawara-estate-lot-1617-medium-roast,title_slug,ok,20230528201801,43542793650330,,,,
Subko,7805490659482,2023Q2,specialty-arabica-salawara-estate-lot-1617-medium-roast,title_slug,ok,20230528201801,43542793683098,,,,
Subko,7805490659482,2023Q2,specialty-arabica-salawara-estate-lot-1617-medium-roast,title_slug,ok,20230528201801,43542793715866,,,,
Subko,7805490659482,2023Q2,specialty-arabica-salawara-estate-lot-1617-medium-roast,title_slug,ok,20230528201801,43542793748634,,,,
Subko,7805490659482,2023Q2,specialty-arabica-salawara-estate-lot-1617-medium-roast,title_slug,ok,20230528201801,43542793781402,,,,
Subko,7805490659482,2023Q2,specialty-arabica-salawara-estate-lot-1617-medium-roast,title_slug,ok,20230528201801,43542793814170,,,,
Subko,7805490659482,2023Q2,specialty-arabica-salawara-estate-lot-1617-medium-roast,title_slug,ok,20230528201801,43542793846938,,,,
Subko,7805490659482,2023Q2,specialty-arabica-salawara-estate-lot-1617-medium-roast,title_slug,ok,20230528201801,43542793879706,,,,
Subko,7805490659482,2023Q2,specialty-arabica-salawara-estate-lot-1617-medium-roast,title_slug,ok,20230528201801,43542793912474,,,,
Subko,7805490659482,2023Q2,specialty-arabica-salawara-estate-lot-1617-medium-roast,title_slug,ok,20230528201801,43542793945242,,,,
Subko,7805490659482,2023Q2,specialty-arabica-salawara-estate-lot-1617-medium-roast,title_slug,ok,20230528201801,43542793978010,,,,
Subko,7805490659482,2023Q2,specialty-arabica-salawara-estate-lot-1617-medium-roast,title_slug,ok,20230528201801,43542794010778,,,,
Subko,7805490659482,2023Q2,specialty-arabica-salawara-estate-lot-1617-medium-roast,title_slug,ok,20230528201801,43542794043546,,,,
Subko,7805490659482,2023Q2,specialty-arabica-salawara-estate-lot-1617-medium-roast,title_slug,ok,20230528201801,43542794076314,,,,
Subko,7902418862234,2023Q4,specialty-excelsa-mooleh-manay-estate-lot-drakshi-medium-roast,title_slug,ok,20231210202121,43881701474458,250.0,False,product_page_text,
Subko,7902418862234,2023Q4,specialty-excelsa-mooleh-manay-estate-lot-drakshi-medium-roast,title_slug,ok,20231210202121,43881701507226,250.0,False,product_page_text,
Subko,7902418862234,2023Q4,specialty-excelsa-mooleh-manay-estate-lot-drakshi-medium-roast,title_slug,ok,20231210202121,43881701539994,250.0,False,product_page_text,
Subko,7902418862234,2023Q4,specialty-excelsa-mooleh-manay-estate-lot-drakshi-medium-roast,title_slug,ok,20231210202121,43881701572762,250.0,False,product_page_text,
Subko,7902418862234,2023Q4,specialty-excelsa-mooleh-manay-estate-lot-drakshi-medium-roast,title_slug,ok,20231210202121,43881701605530,250.0,False,product_page_text,
Subko,7902418862234,2023Q4,specialty-excelsa-mooleh-manay-estate-lot-drakshi-medium-roast,title_slug,ok,20231210202121,43881701638298,250.0,False,product_page_text,
Subko,7902418862234,2023Q4,specialty-excelsa-mooleh-manay-estate-lot-drakshi-medium-roast,title_slug,ok,20231210202121,43881701671066,250.0,False,product_page_text,
Subko,7902418862234,2023Q4,specialty-excelsa-mooleh-manay-estate-lot-drakshi-medium-roast,title_slug,ok,20231210202121,43881701703834,250.0,False,product_page_text,
Subko,7902418862234,2023Q4,specialty-excelsa-mooleh-manay-estate-lot-drakshi-medium-roast,title_slug,ok,20231210202121,43881701736602,250.0,False,product_page_text,
Subko,7902418862234,2023Q4,specialty-excelsa-mooleh-manay-estate-lot-drakshi-medium-roast,title_slug,ok,20231210202121,43881701769370,250.0,False,product_page_text,
Subko,7902418862234,2023Q4,specialty-excelsa-mooleh-manay-estate-lot-drakshi-medium-roast,title_slug,ok,20231210202121,43881701802138,250.0,False,product_page_text,
Subko,7902418862234,2023Q4,specialty-excelsa-mooleh-manay-estate-lot-drakshi-medium-roast,title_slug,ok,20231210202121,43881701834906,250.0,False,product_page_text,
Subko,7902418862234,2023Q4,specialty-excelsa-mooleh-manay-estate-lot-drakshi-medium-roast,title_slug,ok,20231210202121,43881701867674,250.0,False,product_page_text,
Subko,7902418862234,2023Q4,specialty-excelsa-mooleh-manay-estate-lot-drakshi-medium-roast,title_slug,ok,20231210202121,43881701900442,250.0,False,product_page_text,
Subko,7902418862234,2023Q4,specialty-excelsa-mooleh-manay-estate-lot-drakshi-medium-roast,title_slug,ok,20231210202121,43881701933210,250.0,False,product_page_text,
Subko,7902418862234,2023Q4,specialty-excelsa-mooleh-manay-estate-lot-drakshi-medium-roast,title_slug,ok,20231210202121,43881701965978,250.0,False,product_page_text,
Subko,7902418862234,2023Q4,specialty-excelsa-mooleh-manay-estate-lot-drakshi-medium-roast,title_slug,ok,20231210202121,43881701998746,250.0,False,product_page_text,
Subko,7902418862234,2023Q4,specialty-excelsa-mooleh-manay-estate-lot-drakshi-medium-roast,title_slug,ok,20231210202121,43881702031514,250.0,False,product_page_text,
Subko,7902418862234,2023Q4,specialty-excelsa-mooleh-manay-estate-lot-drakshi-medium-roast,title_slug,ok,20231210202121,43881702064282,250.0,False,product_page_text,
Subko,7902418862234,2023Q4,specialty-excelsa-mooleh-manay-estate-lot-drakshi-medium-roast,title_slug,ok,20231210202121,43881702097050,250.0,False,product_page_text,
Subko,7902418862234,2023Q4,specialty-excelsa-mooleh-manay-estate-lot-drakshi-medium-roast,title_slug,ok,20231210202121,43881702129818,250.0,False,product_page_text,
Subko,7902418862234,2023Q4,specialty-excelsa-mooleh-manay-estate-lot-drakshi-medium-roast,title_slug,ok,20231210202121,43881702162586,250.0,False,product_page_text,
Subko,7902418862234,2023Q4,specialty-excelsa-mooleh-manay-estate-lot-drakshi-medium-roast,title_slug,ok,20231210202121,43881702195354,250.0,False,product_page_text,
Subko,7902418862234,2023Q4,specialty-excelsa-mooleh-manay-estate-lot-drakshi-medium-roast,title_slug,ok,20231210202121,43881702228122,250.0,False,product_page_text,
Subko,7912380858522,2024Q1,,unmapped,unmapped,,,,,,
Subko,7915846992026,2024Q1,lot-sv02-subko-vlge-co-operative-agriculture-86-paderu-valley-juni-grape-naturals-medium-roast,title_slug,ok,20240118070133,43916991299738,250.0,False,product_page_variant,
Subko,7915846992026,2024Q1,lot-sv02-subko-vlge-co-operative-agriculture-86-paderu-valley-juni-grape-naturals-medium-roast,title_slug,ok,20240118070133,43916991332506,250.0,False,product_page_variant,
Subko,7915846992026,2024Q1,lot-sv02-subko-vlge-co-operative-agriculture-86-paderu-valley-juni-grape-naturals-medium-roast,title_slug,ok,20240118070133,43916991365274,250.0,False,product_page_variant,
Subko,7915846992026,2024Q1,lot-sv02-subko-vlge-co-operative-agriculture-86-paderu-valley-juni-grape-naturals-medium-roast,title_slug,ok,20240118070133,43916991398042,250.0,False,product_page_variant,
Subko,7915846992026,2024Q1,lot-sv02-subko-vlge-co-operative-agriculture-86-paderu-valley-juni-grape-naturals-medium-roast,title_slug,ok,20240118070133,43916991430810,250.0,False,product_page_variant,
Subko,7915846992026,2024Q1,lot-sv02-subko-vlge-co-operative-agriculture-86-paderu-valley-juni-grape-naturals-medium-roast,title_slug,ok,20240118070133,43916991463578,250.0,False,product_page_variant,
Subko,7915846992026,2024Q1,lot-sv02-subko-vlge-co-operative-agriculture-86-paderu-valley-juni-grape-naturals-medium-roast,title_slug,ok,20240118070133,43916991496346,250.0,False,product_page_variant,
Subko,7915846992026,2024Q1,lot-sv02-subko-vlge-co-operative-agriculture-86-paderu-valley-juni-grape-naturals-medium-roast,title_slug,ok,20240118070133,43916991529114,250.0,False,product_page_variant,
Subko,7915846992026,2024Q1,lot-sv02-subko-vlge-co-operative-agriculture-86-paderu-valley-juni-grape-naturals-medium-roast,title_slug,ok,20240118070133,43916991561882,250.0,False,product_page_variant,
Subko,7915846992026,2024Q1,lot-sv02-subko-vlge-co-operative-agriculture-86-paderu-valley-juni-grape-naturals-medium-roast,title_slug,ok,20240118070133,43916991594650,250.0,False,product_page_variant,
Subko,7915846992026,2024Q1,lot-sv02-subko-vlge-co-operative-agriculture-86-paderu-valley-juni-grape-naturals-medium-roast,title_slug,ok,20240118070133,43916991627418,250.0,False,product_page_variant,
Subko,7915846992026,2024Q1,lot-sv02-subko-vlge-co-operative-agriculture-86-paderu-valley-juni-grape-naturals-medium-roast,title_slug,ok,20240118070133,43916991660186,250.0,False,product_page_variant,
Subko,7915846992026,2024Q1,lot-sv02-subko-vlge-co-operative-agriculture-86-paderu-valley-juni-grape-naturals-medium-roast,title_slug,ok,20240118070133,43916991692954,250.0,False,product_page_text,
Subko,7915846992026,2024Q1,lot-sv02-subko-vlge-co-operative-agriculture-86-paderu-valley-juni-grape-naturals-medium-roast,title_slug,ok,20240118070133,43916991725722,250.0,False,product_page_text,
Subko,7915846992026,2024Q1,lot-sv02-subko-vlge-co-operative-agriculture-86-paderu-valley-juni-grape-naturals-medium-roast,title_slug,ok,20240118070133,43916991758490,250.0,False,product_page_text,
Subko,7915846992026,2024Q1,lot-sv02-subko-vlge-co-operative-agriculture-86-paderu-valley-juni-grape-naturals-medium-roast,title_slug,ok,20240118070133,43916991791258,250.0,False,product_page_text,
Subko,7915846992026,2024Q1,lot-sv02-subko-vlge-co-operative-agriculture-86-paderu-valley-juni-grape-naturals-medium-roast,title_slug,ok,20240118070133,43916991824026,250.0,False,product_page_text,
Subko,7915846992026,2024Q1,lot-sv02-subko-vlge-co-operative-agriculture-86-paderu-valley-juni-grape-naturals-medium-roast,title_slug,ok,20240118070133,43916991856794,250.0,False,product_page_text,
Subko,7915846992026,2024Q1,lot-sv02-subko-vlge-co-operative-agriculture-86-paderu-valley-juni-grape-naturals-medium-roast,title_slug,ok,20240118070133,43916991889562,250.0,False,product_page_text,
Subko,7915846992026,2024Q1,lot-sv02-subko-vlge-co-operative-agriculture-86-paderu-valley-juni-grape-naturals-medium-roast,title_slug,ok,20240118070133,43916991922330,250.0,False,product_page_text,
Subko,7915846992026,2024Q1,lot-sv02-subko-vlge-co-operative-agriculture-86-paderu-valley-juni-grape-naturals-medium-roast,title_slug,ok,20240118070133,43916991955098,250.0,False,product_page_text,
Subko,7915846992026,2024Q1,lot-sv02-subko-vlge-co-operative-agriculture-86-paderu-valley-juni-grape-naturals-medium-roast,title_slug,ok,20240118070133,43916991987866,250.0,False,product_page_text,
Subko,7915846992026,2024Q1,lot-sv02-subko-vlge-co-operative-agriculture-86-paderu-valley-juni-grape-naturals-medium-roast,title_slug,ok,20240118070133,43916992020634,250.0,False,product_page_text,
Subko,7915846992026,2024Q1,lot-sv02-subko-vlge-co-operative-agriculture-86-paderu-valley-juni-grape-naturals-medium-roast,title_slug,ok,20240118070133,43916992053402,250.0,False,product_page_text,
Subko,7926711976090,2023Q4,project-pearl-ratnagiri-estate-lot-dg-sca-86-medium-roast,title_slug,ok,20231130040337,43947606900890,250.0,False,product_page_text,
Subko,7926711976090,2023Q4,project-pearl-ratnagiri-estate-lot-dg-sca-86-medium-roast,title_slug,ok,20231130040337,43947606933658,250.0,False,product_page_text,
Subko,7926711976090,2023Q4,project-pearl-ratnagiri-estate-lot-dg-sca-86-medium-roast,title_slug,ok,20231130040337,43947606966426,250.0,False,product_page_text,
Subko,7926711976090,2023Q4,project-pearl-ratnagiri-estate-lot-dg-sca-86-medium-roast,title_slug,ok,20231130040337,43947606999194,250.0,False,product_page_text,
Subko,7926711976090,2023Q4,project-pearl-ratnagiri-estate-lot-dg-sca-86-medium-roast,title_slug,ok,20231130040337,43947607031962,250.0,False,product_page_text,
Subko,7926711976090,2023Q4,project-pearl-ratnagiri-estate-lot-dg-sca-86-medium-roast,title_slug,ok,20231130040337,43947607064730,250.0,False,product_page_text,
Subko,7926711976090,2023Q4,project-pearl-ratnagiri-estate-lot-dg-sca-86-medium-roast,title_slug,ok,20231130040337,43947607097498,250.0,False,product_page_text,
Subko,7926711976090,2023Q4,project-pearl-ratnagiri-estate-lot-dg-sca-86-medium-roast,title_slug,ok,20231130040337,43947607130266,250.0,False,product_page_text,
Subko,7926711976090,2023Q4,project-pearl-ratnagiri-estate-lot-dg-sca-86-medium-roast,title_slug,ok,20231130040337,43947607163034,250.0,False,product_page_text,
Subko,7926711976090,2023Q4,project-pearl-ratnagiri-estate-lot-dg-sca-86-medium-roast,title_slug,ok,20231130040337,43947607195802,250.0,False,product_page_text,
Subko,7926711976090,2023Q4,project-pearl-ratnagiri-estate-lot-dg-sca-86-medium-roast,title_slug,ok,20231130040337,43947607228570,250.0,False,product_page_text,
Subko,7926711976090,2023Q4,project-pearl-ratnagiri-estate-lot-dg-sca-86-medium-roast,title_slug,ok,20231130040337,43947607261338,250.0,False,product_page_text,
Subko,7926711976090,2023Q4,project-pearl-ratnagiri-estate-lot-dg-sca-86-medium-roast,title_slug,ok,20231130040337,43947607294106,250.0,False,product_page_text,
Subko,7926711976090,2023Q4,project-pearl-ratnagiri-estate-lot-dg-sca-86-medium-roast,title_slug,ok,20231130040337,43947607326874,250.0,False,product_page_text,
Subko,7926711976090,2023Q4,project-pearl-ratnagiri-estate-lot-dg-sca-86-medium-roast,title_slug,ok,20231130040337,43947607359642,250.0,False,product_page_text,
Subko,7926711976090,2023Q4,project-pearl-ratnagiri-estate-lot-dg-sca-86-medium-roast,title_slug,ok,20231130040337,43947607392410,250.0,False,product_page_text,
Subko,7926711976090,2023Q4,project-pearl-ratnagiri-estate-lot-dg-sca-86-medium-roast,title_slug,ok,20231130040337,43947607425178,250.0,False,product_page_text,
Subko,7926711976090,2023Q4,project-pearl-ratnagiri-estate-lot-dg-sca-86-medium-roast,title_slug,ok,20231130040337,43947607457946,250.0,False,product_page_text,
Subko,7926711976090,2023Q4,project-pearl-ratnagiri-estate-lot-dg-sca-86-medium-roast,title_slug,ok,20231130040337,43947607490714,250.0,False,product_page_text,
Subko,7926711976090,2023Q4,project-pearl-ratnagiri-estate-lot-dg-sca-86-medium-roast,title_slug,ok,20231130040337,43947607523482,250.0,False,product_page_text,
Subko,7926711976090,2023Q4,project-pearl-ratnagiri-estate-lot-dg-sca-86-medium-roast,title_slug,ok,20231130040337,43947607556250,250.0,False,product_page_text,
Subko,7926711976090,2023Q4,project-pearl-ratnagiri-estate-lot-dg-sca-86-medium-roast,title_slug,ok,20231130040337,43947607589018,250.0,False,product_page_text,
Subko,7926711976090,2023Q4,project-pearl-ratnagiri-estate-lot-dg-sca-86-medium-roast,title_slug,ok,20231130040337,43947607621786,250.0,False,product_page_text,
Subko,7926711976090,2023Q4,project-pearl-ratnagiri-estate-lot-dg-sca-86-medium-roast,title_slug,ok,20231130040337,43947607654554,250.0,False,product_page_text,
Subko,7941501386906,2023Q4,project-seven-sisters-dima-hasao-assam-lot-dh-1-medium-roast,title_slug,ok,20231130053440,43985768874138,250.0,False,product_page_text,
Subko,7941501386906,2023Q4,project-seven-sisters-dima-hasao-assam-lot-dh-1-medium-roast,title_slug,ok,20231130053440,43985768906906,250.0,False,product_page_text,
Subko,7941501386906,2023Q4,project-seven-sisters-dima-hasao-assam-lot-dh-1-medium-roast,title_slug,ok,20231130053440,43985768939674,250.0,False,product_page_text,
Subko,7941501386906,2023Q4,project-seven-sisters-dima-hasao-assam-lot-dh-1-medium-roast,title_slug,ok,20231130053440,43985768972442,250.0,False,product_page_text,
Subko,7941501386906,2023Q4,project-seven-sisters-dima-hasao-assam-lot-dh-1-medium-roast,title_slug,ok,20231130053440,43985769005210,250.0,False,product_page_text,
Subko,7941501386906,2023Q4,project-seven-sisters-dima-hasao-assam-lot-dh-1-medium-roast,title_slug,ok,20231130053440,43985769037978,250.0,False,product_page_text,
Subko,7941501386906,2023Q4,project-seven-sisters-dima-hasao-assam-lot-dh-1-medium-roast,title_slug,ok,20231130053440,43985769070746,250.0,False,product_page_text,
Subko,7941501386906,2023Q4,project-seven-sisters-dima-hasao-assam-lot-dh-1-medium-roast,title_slug,ok,20231130053440,43985769103514,250.0,False,product_page_text,
Subko,7941501386906,2023Q4,project-seven-sisters-dima-hasao-assam-lot-dh-1-medium-roast,title_slug,ok,20231130053440,43985769136282,250.0,False,product_page_text,
Subko,7941501386906,2023Q4,project-seven-sisters-dima-hasao-assam-lot-dh-1-medium-roast,title_slug,ok,20231130053440,43985769169050,250.0,False,product_page_text,
Subko,7941501386906,2023Q4,project-seven-sisters-dima-hasao-assam-lot-dh-1-medium-roast,title_slug,ok,20231130053440,43985769201818,250.0,False,product_page_text,
Subko,7941501386906,2023Q4,project-seven-sisters-dima-hasao-assam-lot-dh-1-medium-roast,title_slug,ok,20231130053440,43985769234586,250.0,False,product_page_text,
Subko,7941501386906,2023Q4,project-seven-sisters-dima-hasao-assam-lot-dh-1-medium-roast,title_slug,ok,20231130053440,43985769267354,250.0,False,product_page_text,
Subko,7941501386906,2023Q4,project-seven-sisters-dima-hasao-assam-lot-dh-1-medium-roast,title_slug,ok,20231130053440,43985769300122,250.0,False,product_page_text,
Subko,7941501386906,2023Q4,project-seven-sisters-dima-hasao-assam-lot-dh-1-medium-roast,title_slug,ok,20231130053440,43985769332890,250.0,False,product_page_text,
Subko,7941501386906,2023Q4,project-seven-sisters-dima-hasao-assam-lot-dh-1-medium-roast,title_slug,ok,20231130053440,43985769365658,250.0,False,product_page_text,
Subko,7941501386906,2023Q4,project-seven-sisters-dima-hasao-assam-lot-dh-1-medium-roast,title_slug,ok,20231130053440,43985769398426,250.0,False,product_page_text,
Subko,7941501386906,2023Q4,project-seven-sisters-dima-hasao-assam-lot-dh-1-medium-roast,title_slug,ok,20231130053440,43985769431194,250.0,False,product_page_text,
Subko,7941501386906,2023Q4,project-seven-sisters-dima-hasao-assam-lot-dh-1-medium-roast,title_slug,ok,20231130053440,43985769463962,250.0,False,product_page_text,
Subko,7941501386906,2023Q4,project-seven-sisters-dima-hasao-assam-lot-dh-1-medium-roast,title_slug,ok,20231130053440,43985769496730,250.0,False,product_page_text,
Subko,7941501386906,2023Q4,project-seven-sisters-dima-hasao-assam-lot-dh-1-medium-roast,title_slug,ok,20231130053440,43985769529498,250.0,False,product_page_text,
Subko,7941501386906,2023Q4,project-seven-sisters-dima-hasao-assam-lot-dh-1-medium-roast,title_slug,ok,20231130053440,43985769562266,250.0,False,product_page_text,
Subko,7941501386906,2023Q4,project-seven-sisters-dima-hasao-assam-lot-dh-1-medium-roast,title_slug,ok,20231130053440,43985769595034,250.0,False,product_page_text,
Subko,7941501386906,2023Q4,project-seven-sisters-dima-hasao-assam-lot-dh-1-medium-roast,title_slug,ok,20231130053440,43985769627802,250.0,False,product_page_text,
Subko,7947167301786,2023Q4,project-pearl-ratnagiri-estate-lot-srn1-sca-90-medium-roast,title_slug,ok,20231130044140,44001805238426,250.0,False,product_page_text,
Subko,7947167301786,2023Q4,project-pearl-ratnagiri-estate-lot-srn1-sca-90-medium-roast,title_slug,ok,20231130044140,44001805271194,250.0,False,product_page_text,
Subko,7947167301786,2023Q4,project-pearl-ratnagiri-estate-lot-srn1-sca-90-medium-roast,title_slug,ok,20231130044140,44001805303962,250.0,False,product_page_text,
Subko,7947167301786,2023Q4,project-pearl-ratnagiri-estate-lot-srn1-sca-90-medium-roast,title_slug,ok,20231130044140,44001805336730,250.0,False,product_page_text,
Subko,7947167301786,2023Q4,project-pearl-ratnagiri-estate-lot-srn1-sca-90-medium-roast,title_slug,ok,20231130044140,44001805369498,250.0,False,product_page_text,
Subko,7947167301786,2023Q4,project-pearl-ratnagiri-estate-lot-srn1-sca-90-medium-roast,title_slug,ok,20231130044140,44001805402266,250.0,False,product_page_text,
Subko,7947167301786,2023Q4,project-pearl-ratnagiri-estate-lot-srn1-sca-90-medium-roast,title_slug,ok,20231130044140,44001805435034,250.0,False,product_page_text,
Subko,7947167301786,2023Q4,project-pearl-ratnagiri-estate-lot-srn1-sca-90-medium-roast,title_slug,ok,20231130044140,44001805467802,250.0,False,product_page_text,
Subko,7947167301786,2023Q4,project-pearl-ratnagiri-estate-lot-srn1-sca-90-medium-roast,title_slug,ok,20231130044140,44001805500570,250.0,False,product_page_text,
Subko,7947167301786,2023Q4,project-pearl-ratnagiri-estate-lot-srn1-sca-90-medium-roast,title_slug,ok,20231130044140,44001805533338,250.0,False,product_page_text,
Subko,7947167301786,2023Q4,project-pearl-ratnagiri-estate-lot-srn1-sca-90-medium-roast,title_slug,ok,20231130044140,44001805566106,250.0,False,product_page_text,
Subko,7947167301786,2023Q4,project-pearl-ratnagiri-estate-lot-srn1-sca-90-medium-roast,title_slug,ok,20231130044140,44001805598874,250.0,False,product_page_text,
Subko,7947167301786,2023Q4,project-pearl-ratnagiri-estate-lot-srn1-sca-90-medium-roast,title_slug,ok,20231130044140,44001805631642,250.0,False,product_page_text,
Subko,7947167301786,2023Q4,project-pearl-ratnagiri-estate-lot-srn1-sca-90-medium-roast,title_slug,ok,20231130044140,44001805664410,250.0,False,product_page_text,
Subko,7947167301786,2023Q4,project-pearl-ratnagiri-estate-lot-srn1-sca-90-medium-roast,title_slug,ok,20231130044140,44001805697178,250.0,False,product_page_text,
Subko,7947167301786,2023Q4,project-pearl-ratnagiri-estate-lot-srn1-sca-90-medium-roast,title_slug,ok,20231130044140,44001805729946,250.0,False,product_page_text,
Subko,7947167301786,2023Q4,project-pearl-ratnagiri-estate-lot-srn1-sca-90-medium-roast,title_slug,ok,20231130044140,44001805762714,250.0,False,product_page_text,
Subko,7947167301786,2023Q4,project-pearl-ratnagiri-estate-lot-srn1-sca-90-medium-roast,title_slug,ok,20231130044140,44001805795482,250.0,False,product_page_text,
Subko,7947167301786,2023Q4,project-pearl-ratnagiri-estate-lot-srn1-sca-90-medium-roast,title_slug,ok,20231130044140,44001805828250,250.0,False,product_page_text,
Subko,7947167301786,2023Q4,project-pearl-ratnagiri-estate-lot-srn1-sca-90-medium-roast,title_slug,ok,20231130044140,44001805861018,250.0,False,product_page_text,
Subko,7947167301786,2023Q4,project-pearl-ratnagiri-estate-lot-srn1-sca-90-medium-roast,title_slug,ok,20231130044140,44001805893786,250.0,False,product_page_text,
Subko,7947167301786,2023Q4,project-pearl-ratnagiri-estate-lot-srn1-sca-90-medium-roast,title_slug,ok,20231130044140,44001805926554,250.0,False,product_page_text,
Subko,7947167301786,2023Q4,project-pearl-ratnagiri-estate-lot-srn1-sca-90-medium-roast,title_slug,ok,20231130044140,44001805959322,250.0,False,product_page_text,
Subko,7947167301786,2023Q4,project-pearl-ratnagiri-estate-lot-srn1-sca-90-medium-roast,title_slug,ok,20231130044140,44001805992090,250.0,False,product_page_text,
Subko,7947167301786,2024Q1,project-pearl-ratnagiri-estate-lot-srn1-sca-90-medium-roast,title_slug,ok,20240118070126,44001805238426,250.0,False,product_page_text,
Subko,7947167301786,2024Q1,project-pearl-ratnagiri-estate-lot-srn1-sca-90-medium-roast,title_slug,ok,20240118070126,44001805271194,250.0,False,product_page_text,
Subko,7947167301786,2024Q1,project-pearl-ratnagiri-estate-lot-srn1-sca-90-medium-roast,title_slug,ok,20240118070126,44001805303962,250.0,False,product_page_text,
Subko,7947167301786,2024Q1,project-pearl-ratnagiri-estate-lot-srn1-sca-90-medium-roast,title_slug,ok,20240118070126,44001805336730,250.0,False,product_page_text,
Subko,7947167301786,2024Q1,project-pearl-ratnagiri-estate-lot-srn1-sca-90-medium-roast,title_slug,ok,20240118070126,44001805369498,250.0,False,product_page_text,
Subko,7947167301786,2024Q1,project-pearl-ratnagiri-estate-lot-srn1-sca-90-medium-roast,title_slug,ok,20240118070126,44001805402266,250.0,False,product_page_text,
Subko,7947167301786,2024Q1,project-pearl-ratnagiri-estate-lot-srn1-sca-90-medium-roast,title_slug,ok,20240118070126,44001805435034,250.0,False,product_page_text,
Subko,7947167301786,2024Q1,project-pearl-ratnagiri-estate-lot-srn1-sca-90-medium-roast,title_slug,ok,20240118070126,44001805467802,250.0,False,product_page_text,
Subko,7947167301786,2024Q1,project-pearl-ratnagiri-estate-lot-srn1-sca-90-medium-roast,title_slug,ok,20240118070126,44001805500570,250.0,False,product_page_text,
Subko,7947167301786,2024Q1,project-pearl-ratnagiri-estate-lot-srn1-sca-90-medium-roast,title_slug,ok,20240118070126,44001805533338,250.0,False,product_page_text,
Subko,7947167301786,2024Q1,project-pearl-ratnagiri-estate-lot-srn1-sca-90-medium-roast,title_slug,ok,20240118070126,44001805566106,250.0,False,product_page_text,
Subko,7947167301786,2024Q1,project-pearl-ratnagiri-estate-lot-srn1-sca-90-medium-roast,title_slug,ok,20240118070126,44001805598874,250.0,False,product_page_text,
Subko,7947167301786,2024Q1,project-pearl-ratnagiri-estate-lot-srn1-sca-90-medium-roast,title_slug,ok,20240118070126,44001805631642,250.0,False,product_page_text,
Subko,7947167301786,2024Q1,project-pearl-ratnagiri-estate-lot-srn1-sca-90-medium-roast,title_slug,ok,20240118070126,44001805664410,250.0,False,product_page_text,
Subko,7947167301786,2024Q1,project-pearl-ratnagiri-estate-lot-srn1-sca-90-medium-roast,title_slug,ok,20240118070126,44001805697178,250.0,False,product_page_text,
Subko,7947167301786,2024Q1,project-pearl-ratnagiri-estate-lot-srn1-sca-90-medium-roast,title_slug,ok,20240118070126,44001805729946,250.0,False,product_page_text,
Subko,7947167301786,2024Q1,project-pearl-ratnagiri-estate-lot-srn1-sca-90-medium-roast,title_slug,ok,20240118070126,44001805762714,250.0,False,product_page_text,
Subko,7947167301786,2024Q1,project-pearl-ratnagiri-estate-lot-srn1-sca-90-medium-roast,title_slug,ok,20240118070126,44001805795482,250.0,False,product_page_text,
Subko,7947167301786,2024Q1,project-pearl-ratnagiri-estate-lot-srn1-sca-90-medium-roast,title_slug,ok,20240118070126,44001805828250,250.0,False,product_page_text,
Subko,7947167301786,2024Q1,project-pearl-ratnagiri-estate-lot-srn1-sca-90-medium-roast,title_slug,ok,20240118070126,44001805861018,250.0,False,product_page_text,
Subko,7947167301786,2024Q1,project-pearl-ratnagiri-estate-lot-srn1-sca-90-medium-roast,title_slug,ok,20240118070126,44001805893786,250.0,False,product_page_text,
Subko,7947167301786,2024Q1,project-pearl-ratnagiri-estate-lot-srn1-sca-90-medium-roast,title_slug,ok,20240118070126,44001805926554,250.0,False,product_page_text,
Subko,7947167301786,2024Q1,project-pearl-ratnagiri-estate-lot-srn1-sca-90-medium-roast,title_slug,ok,20240118070126,44001805959322,250.0,False,product_page_text,
Subko,7947167301786,2024Q1,project-pearl-ratnagiri-estate-lot-srn1-sca-90-medium-roast,title_slug,ok,20240118070126,44001805992090,250.0,False,product_page_text,
Subko,7967941755034,2023Q4,,unmapped,unmapped,,,,,,
Subko,7968091439258,2023Q4,project-seven-sisters-mokokchung-nagaland-lot-n-03-medium-roast,title_slug,ok,20231130051534,44055514087578,250.0,False,product_page_text,
Subko,7968091439258,2023Q4,project-seven-sisters-mokokchung-nagaland-lot-n-03-medium-roast,title_slug,ok,20231130051534,44055514120346,250.0,False,product_page_text,
Subko,7968091439258,2023Q4,project-seven-sisters-mokokchung-nagaland-lot-n-03-medium-roast,title_slug,ok,20231130051534,44055514153114,250.0,False,product_page_text,
Subko,7968091439258,2023Q4,project-seven-sisters-mokokchung-nagaland-lot-n-03-medium-roast,title_slug,ok,20231130051534,44055514185882,250.0,False,product_page_text,
Subko,7968091439258,2023Q4,project-seven-sisters-mokokchung-nagaland-lot-n-03-medium-roast,title_slug,ok,20231130051534,44055514218650,250.0,False,product_page_text,
Subko,7968091439258,2023Q4,project-seven-sisters-mokokchung-nagaland-lot-n-03-medium-roast,title_slug,ok,20231130051534,44055514251418,250.0,False,product_page_text,
Subko,7968091439258,2023Q4,project-seven-sisters-mokokchung-nagaland-lot-n-03-medium-roast,title_slug,ok,20231130051534,44055514284186,250.0,False,product_page_text,
Subko,7968091439258,2023Q4,project-seven-sisters-mokokchung-nagaland-lot-n-03-medium-roast,title_slug,ok,20231130051534,44055514316954,250.0,False,product_page_text,
Subko,7968091439258,2023Q4,project-seven-sisters-mokokchung-nagaland-lot-n-03-medium-roast,title_slug,ok,20231130051534,44055514349722,250.0,False,product_page_text,
Subko,7968091439258,2023Q4,project-seven-sisters-mokokchung-nagaland-lot-n-03-medium-roast,title_slug,ok,20231130051534,44055514382490,250.0,False,product_page_text,
Subko,7968091439258,2023Q4,project-seven-sisters-mokokchung-nagaland-lot-n-03-medium-roast,title_slug,ok,20231130051534,44055514415258,250.0,False,product_page_text,
Subko,7968091439258,2023Q4,project-seven-sisters-mokokchung-nagaland-lot-n-03-medium-roast,title_slug,ok,20231130051534,44055514448026,250.0,False,product_page_text,
Subko,7968091439258,2023Q4,project-seven-sisters-mokokchung-nagaland-lot-n-03-medium-roast,title_slug,ok,20231130051534,44055514480794,250.0,False,product_page_text,
Subko,7968091439258,2023Q4,project-seven-sisters-mokokchung-nagaland-lot-n-03-medium-roast,title_slug,ok,20231130051534,44055514513562,250.0,False,product_page_text,
Subko,7968091439258,2023Q4,project-seven-sisters-mokokchung-nagaland-lot-n-03-medium-roast,title_slug,ok,20231130051534,44055514546330,250.0,False,product_page_text,
Subko,7968091439258,2023Q4,project-seven-sisters-mokokchung-nagaland-lot-n-03-medium-roast,title_slug,ok,20231130051534,44055514579098,250.0,False,product_page_text,
Subko,7968091439258,2023Q4,project-seven-sisters-mokokchung-nagaland-lot-n-03-medium-roast,title_slug,ok,20231130051534,44055514611866,250.0,False,product_page_text,
Subko,7968091439258,2023Q4,project-seven-sisters-mokokchung-nagaland-lot-n-03-medium-roast,title_slug,ok,20231130051534,44055514644634,250.0,False,product_page_text,
Subko,7968091439258,2023Q4,project-seven-sisters-mokokchung-nagaland-lot-n-03-medium-roast,title_slug,ok,20231130051534,44055514677402,250.0,False,product_page_text,
Subko,7968091439258,2023Q4,project-seven-sisters-mokokchung-nagaland-lot-n-03-medium-roast,title_slug,ok,20231130051534,44055514710170,250.0,False,product_page_text,
Subko,7968091439258,2023Q4,project-seven-sisters-mokokchung-nagaland-lot-n-03-medium-roast,title_slug,ok,20231130051534,44055514742938,250.0,False,product_page_text,
Subko,7968091439258,2023Q4,project-seven-sisters-mokokchung-nagaland-lot-n-03-medium-roast,title_slug,ok,20231130051534,44055514775706,250.0,False,product_page_text,
Subko,7968091439258,2023Q4,project-seven-sisters-mokokchung-nagaland-lot-n-03-medium-roast,title_slug,ok,20231130051534,44055514808474,250.0,False,product_page_text,
Subko,7968091439258,2023Q4,project-seven-sisters-mokokchung-nagaland-lot-n-03-medium-roast,title_slug,ok,20231130051534,44055514841242,250.0,False,product_page_text,
Subko,7968091439258,2024Q1,project-seven-sisters-mokokchung-nagaland-lot-n-03-medium-roast,title_slug,ok,20240118070136,44055514087578,250.0,False,product_page_text,
Subko,7968091439258,2024Q1,project-seven-sisters-mokokchung-nagaland-lot-n-03-medium-roast,title_slug,ok,20240118070136,44055514120346,250.0,False,product_page_text,
Subko,7968091439258,2024Q1,project-seven-sisters-mokokchung-nagaland-lot-n-03-medium-roast,title_slug,ok,20240118070136,44055514153114,250.0,False,product_page_text,
Subko,7968091439258,2024Q1,project-seven-sisters-mokokchung-nagaland-lot-n-03-medium-roast,title_slug,ok,20240118070136,44055514185882,250.0,False,product_page_text,
Subko,7968091439258,2024Q1,project-seven-sisters-mokokchung-nagaland-lot-n-03-medium-roast,title_slug,ok,20240118070136,44055514218650,250.0,False,product_page_text,
Subko,7968091439258,2024Q1,project-seven-sisters-mokokchung-nagaland-lot-n-03-medium-roast,title_slug,ok,20240118070136,44055514251418,250.0,False,product_page_text,
Subko,7968091439258,2024Q1,project-seven-sisters-mokokchung-nagaland-lot-n-03-medium-roast,title_slug,ok,20240118070136,44055514284186,250.0,False,product_page_text,
Subko,7968091439258,2024Q1,project-seven-sisters-mokokchung-nagaland-lot-n-03-medium-roast,title_slug,ok,20240118070136,44055514316954,250.0,False,product_page_text,
Subko,7968091439258,2024Q1,project-seven-sisters-mokokchung-nagaland-lot-n-03-medium-roast,title_slug,ok,20240118070136,44055514349722,250.0,False,product_page_text,
Subko,7968091439258,2024Q1,project-seven-sisters-mokokchung-nagaland-lot-n-03-medium-roast,title_slug,ok,20240118070136,44055514382490,250.0,False,product_page_text,
Subko,7968091439258,2024Q1,project-seven-sisters-mokokchung-nagaland-lot-n-03-medium-roast,title_slug,ok,20240118070136,44055514415258,250.0,False,product_page_text,
Subko,7968091439258,2024Q1,project-seven-sisters-mokokchung-nagaland-lot-n-03-medium-roast,title_slug,ok,20240118070136,44055514448026,250.0,False,product_page_text,
Subko,7968091439258,2024Q1,project-seven-sisters-mokokchung-nagaland-lot-n-03-medium-roast,title_slug,ok,20240118070136,44055514480794,250.0,False,product_page_text,
Subko,7968091439258,2024Q1,project-seven-sisters-mokokchung-nagaland-lot-n-03-medium-roast,title_slug,ok,20240118070136,44055514513562,250.0,False,product_page_text,
Subko,7968091439258,2024Q1,project-seven-sisters-mokokchung-nagaland-lot-n-03-medium-roast,title_slug,ok,20240118070136,44055514546330,250.0,False,product_page_text,
Subko,7968091439258,2024Q1,project-seven-sisters-mokokchung-nagaland-lot-n-03-medium-roast,title_slug,ok,20240118070136,44055514579098,250.0,False,product_page_text,
Subko,7968091439258,2024Q1,project-seven-sisters-mokokchung-nagaland-lot-n-03-medium-roast,title_slug,ok,20240118070136,44055514611866,250.0,False,product_page_text,
Subko,7968091439258,2024Q1,project-seven-sisters-mokokchung-nagaland-lot-n-03-medium-roast,title_slug,ok,20240118070136,44055514644634,250.0,False,product_page_text,
Subko,7968091439258,2024Q1,project-seven-sisters-mokokchung-nagaland-lot-n-03-medium-roast,title_slug,ok,20240118070136,44055514677402,250.0,False,product_page_text,
Subko,7968091439258,2024Q1,project-seven-sisters-mokokchung-nagaland-lot-n-03-medium-roast,title_slug,ok,20240118070136,44055514710170,250.0,False,product_page_text,
Subko,7968091439258,2024Q1,project-seven-sisters-mokokchung-nagaland-lot-n-03-medium-roast,title_slug,ok,20240118070136,44055514742938,250.0,False,product_page_text,
Subko,7968091439258,2024Q1,project-seven-sisters-mokokchung-nagaland-lot-n-03-medium-roast,title_slug,ok,20240118070136,44055514775706,250.0,False,product_page_text,
Subko,7968091439258,2024Q1,project-seven-sisters-mokokchung-nagaland-lot-n-03-medium-roast,title_slug,ok,20240118070136,44055514808474,250.0,False,product_page_text,
Subko,7968091439258,2024Q1,project-seven-sisters-mokokchung-nagaland-lot-n-03-medium-roast,title_slug,ok,20240118070136,44055514841242,250.0,False,product_page_text,
Subko,7999380881562,2024Q1,kerehaklu-estate-lot-bili-meen-washed-process-medium-roast,title_slug,ok,20240118070138,44187172864154,250.0,False,product_page_text,
Subko,7999380881562,2024Q1,kerehaklu-estate-lot-bili-meen-washed-process-medium-roast,title_slug,ok,20240118070138,44187172896922,250.0,False,product_page_text,
Subko,7999380881562,2024Q1,kerehaklu-estate-lot-bili-meen-washed-process-medium-roast,title_slug,ok,20240118070138,44187172929690,250.0,False,product_page_text,
Subko,7999380881562,2024Q1,kerehaklu-estate-lot-bili-meen-washed-process-medium-roast,title_slug,ok,20240118070138,44187172962458,250.0,False,product_page_text,
Subko,7999380881562,2024Q1,kerehaklu-estate-lot-bili-meen-washed-process-medium-roast,title_slug,ok,20240118070138,44187172995226,250.0,False,product_page_text,
Subko,7999380881562,2024Q1,kerehaklu-estate-lot-bili-meen-washed-process-medium-roast,title_slug,ok,20240118070138,44187173027994,250.0,False,product_page_text,
Subko,7999380881562,2024Q1,kerehaklu-estate-lot-bili-meen-washed-process-medium-roast,title_slug,ok,20240118070138,44187173060762,250.0,False,product_page_text,
Subko,7999380881562,2024Q1,kerehaklu-estate-lot-bili-meen-washed-process-medium-roast,title_slug,ok,20240118070138,44187173093530,250.0,False,product_page_text,
Subko,7999380881562,2024Q1,kerehaklu-estate-lot-bili-meen-washed-process-medium-roast,title_slug,ok,20240118070138,44187173126298,250.0,False,product_page_text,
Subko,7999380881562,2024Q1,kerehaklu-estate-lot-bili-meen-washed-process-medium-roast,title_slug,ok,20240118070138,44187173159066,250.0,False,product_page_text,
Subko,7999380881562,2024Q1,kerehaklu-estate-lot-bili-meen-washed-process-medium-roast,title_slug,ok,20240118070138,44187173191834,250.0,False,product_page_text,
Subko,7999380881562,2024Q1,kerehaklu-estate-lot-bili-meen-washed-process-medium-roast,title_slug,ok,20240118070138,44187173224602,250.0,False,product_page_text,
Subko,7999380881562,2024Q1,kerehaklu-estate-lot-bili-meen-washed-process-medium-roast,title_slug,ok,20240118070138,44187173257370,250.0,False,product_page_text,
Subko,7999380881562,2024Q1,kerehaklu-estate-lot-bili-meen-washed-process-medium-roast,title_slug,ok,20240118070138,44187173290138,250.0,False,product_page_text,
Subko,7999380881562,2024Q1,kerehaklu-estate-lot-bili-meen-washed-process-medium-roast,title_slug,ok,20240118070138,44187173322906,250.0,False,product_page_text,
Subko,7999380881562,2024Q1,kerehaklu-estate-lot-bili-meen-washed-process-medium-roast,title_slug,ok,20240118070138,44187173355674,250.0,False,product_page_text,
Subko,7999380881562,2024Q1,kerehaklu-estate-lot-bili-meen-washed-process-medium-roast,title_slug,ok,20240118070138,44187173388442,250.0,False,product_page_text,
Subko,7999380881562,2024Q1,kerehaklu-estate-lot-bili-meen-washed-process-medium-roast,title_slug,ok,20240118070138,44187173421210,250.0,False,product_page_text,
Subko,7999380881562,2024Q1,kerehaklu-estate-lot-bili-meen-washed-process-medium-roast,title_slug,ok,20240118070138,44187173453978,250.0,False,product_page_text,
Subko,7999380881562,2024Q1,kerehaklu-estate-lot-bili-meen-washed-process-medium-roast,title_slug,ok,20240118070138,44187173486746,250.0,False,product_page_text,
Subko,7999380881562,2024Q1,kerehaklu-estate-lot-bili-meen-washed-process-medium-roast,title_slug,ok,20240118070138,44187173519514,250.0,False,product_page_text,
Subko,7999380881562,2024Q1,kerehaklu-estate-lot-bili-meen-washed-process-medium-roast,title_slug,ok,20240118070138,44187173552282,250.0,False,product_page_text,
Subko,7999380881562,2024Q1,kerehaklu-estate-lot-bili-meen-washed-process-medium-roast,title_slug,ok,20240118070138,44187173585050,250.0,False,product_page_text,
Subko,7999380881562,2024Q1,kerehaklu-estate-lot-bili-meen-washed-process-medium-roast,title_slug,ok,20240118070138,44187173617818,250.0,False,product_page_text,
Subko,8004747362458,2024Q3,lot-sv09,live,no_snapshot_in_quarter,,,,,,
Subko,8004747362458,2025Q2,lot-sv09,live,ok,20250621234207,44203101028506,250.0,False,product_page_text,
Subko,8004747362458,2025Q2,lot-sv09,live,ok,20250621234207,44203101061274,250.0,False,product_page_text,
Subko,8004747362458,2025Q2,lot-sv09,live,ok,20250621234207,44203101094042,250.0,False,product_page_text,
Subko,8004747362458,2025Q2,lot-sv09,live,ok,20250621234207,44203101126810,250.0,False,product_page_text,
Subko,8004747362458,2025Q2,lot-sv09,live,ok,20250621234207,44203101159578,250.0,False,product_page_text,
Subko,8004747362458,2025Q2,lot-sv09,live,ok,20250621234207,44203101192346,250.0,False,product_page_text,
Subko,8004747362458,2025Q2,lot-sv09,live,ok,20250621234207,44203101225114,250.0,False,product_page_text,
Subko,8004747362458,2025Q2,lot-sv09,live,ok,20250621234207,44203101257882,250.0,False,product_page_text,
Subko,8004747362458,2025Q2,lot-sv09,live,ok,20250621234207,44203101290650,250.0,False,product_page_text,
Subko,8004747362458,2025Q2,lot-sv09,live,ok,20250621234207,44203101323418,250.0,False,product_page_text,
Subko,8004747362458,2025Q2,lot-sv09,live,ok,20250621234207,44203101356186,250.0,False,product_page_text,
Subko,8004747362458,2025Q2,lot-sv09,live,ok,20250621234207,44203101388954,250.0,False,product_page_text,
Subko,8004747362458,2025Q3,lot-sv09,live,ok,20250822153901,44203101028506,250.0,False,product_page_text,
Subko,8004747362458,2025Q3,lot-sv09,live,ok,20250822153901,44203101061274,250.0,False,product_page_text,
Subko,8004747362458,2025Q3,lot-sv09,live,ok,20250822153901,44203101094042,250.0,False,product_page_text,
Subko,8004747362458,2025Q3,lot-sv09,live,ok,20250822153901,44203101126810,250.0,False,product_page_text,
Subko,8004747362458,2025Q3,lot-sv09,live,ok,20250822153901,44203101159578,250.0,False,product_page_text,
Subko,8004747362458,2025Q3,lot-sv09,live,ok,20250822153901,44203101192346,250.0,False,product_page_text,
Subko,8004747362458,2025Q3,lot-sv09,live,ok,20250822153901,44203101225114,250.0,False,product_page_text,
Subko,8004747362458,2025Q3,lot-sv09,live,ok,20250822153901,44203101257882,250.0,False,product_page_text,
Subko,8004747362458,2025Q3,lot-sv09,live,ok,20250822153901,44203101290650,250.0,False,product_page_text,
Subko,8004747362458,2025Q3,lot-sv09,live,ok,20250822153901,44203101323418,250.0,False,product_page_text,
Subko,8004747362458,2025Q3,lot-sv09,live,ok,20250822153901,44203101356186,250.0,False,product_page_text,
Subko,8004747362458,2025Q3,lot-sv09,live,ok,20250822153901,44203101388954,250.0,False,product_page_text,
Subko,8004754735258,2024Q1,lot-sv09,cdx_prefix,ok,20240303160951,44203101028506,250.0,False,product_page_text,
Subko,8004754735258,2024Q1,lot-sv09,cdx_prefix,ok,20240303160951,44203101061274,250.0,False,product_page_text,
Subko,8004754735258,2024Q1,lot-sv09,cdx_prefix,ok,20240303160951,44203101094042,250.0,False,product_page_text,
Subko,8004754735258,2024Q1,lot-sv09,cdx_prefix,ok,20240303160951,44203101126810,250.0,False,product_page_text,
Subko,8004754735258,2024Q1,lot-sv09,cdx_prefix,ok,20240303160951,44203101159578,250.0,False,product_page_text,
Subko,8004754735258,2024Q1,lot-sv09,cdx_prefix,ok,20240303160951,44203101192346,250.0,False,product_page_text,
Subko,8004754735258,2024Q1,lot-sv09,cdx_prefix,ok,20240303160951,44203101225114,250.0,False,product_page_text,
Subko,8004754735258,2024Q1,lot-sv09,cdx_prefix,ok,20240303160951,44203101257882,250.0,False,product_page_text,
Subko,8004754735258,2024Q1,lot-sv09,cdx_prefix,ok,20240303160951,44203101290650,250.0,False,product_page_text,
Subko,8004754735258,2024Q1,lot-sv09,cdx_prefix,ok,20240303160951,44203101323418,250.0,False,product_page_text,
Subko,8004754735258,2024Q1,lot-sv09,cdx_prefix,ok,20240303160951,44203101356186,250.0,False,product_page_text,
Subko,8004754735258,2024Q1,lot-sv09,cdx_prefix,ok,20240303160951,44203101388954,250.0,False,product_page_text,
Subko,8004754735258,2024Q1,lot-sv09,cdx_prefix,ok,20240303160951,44203101421722,250.0,False,product_page_text,
Subko,8004754735258,2024Q1,lot-sv09,cdx_prefix,ok,20240303160951,44203101454490,250.0,False,product_page_text,
Subko,8004754735258,2024Q1,lot-sv09,cdx_prefix,ok,20240303160951,44203101487258,250.0,False,product_page_text,
Subko,8004754735258,2024Q1,lot-sv09,cdx_prefix,ok,20240303160951,44203101520026,250.0,False,product_page_text,
Subko,8004754735258,2024Q1,lot-sv09,cdx_prefix,ok,20240303160951,44203101552794,250.0,False,product_page_text,
Subko,8004754735258,2024Q1,lot-sv09,cdx_prefix,ok,20240303160951,44203101585562,250.0,False,product_page_text,
Subko,8004754735258,2024Q1,lot-sv09,cdx_prefix,ok,20240303160951,44203101618330,250.0,False,product_page_text,
Subko,8004754735258,2024Q1,lot-sv09,cdx_prefix,ok,20240303160951,44203101651098,250.0,False,product_page_text,
Subko,8004754735258,2024Q1,lot-sv09,cdx_prefix,ok,20240303160951,44203101683866,250.0,False,product_page_text,
Subko,8004754735258,2024Q1,lot-sv09,cdx_prefix,ok,20240303160951,44203101716634,250.0,False,product_page_text,
Subko,8004754735258,2024Q1,lot-sv09,cdx_prefix,ok,20240303160951,44203101749402,250.0,False,product_page_text,
Subko,8004754735258,2024Q1,lot-sv09,cdx_prefix,ok,20240303160951,44203101782170,250.0,False,product_page_text,
Subko,8011895341210,2024Q1,specialty-arabica-salawara-estate-lot-1532-medium-roast,title_slug,ok,20240118070123,44241455612058,250.0,False,product_page_text,
Subko,8011895341210,2024Q1,specialty-arabica-salawara-estate-lot-1532-medium-roast,title_slug,ok,20240118070123,44241455644826,250.0,False,product_page_text,
Subko,8011895341210,2024Q1,specialty-arabica-salawara-estate-lot-1532-medium-roast,title_slug,ok,20240118070123,44241455677594,250.0,False,product_page_text,
Subko,8011895341210,2024Q1,specialty-arabica-salawara-estate-lot-1532-medium-roast,title_slug,ok,20240118070123,44241455710362,250.0,False,product_page_text,
Subko,8011895341210,2024Q1,specialty-arabica-salawara-estate-lot-1532-medium-roast,title_slug,ok,20240118070123,44241455743130,250.0,False,product_page_text,
Subko,8011895341210,2024Q1,specialty-arabica-salawara-estate-lot-1532-medium-roast,title_slug,ok,20240118070123,44241455775898,250.0,False,product_page_text,
Subko,8011895341210,2024Q1,specialty-arabica-salawara-estate-lot-1532-medium-roast,title_slug,ok,20240118070123,44241455808666,250.0,False,product_page_text,
Subko,8011895341210,2024Q1,specialty-arabica-salawara-estate-lot-1532-medium-roast,title_slug,ok,20240118070123,44241455841434,250.0,False,product_page_text,
Subko,8011895341210,2024Q1,specialty-arabica-salawara-estate-lot-1532-medium-roast,title_slug,ok,20240118070123,44241455874202,250.0,False,product_page_text,
Subko,8011895341210,2024Q1,specialty-arabica-salawara-estate-lot-1532-medium-roast,title_slug,ok,20240118070123,44241455906970,250.0,False,product_page_text,
Subko,8011895341210,2024Q1,specialty-arabica-salawara-estate-lot-1532-medium-roast,title_slug,ok,20240118070123,44241455939738,250.0,False,product_page_text,
Subko,8011895341210,2024Q1,specialty-arabica-salawara-estate-lot-1532-medium-roast,title_slug,ok,20240118070123,44241455972506,250.0,False,product_page_text,
Subko,8011895341210,2024Q1,specialty-arabica-salawara-estate-lot-1532-medium-roast,title_slug,ok,20240118070123,44241456005274,250.0,False,product_page_text,
Subko,8011895341210,2024Q1,specialty-arabica-salawara-estate-lot-1532-medium-roast,title_slug,ok,20240118070123,44241456038042,250.0,False,product_page_text,
Subko,8011895341210,2024Q1,specialty-arabica-salawara-estate-lot-1532-medium-roast,title_slug,ok,20240118070123,44241456070810,250.0,False,product_page_text,
Subko,8011895341210,2024Q1,specialty-arabica-salawara-estate-lot-1532-medium-roast,title_slug,ok,20240118070123,44241456103578,250.0,False,product_page_text,
Subko,8011895341210,2024Q1,specialty-arabica-salawara-estate-lot-1532-medium-roast,title_slug,ok,20240118070123,44241456136346,250.0,False,product_page_text,
Subko,8011895341210,2024Q1,specialty-arabica-salawara-estate-lot-1532-medium-roast,title_slug,ok,20240118070123,44241456169114,250.0,False,product_page_text,
Subko,8011895341210,2024Q1,specialty-arabica-salawara-estate-lot-1532-medium-roast,title_slug,ok,20240118070123,44241456201882,250.0,False,product_page_text,
Subko,8011895341210,2024Q1,specialty-arabica-salawara-estate-lot-1532-medium-roast,title_slug,ok,20240118070123,44241456234650,250.0,False,product_page_text,
Subko,8011895341210,2024Q1,specialty-arabica-salawara-estate-lot-1532-medium-roast,title_slug,ok,20240118070123,44241456267418,250.0,False,product_page_text,
Subko,8011895341210,2024Q1,specialty-arabica-salawara-estate-lot-1532-medium-roast,title_slug,ok,20240118070123,44241456300186,250.0,False,product_page_text,
Subko,8011895341210,2024Q1,specialty-arabica-salawara-estate-lot-1532-medium-roast,title_slug,ok,20240118070123,44241456332954,250.0,False,product_page_text,
Subko,8011895341210,2024Q1,specialty-arabica-salawara-estate-lot-1532-medium-roast,title_slug,ok,20240118070123,44241456365722,250.0,False,product_page_text,
Subko,8016151904410,2024Q3,,unmapped,unmapped,,,,,,
Subko,8016151904410,2025Q1,,unmapped,unmapped,,,,,,
Subko,8016151904410,2025Q2,,unmapped,unmapped,,,,,,
Subko,8016502325402,2024Q1,,unmapped,unmapped,,,,,,
Subko,8017414684826,2024Q1,kalledevarapura-estate-lot-22-anaerobic-yeast-naturals-medium-roast,title_slug,ok,20240118070123,44272807510170,250.0,False,product_page_text,
Subko,8017414684826,2024Q1,kalledevarapura-estate-lot-22-anaerobic-yeast-naturals-medium-roast,title_slug,ok,20240118070123,44272807542938,250.0,False,product_page_text,
Subko,8017414684826,2024Q1,kalledevarapura-estate-lot-22-anaerobic-yeast-naturals-medium-roast,title_slug,ok,20240118070123,44272807575706,250.0,False,product_page_text,
Subko,8017414684826,2024Q1,kalledevarapura-estate-lot-22-anaerobic-yeast-naturals-medium-roast,title_slug,ok,20240118070123,44272807608474,250.0,False,product_page_text,
Subko,8017414684826,2024Q1,kalledevarapura-estate-lot-22-anaerobic-yeast-naturals-medium-roast,title_slug,ok,20240118070123,44272807641242,250.0,False,product_page_text,
Subko,8017414684826,2024Q1,kalledevarapura-estate-lot-22-anaerobic-yeast-naturals-medium-roast,title_slug,ok,20240118070123,44272807674010,250.0,False,product_page_text,
Subko,8017414684826,2024Q1,kalledevarapura-estate-lot-22-anaerobic-yeast-naturals-medium-roast,title_slug,ok,20240118070123,44272807706778,250.0,False,product_page_text,
Subko,8017414684826,2024Q1,kalledevarapura-estate-lot-22-anaerobic-yeast-naturals-medium-roast,title_slug,ok,20240118070123,44272807739546,250.0,False,product_page_text,
Subko,8017414684826,2024Q1,kalledevarapura-estate-lot-22-anaerobic-yeast-naturals-medium-roast,title_slug,ok,20240118070123,44272807772314,250.0,False,product_page_text,
Subko,8017414684826,2024Q1,kalledevarapura-estate-lot-22-anaerobic-yeast-naturals-medium-roast,title_slug,ok,20240118070123,44272807805082,250.0,False,product_page_text,
Subko,8017414684826,2024Q1,kalledevarapura-estate-lot-22-anaerobic-yeast-naturals-medium-roast,title_slug,ok,20240118070123,44272807837850,250.0,False,product_page_text,
Subko,8017414684826,2024Q1,kalledevarapura-estate-lot-22-anaerobic-yeast-naturals-medium-roast,title_slug,ok,20240118070123,44272807870618,250.0,False,product_page_text,
Subko,8017416781978,2024Q1,project-seven-sisters-dima-hasao-assam-lot-1-211-traditional-naturals-medium-roast,title_slug,ok,20240118070535,44272826024090,250.0,False,product_page_text,
Subko,8017416781978,2024Q1,project-seven-sisters-dima-hasao-assam-lot-1-211-traditional-naturals-medium-roast,title_slug,ok,20240118070535,44272826056858,250.0,False,product_page_text,
Subko,8017416781978,2024Q1,project-seven-sisters-dima-hasao-assam-lot-1-211-traditional-naturals-medium-roast,title_slug,ok,20240118070535,44272826089626,250.0,False,product_page_text,
Subko,8017416781978,2024Q1,project-seven-sisters-dima-hasao-assam-lot-1-211-traditional-naturals-medium-roast,title_slug,ok,20240118070535,44272826122394,250.0,False,product_page_text,
Subko,8017416781978,2024Q1,project-seven-sisters-dima-hasao-assam-lot-1-211-traditional-naturals-medium-roast,title_slug,ok,20240118070535,44272826155162,250.0,False,product_page_text,
Subko,8017416781978,2024Q1,project-seven-sisters-dima-hasao-assam-lot-1-211-traditional-naturals-medium-roast,title_slug,ok,20240118070535,44272826187930,250.0,False,product_page_text,
Subko,8017416781978,2024Q1,project-seven-sisters-dima-hasao-assam-lot-1-211-traditional-naturals-medium-roast,title_slug,ok,20240118070535,44272826220698,250.0,False,product_page_text,
Subko,8017416781978,2024Q1,project-seven-sisters-dima-hasao-assam-lot-1-211-traditional-naturals-medium-roast,title_slug,ok,20240118070535,44272826253466,250.0,False,product_page_text,
Subko,8017416781978,2024Q1,project-seven-sisters-dima-hasao-assam-lot-1-211-traditional-naturals-medium-roast,title_slug,ok,20240118070535,44272826286234,250.0,False,product_page_text,
Subko,8017416781978,2024Q1,project-seven-sisters-dima-hasao-assam-lot-1-211-traditional-naturals-medium-roast,title_slug,ok,20240118070535,44272826319002,250.0,False,product_page_text,
Subko,8017416781978,2024Q1,project-seven-sisters-dima-hasao-assam-lot-1-211-traditional-naturals-medium-roast,title_slug,ok,20240118070535,44272826351770,250.0,False,product_page_text,
Subko,8017416781978,2024Q1,project-seven-sisters-dima-hasao-assam-lot-1-211-traditional-naturals-medium-roast,title_slug,ok,20240118070535,44272826384538,250.0,False,product_page_text,
Subko,8062078419098,2024Q3,,unmapped,unmapped,,,,,,
Subko,8408195006618,2025Q1,,unmapped,unmapped,,,,,,
Subko,8408195006618,2025Q2,,unmapped,unmapped,,,,,,
Third Wave Coffee,7164340961350,2023Q3,speciality-single-origin-chikmagalur-region,live,ok,20230926153251,40700503294022,,,,
Third Wave Coffee,7164340961350,2023Q3,speciality-single-origin-chikmagalur-region,live,ok,20230926153251,40700503457862,,,,
Third Wave Coffee,7164340961350,2023Q3,speciality-single-origin-chikmagalur-region,live,ok,20230926153251,40700503490630,,,,
Third Wave Coffee,7164340961350,2023Q3,speciality-single-origin-chikmagalur-region,live,ok,20230926153251,40700503523398,,,,
