roaster,product_id,quarter,source_type,product_title,product_key,segment,segment_start_quarter,segment_start_date,title_changed,attributes_valid
Araku,10037727658304,2026Q3,live,Taste the Terroir: Coffee Sampler Pack,araku:10037727658304,1,2026Q3,2026--0-9-,False,True
Araku,10165614084416,2026Q3,live,Monsoon Edit,araku:10165614084416,1,2026Q3,2026--0-9-,False,True
Araku,8380902506816,2023Q4,archive,Grand Reserve,araku:8380902506816,1,2023Q4,2023-12-10,False,True
Araku,8380902506816,2024Q1,archive,Grand Reserve,araku:8380902506816,1,2023Q4,2023-12-10,False,True
Araku,8380902506816,2024Q2,archive,Grand Reserve,araku:8380902506816,1,2023Q4,2023-12-10,False,True
Araku,8380902506816,2024Q3,archive,Grand Reserve,araku:8380902506816,1,2023Q4,2023-12-10,False,True
Araku,8380902506816,2024Q4,archive,Grand Reserve,araku:8380902506816,1,2023Q4,2023-12-10,False,True
Araku,8380902506816,2025Q1,archive,Grand Reserve,araku:8380902506816,1,2023Q4,2023-12-10,False,True
Araku,8380902506816,2025Q2,archive,Grand Reserve,araku:8380902506816,1,2023Q4,2023-12-10,False,True
Araku,8380902506816,2025Q3,archive,Grand Reserve,araku:8380902506816,1,2023Q4,2023-12-10,False,True
Araku,8380902506816,2025Q4,archive,Grand Reserve,araku:8380902506816,1,2023Q4,2023-12-10,False,True
Araku,8380902506816,2026Q3,live,Grand Reserve,araku:8380902506816,1,2023Q4,2023-12-10,False,True
Araku,8380902539584,2023Q4,archive,Signature,araku:8380902539584,1,2023Q4,2023-12-10,False,True
Araku,8380902539584,2024Q1,archive,Signature,araku:8380902539584,1,2023Q4,2023-12-10,False,True
Araku,8380902539584,2024Q2,archive,Signature,araku:8380902539584,1,2023Q4,2023-12-10,False,True
Araku,8380902539584,2024Q3,archive,Signature,araku:8380902539584,1,2023Q4,2023-12-10,False,True
Araku,8380902539584,2024Q4,archive,Signature,araku:8380902539584,1,2023Q4,2023-12-10,False,True
Araku,8380902539584,2025Q1,archive,Signature,araku:8380902539584,1,2023Q4,2023-12-10,False,True
Araku,8380902539584,2025Q2,archive,Signature,araku:8380902539584,1,2023Q4,2023-12-10,False,True
Araku,8380902539584,2025Q3,archive,Signature,araku:8380902539584,1,2023Q4,2023-12-10,False,True
Araku,8380902539584,2025Q4,archive,Signature,araku:8380902539584,1,2023Q4,2023-12-10,False,True
Araku,8380902539584,2026Q3,live,Signature,araku:8380902539584,1,2023Q4,2023-12-10,False,True
Araku,8380902572352,2023Q4,archive,Selection,araku:8380902572352,1,2023Q4,2023-12-10,False,True
Araku,8380902572352,2024Q1,archive,Selection,araku:8380902572352,1,2023Q4,2023-12-10,False,True
Araku,8380902572352,2024Q2,archive,Selection,araku:8380902572352,1,2023Q4,2023-12-10,False,True
Araku,8380902572352,2024Q3,archive,Selection,araku:8380902572352,1,2023Q4,2023-12-10,False,True
Araku,8380902572352,2024Q4,archive,Selection,araku:8380902572352,1,2023Q4,2023-12-10,False,True
Araku,8380902572352,2025Q1,archive,Selection,araku:8380902572352,1,2023Q4,2023-12-10,False,True
Araku,8380902572352,2025Q2,archive,Selection,araku:8380902572352,1,2023Q4,2023-12-10,False,True
Araku,8380902572352,2025Q3,archive,Selection,araku:8380902572352,1,2023Q4,2023-12-10,False,True
Araku,8380902572352,2025Q4,archive,Selection,araku:8380902572352,1,2023Q4,2023-12-10,False,True
Araku,8380902572352,2026Q3,live,Selection,araku:8380902572352,1,2023Q4,2023-12-10,False,True
Araku,8380905947456,2023Q4,archive,Early Harvest,araku:8380905947456,1,2023Q4,2023-12-10,False,True
Araku,8380905947456,2024Q1,archive,Early Harvest,araku:8380905947456,1,2023Q4,2023-12-10,False,True
Araku,8380905947456,2024Q2,archive,Early Harvest,araku:8380905947456,1,2023Q4,2023-12-10,False,True
Araku,8380905947456,2024Q3,archive,Early Harvest - Washed Process,araku:8380905947456,1,2023Q4,2023-12-10,False,True
Araku,8380905947456,2024Q4,archive,Early Harvest - Washed Process,araku:8380905947456,1,2023Q4,2023-12-10,False,True
Araku,8380906176832,2023Q4,archive,Micro Climate,araku:8380906176832,1,2023Q4,2023-12-10,False,True
Araku,8380906176832,2024Q1,archive,Micro Climate,araku:8380906176832,1,2023Q4,2023-12-10,False,True
Araku,8380906176832,2024Q2,archive,Micro Climate,araku:8380906176832,1,2023Q4,2023-12-10,False,True
Araku,8380906176832,2024Q3,archive,Micro Climate,araku:8380906176832,1,2023Q4,2023-12-10,False,True
Araku,8380906176832,2024Q4,archive,Micro Climate,araku:8380906176832,1,2023Q4,2023-12-10,False,True
Araku,8380906176832,2025Q1,archive,Micro Climate,araku:8380906176832,1,2023Q4,2023-12-10,False,True
Araku,8380906176832,2025Q2,archive,Micro Climate,araku:8380906176832,1,2023Q4,2023-12-10,False,True
Araku,8380906176832,2025Q3,archive,Micro Climate,araku:8380906176832,1,2023Q4,2023-12-10,False,True
Araku,8380906176832,2025Q4,archive,Micro Climate,araku:8380906176832,1,2023Q4,2023-12-10,False,True
Araku,8380906176832,2026Q3,live,Micro Climate,araku:8380906176832,1,2023Q4,2023-12-10,False,True
Araku,8380915286336,2023Q4,archive,Pocket Brew - Micro Climate,araku:8380915286336,1,2023Q4,2023-12-10,False,True
Araku,8380915286336,2024Q1,archive,Pocket Brew - Micro Climate,araku:8380915286336,1,2023Q4,2023-12-10,False,True
Araku,8380915286336,2024Q2,archive,Pocket Brew - Micro Climate,araku:8380915286336,1,2023Q4,2023-12-10,False,True
Araku,8380915286336,2024Q3,archive,Pocket Brew - Micro Climate,araku:8380915286336,1,2023Q4,2023-12-10,False,True
Araku,8380915286336,2024Q4,archive,Pocket Brew - Micro Climate,araku:8380915286336,1,2023Q4,2023-12-10,False,True
Araku,8380915286336,2025Q1,archive,Pocket Brew - Micro Climate,araku:8380915286336,1,2023Q4,2023-12-10,False,True
Araku,8380915286336,2025Q2,archive,Pocket Brew - Micro Climate,araku:8380915286336,1,2023Q4,2023-12-10,False,True
Araku,8380915286336,2025Q3,archive,Pocket Brew - Micro Climate,araku:8380915286336,1,2023Q4,2023-12-10,False,True
Araku,8380915286336,2025Q4,archive,Pocket Brew - Micro Climate,araku:8380915286336,1,2023Q4,2023-12-10,False,True
Araku,8380915286336,2026Q3,live,Pocket Brew - Micro Climate,araku:8380915286336,1,2023Q4,2023-12-10,False,True
Araku,8380915351872,2023Q4,archive,Pocket Brew - Selection,araku:8380915351872,1,2023Q4,2023-12-10,False,True
Araku,8380915351872,2024Q1,archive,Pocket Brew - Selection,araku:8380915351872,1,2023Q4,2023-12-10,False,True
Araku,8380915351872,2024Q2,archive,Pocket Brew - Selection,araku:8380915351872,1,2023Q4,2023-12-10,False,True
Araku,8380915351872,2024Q3,archive,Pocket Brew - Selection,araku:8380915351872,1,2023Q4,2023-12-10,False,True
Araku,8380915351872,2024Q4,archive,Pocket Brew - Selection,araku:8380915351872,1,2023Q4,2023-12-10,False,True
Araku,8380915351872,2025Q1,archive,Pocket Brew - Selection,araku:8380915351872,1,2023Q4,2023-12-10,False,True
Araku,8380915351872,2025Q2,archive,Pocket Brew - Selection,araku:8380915351872,1,2023Q4,2023-12-10,False,True
Araku,8380915351872,2025Q3,archive,Pocket Brew - Selection,araku:8380915351872,1,2023Q4,2023-12-10,False,True
Araku,8380915351872,2025Q4,archive,Pocket Brew - Selection,araku:8380915351872,1,2023Q4,2023-12-10,False,True
Araku,8380915351872,2026Q3,live,Pocket Brew - Selection,araku:8380915351872,1,2023Q4,2023-12-10,False,True
Araku,8884824703296,2023Q4,archive,Microlot 02.23,araku:8884824703296,1,2023Q4,2023-12-10,False,True
Araku,8884824703296,2024Q1,archive,Microlot 02.23,araku:8884824703296,1,2023Q4,2023-12-10,False,True
Araku,9053797908800,2024Q1,archive,Microlot 03.23,araku:9053797908800,1,2024Q1,2024-02-23,False,True
Araku,9421950320960,2024Q3,archive,Microlot 01.24,araku:9421950320960,1,2024Q3,2024-07-18,False,True
Araku,9508897390912,2024Q4,archive,Early Harvest - Natural Process,araku:9508897390912,1,2024Q4,2024-11-03,False,True
Araku,9613129908544,2024Q4,archive,Pocket Brew - Grand Reserve,araku:9613129908544,1,2024Q4,2024-11-03,False,True
Araku,9613129908544,2025Q1,archive,Pocket Brew - Grand Reserve,araku:9613129908544,1,2024Q4,2024-11-03,False,True
Araku,9613129908544,2025Q2,archive,Pocket Brew - Grand Reserve,araku:9613129908544,1,2024Q4,2024-11-03,False,True
Araku,9613129908544,2025Q3,archive,Pocket Brew - Grand Reserve,araku:9613129908544,1,2024Q4,2024-11-03,False,True
Araku,9613129908544,2025Q4,archive,Pocket Brew - Grand Reserve,araku:9613129908544,1,2024Q4,2024-11-03,False,True
Araku,9613129908544,2026Q3,live,Pocket Brew - Grand Reserve,araku:9613129908544,1,2024Q4,2024-11-03,False,True
Araku,9866704519488,2025Q4,archive,Pocket Brew – Collection,araku:9866704519488,1,2025Q4,2025-11-27,False,True
Araku,9866704519488,2026Q3,live,Pocket Brew – Collection,araku:9866704519488,1,2025Q4,2025-11-27,False,True
Araku,9876011123008,2026Q3,live,High Altitude,araku:9876011123008,1,2026Q3,2026--0-9-,False,True
Black Baza,2489368739919,2023Q1,archive,Black Baza,black-baza:2489368739919,1,2023Q1,2023-01-27,False,True
Black Baza,2489368739919,2023Q2,archive,Black Baza,black-baza:2489368739919,1,2023Q1,2023-01-27,False,True
Black Baza,2489368739919,2024Q3,archive,Black Baza,black-baza:2489368739919,1,2023Q1,2023-01-27,False,True
Black Baza,2489368739919,2024Q4,archive,Black Baza,black-baza:2489368739919,1,2023Q1,2023-01-27,False,True
Black Baza,2489368739919,2025Q1,archive,Black Baza,black-baza:2489368739919,1,2023Q1,2023-01-27,False,True
Black Baza,2489368838223,2023Q1,archive,Otter,black-baza:2489368838223,1,2023Q1,2023-01-27,False,True
Black Baza,2489368838223,2023Q2,archive,Otter,black-baza:2489368838223,1,2023Q1,2023-01-27,False,True
Black Baza,2489368838223,2023Q4,archive,Otter,black-baza:2489368838223,1,2023Q1,2023-01-27,False,True
Black Baza,2489368838223,2024Q2,archive,Otter,black-baza:2489368838223,1,2023Q1,2023-01-27,False,True
Black Baza,2489368838223,2024Q3,archive,Otter,black-baza:2489368838223,1,2023Q1,2023-01-27,False,True
Black Baza,2489368838223,2024Q4,archive,Otter,black-baza:2489368838223,1,2023Q1,2023-01-27,False,True
Black Baza,2489368838223,2025Q1,archive,Otter,black-baza:2489368838223,1,2023Q1,2023-01-27,False,True
Black Baza,2489368838223,2025Q3,archive,Otter,black-baza:2489368838223,1,2023Q1,2023-01-27,False,True
Black Baza,2489368838223,2025Q4,archive,Otter,black-baza:2489368838223,1,2023Q1,2023-01-27,False,True
Black Baza,2489368838223,2026Q1,archive,Otter,black-baza:2489368838223,1,2023Q1,2023-01-27,False,True
Black Baza,2489368838223,2026Q2,archive,Otter,black-baza:2489368838223,1,2023Q1,2023-01-27,False,True
Black Baza,2489368838223,2026Q3,live,Otter,black-baza:2489368838223,1,2023Q1,2023-01-27,False,True
Black Baza,2489368936527,2023Q1,archive,Whistling Schoolboy,black-baza:2489368936527,1,2023Q1,2023-01-27,False,True
Black Baza,2489368936527,2023Q2,archive,Whistling Schoolboy,black-baza:2489368936527,1,2023Q1,2023-01-27,False,True
Black Baza,2489368936527,2023Q4,archive,Whistling Schoolboy,black-baza:2489368936527,1,2023Q1,2023-01-27,False,True
Black Baza,2489368936527,2024Q2,archive,Whistling Schoolboy,black-baza:2489368936527,1,2023Q1,2023-01-27,False,True
Black Baza,2489368936527,2024Q3,archive,Whistling Schoolboy,black-baza:2489368936527,1,2023Q1,2023-01-27,False,True
Black Baza,2489368936527,2024Q4,archive,Whistling Schoolboy,black-baza:2489368936527,1,2023Q1,2023-01-27,False,True
Black Baza,2489368936527,2025Q1,archive,Whistling Schoolboy,black-baza:2489368936527,1,2023Q1,2023-01-27,False,True
Black Baza,2489368936527,2025Q3,archive,Whistling Schoolboy,black-baza:2489368936527,1,2023Q1,2023-01-27,False,True
Black Baza,2489368936527,2025Q4,archive,Whistling Schoolboy,black-baza:2489368936527,1,2023Q1,2023-01-27,False,True
Black Baza,2489368936527,2026Q1,archive,Whistling Schoolboy,black-baza:2489368936527,1,2023Q1,2023-01-27,False,True
Black Baza,2489368936527,2026Q2,archive,Whistling Schoolboy,black-baza:2489368936527,1,2023Q1,2023-01-27,False,True
Black Baza,2489368936527,2026Q3,live,Whistling Schoolboy,black-baza:2489368936527,1,2023Q1,2023-01-27,False,True
Black Baza,2489369100367,2023Q1,archive,Ficus,black-baza:2489369100367,1,2023Q1,2023-01-27,False,True
Black Baza,2489369100367,2023Q2,archive,Ficus,black-baza:2489369100367,1,2023Q1,2023-01-27,False,True
Black Baza,2489369100367,2023Q4,archive,Ficus,black-baza:2489369100367,1,2023Q1,2023-01-27,False,True
Black Baza,2489369100367,2024Q2,archive,Ficus,black-baza:2489369100367,1,2023Q1,2023-01-27,False,True
Black Baza,2489369100367,2024Q3,archive,Ficus,black-baza:2489369100367,1,2023Q1,2023-01-27,False,True
Black Baza,2489369100367,2024Q4,archive,Ficus,black-baza:2489369100367,1,2023Q1,2023-01-27,False,True
Black Baza,2489369100367,2025Q1,archive,Ficus,black-baza:2489369100367,1,2023Q1,2023-01-27,False,True
Black Baza,2489369100367,2025Q3,archive,Ficus,black-baza:2489369100367,1,2023Q1,2023-01-27,False,True
Black Baza,2489369100367,2025Q4,archive,Ficus,black-baza:2489369100367,1,2023Q1,2023-01-27,False,True
Black Baza,2489369100367,2026Q1,archive,Ficus,black-baza:2489369100367,1,2023Q1,2023-01-27,False,True
Black Baza,2489369100367,2026Q2,archive,Ficus,black-baza:2489369100367,1,2023Q1,2023-01-27,False,True
Black Baza,2489369100367,2026Q3,live,Ficus,black-baza:2489369100367,1,2023Q1,2023-01-27,False,True
Black Baza,2489369264207,2023Q1,archive,Wanderoo,black-baza:2489369264207,1,2023Q1,2023-01-27,False,True
Black Baza,2489369264207,2023Q2,archive,Wanderoo,black-baza:2489369264207,1,2023Q1,2023-01-27,False,True
Black Baza,2489369264207,2023Q4,archive,Wanderoo,black-baza:2489369264207,1,2023Q1,2023-01-27,False,True
Black Baza,2489369264207,2024Q2,archive,Wanderoo,black-baza:2489369264207,1,2023Q1,2023-01-27,False,True
Black Baza,2489369264207,2024Q3,archive,Wanderoo,black-baza:2489369264207,1,2023Q1,2023-01-27,False,True
Black Baza,2489369264207,2024Q4,archive,Wanderoo,black-baza:2489369264207,1,2023Q1,2023-01-27,False,True
Black Baza,2489369264207,2025Q1,archive,Wanderoo,black-baza:2489369264207,1,2023Q1,2023-01-27,False,True
Black Baza,2489369264207,2025Q3,archive,Wanderoo,black-baza:2489369264207,1,2023Q1,2023-01-27,False,True
Black Baza,2489369264207,2025Q4,archive,Wanderoo,black-baza:2489369264207,1,2023Q1,2023-01-27,False,True
Black Baza,2489369264207,2026Q1,archive,Wanderoo,black-baza:2489369264207,1,2023Q1,2023-01-27,False,True
Black Baza,2489369264207,2026Q2,archive,Wanderoo,black-baza:2489369264207,1,2023Q1,2023-01-27,False,True
Black Baza,2489369264207,2026Q3,live,Wanderoo,black-baza:2489369264207,1,2023Q1,2023-01-27,False,True
Black Baza,3692126928975,2023Q1,archive,Coffee Sampler Pack,black-baza:3692126928975,1,2023Q1,2023-01-27,False,True
Black Baza,3692126928975,2023Q2,archive,Coffee Sampler Pack,black-baza:3692126928975,1,2023Q1,2023-01-27,False,True
Black Baza,3692126928975,2023Q4,archive,Coffee Sampler Pack,black-baza:3692126928975,1,2023Q1,2023-01-27,False,True
Black Baza,3692126928975,2024Q2,archive,Coffee Sampler Pack,black-baza:3692126928975,1,2023Q1,2023-01-27,False,True
Black Baza,3692126928975,2024Q3,archive,Coffee Sampler Pack,black-baza:3692126928975,1,2023Q1,2023-01-27,False,True
Black Baza,3692126928975,2024Q4,archive,Coffee Sampler Pack,black-baza:3692126928975,1,2023Q1,2023-01-27,False,True
Black Baza,3692126928975,2025Q1,archive,Coffee Sampler Pack,black-baza:3692126928975,1,2023Q1,2023-01-27,False,True
Black Baza,3692126928975,2025Q3,archive,Coffee Sampler Pack,black-baza:3692126928975,1,2023Q1,2023-01-27,False,True
Black Baza,3692126928975,2025Q4,archive,Coffee Sampler Pack,black-baza:3692126928975,1,2023Q1,2023-01-27,False,True
Black Baza,3692126928975,2026Q1,archive,Coffee Sampler Pack,black-baza:3692126928975,1,2023Q1,2023-01-27,False,True
Black Baza,3692126928975,2026Q2,archive,Coffee Sampler Pack,black-baza:3692126928975,1,2023Q1,2023-01-27,False,True
Black Baza,3692126928975,2026Q3,live,Coffee Sampler Pack,black-baza:3692126928975,1,2023Q1,2023-01-27,False,True
Black Baza,3692128305231,2023Q1,archive,Jumping Ant,black-baza:3692128305231,1,2023Q1,2023-01-27,False,True
Black Baza,3692128305231,2023Q2,archive,Jumping Ant,black-baza:3692128305231,1,2023Q1,2023-01-27,False,True
Black Baza,3692128305231,2023Q4,archive,Jumping Ant,black-baza:3692128305231,1,2023Q1,2023-01-27,False,True
Black Baza,3692128305231,2024Q3,archive,Jumping Ant,black-baza:3692128305231,1,2023Q1,2023-01-27,False,True
Black Baza,3692128305231,2024Q4,archive,Jumping Ant,black-baza:3692128305231,1,2023Q1,2023-01-27,False,True
Black Baza,3692128305231,2025Q1,archive,Jumping Ant,black-baza:3692128305231,1,2023Q1,2023-01-27,False,True
Black Baza,3692128305231,2025Q3,archive,Jumping Ant,black-baza:3692128305231,1,2023Q1,2023-01-27,False,True
Black Baza,3692128305231,2025Q4,archive,Jumping Ant,black-baza:3692128305231,1,2023Q1,2023-01-27,False,True
Black Baza,3692128305231,2026Q1,archive,Jumping Ant,black-baza:3692128305231,1,2023Q1,2023-01-27,False,True
Black Baza,3692128305231,2026Q2,archive,Jumping Ant,black-baza:3692128305231,1,2023Q1,2023-01-27,False,True
Black Baza,4034302640207,2023Q1,archive,Bird-Friendly Bundle,black-baza:4034302640207,1,2023Q1,2023-01-27,False,True
Black Baza,4034302640207,2023Q2,archive,Bird-Friendly Bundle,black-baza:4034302640207,1,2023Q1,2023-01-27,False,True
Black Baza,4034302640207,2023Q4,archive,Bird-Friendly Bundle,black-baza:4034302640207,1,2023Q1,2023-01-27,False,True
Black Baza,4034302640207,2024Q2,archive,Bird-Friendly Bundle,black-baza:4034302640207,1,2023Q1,2023-01-27,False,True
Black Baza,4034302640207,2024Q3,archive,Bird-Friendly Bundle,black-baza:4034302640207,1,2023Q1,2023-01-27,False,True
Black Baza,4034302640207,2024Q4,archive,Bird-Friendly Bundle,black-baza:4034302640207,1,2023Q1,2023-01-27,False,True
Black Baza,4034302640207,2025Q1,archive,Bird-Friendly Bundle,black-baza:4034302640207,1,2023Q1,2023-01-27,False,True
Black Baza,4034302640207,2025Q3,archive,Bird-Friendly Bundle,black-baza:4034302640207,1,2023Q1,2023-01-27,False,True
Black Baza,4034302640207,2025Q4,archive,Bird-Friendly Bundle,black-baza:4034302640207,1,2023Q1,2023-01-27,False,True
Black Baza,4034302640207,2026Q1,archive,Bird-Friendly Bundle,black-baza:4034302640207,1,2023Q1,2023-01-27,False,True
Black Baza,4034302640207,2026Q2,archive,Bird-Friendly Bundle,black-baza:4034302640207,1,2023Q1,2023-01-27,False,True
Black Baza,4034302640207,2026Q3,live,Bird-Friendly Bundle,black-baza:4034302640207,1,2023Q1,2023-01-27,False,True
Black Baza,4679965179983,2023Q1,archive,Handloom Pour Over Filters,black-baza:4679965179983,1,2023Q1,2023-01-27,False,True
Black Baza,4679965179983,2024Q3,archive,Handloom Pour Over Filters,black-baza:4679965179983,1,2023Q1,2023-01-27,False,True
Black Baza,6071922262198,2023Q1,archive,Loris,black-baza:6071922262198,1,2023Q1,2023-01-27,False,True
Black Baza,6071922262198,2023Q2,archive,Loris,black-baza:6071922262198,1,2023Q1,2023-01-27,False,True
Black Baza,6071922262198,2023Q4,archive,Loris,black-baza:6071922262198,1,2023Q1,2023-01-27,False,True
Black Baza,6071922262198,2024Q2,archive,Loris,black-baza:6071922262198,1,2023Q1,2023-01-27,False,True
Black Baza,6071922262198,2024Q3,archive,Loris,black-baza:6071922262198,1,2023Q1,2023-01-27,False,True
Black Baza,6071922262198,2024Q4,archive,Loris,black-baza:6071922262198,1,2023Q1,2023-01-27,False,True
Black Baza,6071922262198,2025Q1,archive,Loris,black-baza:6071922262198,1,2023Q1,2023-01-27,False,True
Black Baza,6071922262198,2025Q3,archive,Loris,black-baza:6071922262198,1,2023Q1,2023-01-27,False,True
Black Baza,6071922262198,2025Q4,archive,Loris,black-baza:6071922262198,1,2023Q1,2023-01-27,False,True
Black Baza,6071922262198,2026Q1,archive,Loris,black-baza:6071922262198,1,2023Q1,2023-01-27,False,True
Black Baza,6071922262198,2026Q2,archive,Loris,black-baza:6071922262198,1,2023Q1,2023-01-27,False,True
Black Baza,6071922262198,2026Q3,live,Loris,black-baza:6071922262198,1,2023Q1,2023-01-27,False,True
Black Baza,7105422688438,2023Q1,archive,Luna,black-baza:7105422688438,1,2023Q1,2023-01-27,False,True
Black Baza,7105422688438,2023Q2,archive,Luna,black-baza:7105422688438,1,2023Q1,2023-01-27,False,True
Black Baza,7105422688438,2023Q4,archive,Luna,black-baza:7105422688438,1,2023Q1,2023-01-27,False,True
Black Baza,7105422688438,2024Q2,archive,Luna,black-baza:7105422688438,1,2023Q1,2023-01-27,False,True
Black Baza,7105422688438,2024Q3,archive,Luna,black-baza:7105422688438,1,2023Q1,2023-01-27,False,True
Black Baza,7105422688438,2024Q4,archive,Luna,black-baza:7105422688438,1,2023Q1,2023-01-27,False,True
Black Baza,7105422688438,2025Q1,archive,Luna,black-baza:7105422688438,1,2023Q1,2023-01-27,False,True
Black Baza,7105422688438,2025Q3,archive,Luna,black-baza:7105422688438,1,2023Q1,2023-01-27,False,True
Black Baza,7105422688438,2025Q4,archive,Luna,black-baza:7105422688438,1,2023Q1,2023-01-27,False,True
Black Baza,7105422688438,2026Q1,archive,Luna,black-baza:7105422688438,1,2023Q1,2023-01-27,False,True
Black Baza,7105422688438,2026Q2,archive,Luna,black-baza:7105422688438,1,2023Q1,2023-01-27,False,True
Black Baza,7105422688438,2026Q3,live,Luna,black-baza:7105422688438,1,2023Q1,2023-01-27,False,True
Black Baza,7191776264374,2023Q1,archive,Frogmouth,black-baza:7191776264374,1,2023Q1,2023-01-27,False,True
Black Baza,7191776264374,2023Q2,archive,Frogmouth,black-baza:7191776264374,1,2023Q1,2023-01-27,False,True
Black Baza,7191776264374,2023Q4,archive,Frogmouth,black-baza:7191776264374,1,2023Q1,2023-01-27,False,True
Black Baza,7191776264374,2024Q2,archive,Frogmouth,black-baza:7191776264374,1,2023Q1,2023-01-27,False,True
Black Baza,7191776264374,2024Q3,archive,Frogmouth,black-baza:7191776264374,1,2023Q1,2023-01-27,False,True
Black Baza,7191776264374,2024Q4,archive,Frogmouth,black-baza:7191776264374,1,2023Q1,2023-01-27,False,True
Black Baza,7290590068918,2023Q1,archive,Ceramic Pour Over,black-baza:7290590068918,1,2023Q1,2023-01-27,False,True
Black Baza,7290590068918,2024Q3,archive,Ceramic Pour Over,black-baza:7290590068918,1,2023Q1,2023-01-27,False,True
Black Baza,7349558902966,2023Q1,archive,Cascara,black-baza:7349558902966,1,2023Q1,2023-01-27,False,True
Black Baza,7349558902966,2024Q3,archive,Cascara,black-baza:7349558902966,1,2023Q1,2023-01-27,False,True
Black Baza,7349591834806,2023Q1,archive,Coffee Flour,black-baza:7349591834806,1,2023Q1,2023-01-27,False,True
Black Baza,7349591834806,2024Q3,archive,Coffee Flour,black-baza:7349591834806,1,2023Q1,2023-01-27,False,True
Black Baza,7405814743222,2023Q1,archive,Specialty Arabica Bundle,black-baza:7405814743222,1,2023Q1,2023-01-27,False,True
Black Baza,7405814743222,2024Q3,archive,Specialty Arabica Bundle,black-baza:7405814743222,1,2023Q1,2023-01-27,False,True
Black Baza,7405814743222,2025Q3,archive,Specialty Arabica Bundle,black-baza:7405814743222,1,2023Q1,2023-01-27,False,True
Black Baza,7405814743222,2025Q4,archive,Specialty Arabica Bundle,black-baza:7405814743222,1,2023Q1,2023-01-27,False,True
Black Baza,7405814743222,2026Q1,archive,Specialty Arabica Bundle,black-baza:7405814743222,1,2023Q1,2023-01-27,False,True
Black Baza,7405814743222,2026Q2,archive,Specialty Arabica Bundle,black-baza:7405814743222,1,2023Q1,2023-01-27,False,True
Black Baza,7405814743222,2026Q3,live,Specialty Arabica Bundle,black-baza:7405814743222,1,2023Q1,2023-01-27,False,True
Black Baza,7417825984694,2023Q1,archive,Galaxy Frog,black-baza:7417825984694,1,2023Q1,2023-01-27,False,True
Black Baza,7417825984694,2023Q2,archive,Galaxy Frog,black-baza:7417825984694,1,2023Q1,2023-01-27,False,True
Black Baza,7417825984694,2023Q4,archive,Galaxy Frog,black-baza:7417825984694,1,2023Q1,2023-01-27,False,True
Black Baza,7417825984694,2024Q2,archive,Galaxy Frog,black-baza:7417825984694,1,2023Q1,2023-01-27,False,True
Black Baza,7417825984694,2024Q3,archive,Galaxy Frog,black-baza:7417825984694,1,2023Q1,2023-01-27,False,True
Black Baza,7417825984694,2024Q4,archive,Galaxy Frog,black-baza:7417825984694,1,2023Q1,2023-01-27,False,True
Black Baza,7417825984694,2025Q1,archive,Galaxy Frog,black-baza:7417825984694,1,2023Q1,2023-01-27,False,True
Black Baza,7417825984694,2025Q3,archive,Galaxy Frog,black-baza:7417825984694,1,2023Q1,2023-01-27,False,True
Black Baza,7417825984694,2025Q4,archive,Galaxy Frog,black-baza:7417825984694,1,2023Q1,2023-01-27,False,True
Black Baza,7417825984694,2026Q1,archive,Galaxy Frog,black-baza:7417825984694,1,2023Q1,2023-01-27,False,True
Black Baza,7417825984694,2026Q2,archive,Galaxy Frog,black-baza:7417825984694,1,2023Q1,2023-01-27,False,True
Black Baza,7457095844022,2023Q1,archive,Biligiri Black Pepper,black-baza:7457095844022,1,2023Q1,2023-01-27,False,True
Black Baza,7457095844022,2024Q3,archive,Biligiri Black Pepper,black-baza:7457095844022,1,2023Q1,2023-01-27,False,True
Black Baza,7506546819254,2023Q1,archive,Microlot 28 | Whiskey Sub,black-baza:7506546819254,1,2023Q1,2023-01-27,False,True
Black Baza,7524003381430,2023Q1,archive,Coffee Canister (Colour: Moss Forest),black-baza:7524003381430,1,2023Q1,2023-01-27,False,True
Black Baza,7524003381430,2024Q3,archive,Coffee Canister (Colour: Moss Forest),black-baza:7524003381430,1,2023Q1,2023-01-27,False,True
Black Baza,7524377100470,2023Q1,archive,Coffee Mug (Colour: Yellow Mushroom),black-baza:7524377100470,1,2023Q1,2023-01-27,False,True
Black Baza,7524377100470,2024Q3,archive,Coffee Mug (Colour: Yellow Mushroom),black-baza:7524377100470,1,2023Q1,2023-01-27,False,True
Black Baza,7543029301430,2023Q1,archive,Microlot 29 | 'Farm in a Cup',black-baza:7543029301430,1,2023Q1,2023-01-27,False,True
Black Baza,7578608566454,2024Q3,archive,Attihally Cardamom,black-baza:7578608566454,1,2024Q3,2024-10-16,False,True
Black Baza,7589549965494,2023Q4,archive,Tiger Beetle,black-baza:7589549965494,1,2023Q4,2023-12-01,False,True
Black Baza,7589549965494,2024Q2,archive,Tiger Beetle,black-baza:7589549965494,1,2023Q4,2023-12-01,False,True
Black Baza,7589549965494,2024Q3,archive,Tiger Beetle,black-baza:7589549965494,1,2023Q4,2023-12-01,False,True
Black Baza,7589549965494,2025Q3,archive,Tiger Beetle,black-baza:7589549965494,1,2023Q4,2023-12-01,False,True
Black Baza,7589549965494,2025Q4,archive,Tiger Beetle,black-baza:7589549965494,1,2023Q4,2023-12-01,False,True
Black Baza,7589549965494,2026Q1,archive,Tiger Beetle,black-baza:7589549965494,1,2023Q4,2023-12-01,False,True
Black Baza,7589549965494,2026Q2,archive,Tiger Beetle,black-baza:7589549965494,1,2023Q4,2023-12-01,False,True
Black Baza,7589549965494,2026Q3,live,Tiger Beetle,black-baza:7589549965494,1,2023Q4,2023-12-01,False,True
Black Baza,7638372286646,2024Q3,archive,Draco,black-baza:7638372286646,1,2024Q3,2024-10-16,False,True
Black Baza,7638372286646,2025Q3,archive,Draco,black-baza:7638372286646,1,2024Q3,2024-10-16,False,True
Black Baza,7638372286646,2025Q4,archive,Draco,black-baza:7638372286646,1,2024Q3,2024-10-16,False,True
Black Baza,7638372286646,2026Q1,archive,Draco,black-baza:7638372286646,1,2024Q3,2024-10-16,False,True
Black Baza,7638372286646,2026Q2,archive,Draco,black-baza:7638372286646,1,2024Q3,2024-10-16,False,True
Black Baza,7638372286646,2026Q3,live,Draco,black-baza:7638372286646,1,2024Q3,2024-10-16,False,True
Black Baza,7677321674934,2024Q3,archive,"Coffee, Honey, and Amla Magic: The Nilgiri Festive Fusion",black-baza:7677321674934,1,2024Q3,2024-10-16,False,True
Black Baza,7677330686134,2024Q3,archive,Flavours of Festivity Gift Box,black-baza:7677330686134,1,2024Q3,2024-10-16,False,True
Black Baza,7694996177078,2024Q2,archive,Chukki,black-baza:7694996177078,1,2024Q2,2024-04-16,False,True
Black Baza,7694996177078,2024Q3,archive,Chukki,black-baza:7694996177078,1,2024Q2,2024-04-16,False,True
Black Baza,7694996177078,2025Q1,archive,Chukki,black-baza:7694996177078,1,2024Q2,2024-04-16,False,True
Black Baza,7694996177078,2025Q3,archive,Chukki,black-baza:7694996177078,1,2024Q2,2024-04-16,False,True
Black Baza,7694996177078,2025Q4,archive,Chukki,black-baza:7694996177078,1,2024Q2,2024-04-16,False,True
Black Baza,7694996177078,2026Q1,archive,Chukki,black-baza:7694996177078,1,2024Q2,2024-04-16,False,True
Black Baza,7694996177078,2026Q2,archive,Chukki,black-baza:7694996177078,1,2024Q2,2024-04-16,False,True
Black Baza,7694996177078,2026Q3,live,Chukki,black-baza:7694996177078,1,2024Q2,2024-04-16,False,True
Black Baza,7748461199542,2024Q3,archive,Dark Jaggery,black-baza:7748461199542,1,2024Q3,2024-10-16,False,True
Black Baza,7756859277494,2024Q3,archive,Chonky Ant Scoop,black-baza:7756859277494,1,2024Q3,2024-10-16,False,True
Black Baza,7762261704886,2024Q3,archive,Potter Wasp,black-baza:7762261704886,1,2024Q3,2024-10-16,False,True
Black Baza,7762261704886,2025Q3,archive,Potter Wasp,black-baza:7762261704886,1,2024Q3,2024-10-16,False,True
Black Baza,7762261704886,2025Q4,archive,Potter Wasp,black-baza:7762261704886,1,2024Q3,2024-10-16,False,True
Black Baza,7762261704886,2026Q1,archive,Potter Wasp,black-baza:7762261704886,1,2024Q3,2024-10-16,False,True
Black Baza,7762261704886,2026Q2,archive,Potter Wasp,black-baza:7762261704886,1,2024Q3,2024-10-16,False,True
Black Baza,7762261704886,2026Q3,live,Potter Wasp,black-baza:7762261704886,1,2024Q3,2024-10-16,False,True
Black Baza,7791324430518,2024Q3,archive,Coffee Mug,black-baza:7791324430518,1,2024Q3,2024-10-16,False,True
Black Baza,7791558885558,2024Q3,archive,Coffee Canister,black-baza:7791558885558,1,2024Q3,2024-10-16,False,True
Black Baza,7927171252406,2024Q3,archive,Kaati,black-baza:7927171252406,1,2024Q3,2024-10-16,False,True
Black Baza,7927171252406,2025Q3,archive,Kaati,black-baza:7927171252406,1,2024Q3,2024-10-16,False,True
Black Baza,7927171252406,2025Q4,archive,Kaati,black-baza:7927171252406,1,2024Q3,2024-10-16,False,True
Black Baza,7927171252406,2026Q1,archive,Kaati,black-baza:7927171252406,1,2024Q3,2024-10-16,False,True
Black Baza,7927171252406,2026Q2,archive,Kaati,black-baza:7927171252406,1,2024Q3,2024-10-16,False,True
Black Baza,7927171252406,2026Q3,live,Kaati,black-baza:7927171252406,1,2024Q3,2024-10-16,False,True
Black Baza,7933615341750,2024Q3,archive,Ceramic Pour Over Sets,black-baza:7933615341750,1,2024Q3,2024-10-16,False,True
Black Baza,8054363619510,2024Q3,archive,Yellow Honey,black-baza:8054363619510,1,2024Q3,2024-10-16,False,True
Black Baza,8054376857782,2024Q3,archive,Aged in Oak,black-baza:8054376857782,1,2024Q3,2024-10-16,False,True
Black Baza,8221677420726,2025Q3,archive,Anaerobic Naturals,black-baza:8221677420726,1,2025Q3,2025-07-20,False,True
Black Baza,8255114150070,2025Q3,archive,Yellow Honey,black-baza:8255114150070,1,2025Q3,2025-07-20,False,True
Black Baza,8352913359030,2025Q4,archive,Red Honey,black-baza:8352913359030,1,2025Q4,2025-11-30,False,True
Black Baza,8385601503414,2026Q1,archive,Lactic Process,black-baza:8385601503414,1,2026Q1,2026-02-13,False,True
Black Baza,8765338714294,2026Q2,archive,Frogmouth,black-baza:8765338714294,1,2026Q2,2026-04-29,False,True
Black Baza,8765338714294,2026Q3,live,Frogmouth,black-baza:8765338714294,1,2026Q2,2026-04-29,False,True
Black Baza,8765378560182,2026Q2,archive,Kombucha Honey,black-baza:8765378560182,1,2026Q2,2026-04-29,False,True
Black Baza,8837542248630,2026Q3,live,66 Shades,black-baza:8837542248630,1,2026Q3,2026--0-9-,False,True
Black Baza,8872578777270,2026Q3,live,Supernaturals,black-baza:8872578777270,1,2026Q3,2026--0-9-,False,True
Bloom,6563619406010,2023Q1,archive,Kenny Ji - The Cold Brew Blend,bloom:6563619406010,1,2023Q1,2023-02-05,False,True
Bloom,6563619406010,2023Q4,archive,Kenny Ji - The Cold Brew Blend,bloom:6563619406010,1,2023Q1,2023-02-05,False,True
Bloom,6563619406010,2024Q2,archive,Kenny Ji - The Cold Brew Blend,bloom:6563619406010,1,2023Q1,2023-02-05,False,True
Bloom,6563619406010,2024Q3,archive,Kenny Ji - The Cold Brew Blend,bloom:6563619406010,1,2023Q1,2023-02-05,False,True
Bloom,6563619406010,2024Q4,archive,Kenny Ji - The Cold Brew Blend,bloom:6563619406010,1,2023Q1,2023-02-05,False,True
Bloom,6563619406010,2025Q1,archive,Kenny Ji - The Cold Brew Blend,bloom:6563619406010,1,2023Q1,2023-02-05,False,True
Bloom,6563619406010,2025Q3,archive,Kenny Ji - The Cold Brew Blend,bloom:6563619406010,1,2023Q1,2023-02-05,False,True
Bloom,6563619406010,2026Q3,live,Kenny Ji - The Cold Brew Blend,bloom:6563619406010,1,2023Q1,2023-02-05,False,True
Bloom,6563619504314,2023Q1,archive,"A ""lot"" like Christmas - The Christmas Blend - Medium Roast",bloom:6563619504314,1,2023Q1,2023-02-05,False,True
Bloom,6563740025018,2023Q1,archive,Ro-Busta Rhymes - Medium Dark Roast,bloom:6563740025018,1,2023Q1,2023-02-05,False,True
Bloom,6563740025018,2023Q4,archive,Ro-Busta Rhymes - Dark Roast,bloom:6563740025018,1,2023Q1,2023-02-05,False,True
Bloom,6563740025018,2024Q2,archive,Ro-Busta Rhymes - Dark Roast,bloom:6563740025018,1,2023Q1,2023-02-05,False,True
Bloom,6563740025018,2024Q3,archive,Ro-Busta Rhymes - Dark Roast,bloom:6563740025018,1,2023Q1,2023-02-05,False,True
Bloom,6563740025018,2024Q4,archive,Ro-Busta Rhymes - Dark Roast,bloom:6563740025018,1,2023Q1,2023-02-05,False,True
Bloom,6563740025018,2025Q1,archive,Ro-Busta Rhymes - Dark Roast,bloom:6563740025018,1,2023Q1,2023-02-05,False,True
Bloom,6563740025018,2025Q3,archive,Ro-Busta Rhymes - Dark Roast,bloom:6563740025018,1,2023Q1,2023-02-05,False,True
Bloom,6563740025018,2026Q3,live,Ro-Busta Rhymes - Dark Roast,bloom:6563740025018,1,2023Q1,2023-02-05,False,True
Bloom,6563766403258,2023Q1,archive,Satchmo - Dark Roast,bloom:6563766403258,1,2023Q1,2023-02-05,False,True
Bloom,6563766403258,2023Q4,archive,Satchmo - Dark Roast,bloom:6563766403258,1,2023Q1,2023-02-05,False,True
Bloom,6563766403258,2024Q2,archive,Satchmo - Dark Roast,bloom:6563766403258,1,2023Q1,2023-02-05,False,True
Bloom,6563766403258,2024Q3,archive,Satchmo - Dark Roast,bloom:6563766403258,1,2023Q1,2023-02-05,False,True
Bloom,6563766403258,2024Q4,archive,Satchmo - Dark Roast,bloom:6563766403258,1,2023Q1,2023-02-05,False,True
Bloom,6563766403258,2025Q1,archive,Satchmo - Dark Roast,bloom:6563766403258,1,2023Q1,2023-02-05,False,True
Bloom,6563766403258,2025Q3,archive,Satchmo - Dark Roast,bloom:6563766403258,1,2023Q1,2023-02-05,False,True
Bloom,6563766403258,2026Q3,live,Satchmo - Dark Roast,bloom:6563766403258,1,2023Q1,2023-02-05,False,True
Bloom,6563778035898,2023Q1,archive,Vin Van Gogh - Medium Roast,bloom:6563778035898,1,2023Q1,2023-02-05,False,True
Bloom,6563778035898,2023Q4,archive,Vin Van Gogh - Medium Roast,bloom:6563778035898,1,2023Q1,2023-02-05,False,True
Bloom,6563778035898,2024Q2,archive,Vin Van Gogh - Medium Roast,bloom:6563778035898,1,2023Q1,2023-02-05,False,True
Bloom,6563778035898,2024Q3,archive,Vin Van Gogh - Medium Roast,bloom:6563778035898,1,2023Q1,2023-02-05,False,True
Bloom,6563778035898,2024Q4,archive,Vin Van Gogh - Medium Roast,bloom:6563778035898,1,2023Q1,2023-02-05,False,True
Bloom,6563778035898,2025Q1,archive,Vin Van Gogh - Medium Roast,bloom:6563778035898,1,2023Q1,2023-02-05,False,True
Bloom,6563778035898,2025Q3,archive,Vin Van Gogh - Medium Roast,bloom:6563778035898,1,2023Q1,2023-02-05,False,True
Bloom,6563778035898,2026Q3,live,Vin Van Gogh - Medium Roast,bloom:6563778035898,1,2023Q1,2023-02-05,False,True
Bloom,6563790684346,2023Q4,archive,Venkids Valley Estate – The Yellow Honey - Light Roast,bloom:6563790684346,1,2023Q4,2023-10-02,False,True
Bloom,6563812409530,2023Q1,archive,Venkids Valley Estate (Washed) – Coorg - Medium Dark Roast,bloom:6563812409530,1,2023Q1,2023-02-05,False,True
Bloom,6563812409530,2023Q4,archive,Venkids Valley Estate (Washed) – Coorg - Medium Dark Roast,bloom:6563812409530,1,2023Q1,2023-02-05,False,True
Bloom,6563812409530,2024Q2,archive,Venkids Valley Estate (Washed) – Coorg - Medium Dark Roast,bloom:6563812409530,1,2023Q1,2023-02-05,False,True
Bloom,6563812409530,2024Q3,archive,Venkids Valley Estate (Washed) – Coorg - Medium Dark Roast,bloom:6563812409530,1,2023Q1,2023-02-05,False,True
Bloom,6563812409530,2024Q4,archive,Venkids Valley Estate (Washed) – Coorg - Medium Dark Roast,bloom:6563812409530,1,2023Q1,2023-02-05,False,True
Bloom,6563812409530,2025Q1,archive,Venkids Valley Estate (Washed) – Coorg - Medium Dark Roast,bloom:6563812409530,1,2023Q1,2023-02-05,False,True
Bloom,6563812409530,2025Q3,archive,Venkids Valley Estate (Washed) – Coorg - Medium Dark Roast,bloom:6563812409530,1,2023Q1,2023-02-05,False,True
Bloom,6563822076090,2023Q1,archive,Salawara Estate – Chikmaglur - Dark Roast,bloom:6563822076090,1,2023Q1,2023-02-05,False,True
Bloom,6563822076090,2023Q4,archive,Salawara Estate – Chikmaglur - Dark Roast,bloom:6563822076090,1,2023Q1,2023-02-05,False,True
Bloom,6563822076090,2024Q2,archive,Salawara Estate – Chikmaglur - Dark Roast,bloom:6563822076090,1,2023Q1,2023-02-05,False,True
Bloom,6563822076090,2024Q3,archive,Salawara Estate – Chikmaglur - Dark Roast,bloom:6563822076090,1,2023Q1,2023-02-05,False,True
Bloom,6563822076090,2024Q4,archive,Salawara Estate – Chikmaglur - Dark Roast,bloom:6563822076090,1,2023Q1,2023-02-05,False,True
Bloom,6563822076090,2025Q1,archive,Salawara Estate – Chikmaglur - Dark Roast,bloom:6563822076090,1,2023Q1,2023-02-05,False,True
Bloom,6563822076090,2025Q3,archive,Salawara Estate – Chikmaglur - Dark Roast,bloom:6563822076090,1,2023Q1,2023-02-05,False,True
Bloom,6563822076090,2026Q3,live,Salawara Estate – Chikmaglur - Dark Roast,bloom:6563822076090,1,2023Q1,2023-02-05,False,True
Bloom,6682190414010,2023Q1,archive,BCR Custom Sample Pack of 3,bloom:6682190414010,1,2023Q1,2023-02-05,False,True
Bloom,6682190414010,2023Q4,archive,BCR Custom Sample Pack of 3,bloom:6682190414010,1,2023Q1,2023-02-05,False,True
Bloom,6682190414010,2024Q2,archive,BCR Custom Sample Pack of 3,bloom:6682190414010,1,2023Q1,2023-02-05,False,True
Bloom,6682190414010,2024Q3,archive,BCR Custom Sample Pack of 3,bloom:6682190414010,1,2023Q1,2023-02-05,False,True
Bloom,6682190414010,2024Q4,archive,BCR Custom Sample Pack of 3,bloom:6682190414010,1,2023Q1,2023-02-05,False,True
Bloom,6682190414010,2025Q1,archive,BCR Custom Sample Pack of 3,bloom:6682190414010,1,2023Q1,2023-02-05,False,True
Bloom,6682190414010,2025Q3,archive,BCR Custom Sample Pack of 3,bloom:6682190414010,1,2023Q1,2023-02-05,False,True
Bloom,6903892279482,2023Q1,archive,Papakuchi Coffee (Washed) - Coorg (Light Roast),bloom:6903892279482,1,2023Q1,2023-02-05,False,True
Bloom,6903892279482,2023Q4,archive,Papakuchi Coffee (Washed) - Coorg (Light Roast),bloom:6903892279482,1,2023Q1,2023-02-05,False,True
Bloom,6903892279482,2024Q2,archive,Papakuchi Coffee (Washed) - Coorg (Light Roast),bloom:6903892279482,1,2023Q1,2023-02-05,False,True
Bloom,6903892279482,2024Q3,archive,Papakuchi Coffee (Washed) - Coorg (Light Roast),bloom:6903892279482,1,2023Q1,2023-02-05,False,True
Bloom,6903892279482,2024Q4,archive,Papakuchi Coffee (Washed) - Coorg (Light Roast),bloom:6903892279482,1,2023Q1,2023-02-05,False,True
Bloom,6903892279482,2025Q1,archive,Papakuchi Coffee (Washed) - Coorg (Light Roast),bloom:6903892279482,1,2023Q1,2023-02-05,False,True
Bloom,6903892279482,2025Q3,archive,Papakuchi Coffee (Washed) - Coorg (Light Roast),bloom:6903892279482,1,2023Q1,2023-02-05,False,True
Bloom,7096362467514,2023Q1,archive,Unakki Coffee Collective - Agni Naturals - Chikmagalur (Light Roast),bloom:7096362467514,1,2023Q1,2023-02-05,False,True
Bloom,7096363057338,2023Q1,archive,Pulney Coffee (Washed) - Pulney Hills - Medium Roast,bloom:7096363057338,1,2023Q1,2023-02-05,False,True
Bloom,7096363057338,2023Q4,archive,Pulney Coffee (Washed) - Pulney Hills - Medium Roast,bloom:7096363057338,1,2023Q1,2023-02-05,False,True
Bloom,7096363057338,2024Q2,archive,Pulney Coffee (Washed) - Pulney Hills - Medium Roast,bloom:7096363057338,1,2023Q1,2023-02-05,False,True
Bloom,7096363057338,2024Q3,archive,Pulney Coffee (Washed) - Pulney Hills - Medium Roast,bloom:7096363057338,1,2023Q1,2023-02-05,False,True
Bloom,7096363057338,2024Q4,archive,Pulney Coffee (Washed) - Pulney Hills - Medium Roast,bloom:7096363057338,1,2023Q1,2023-02-05,False,True
Bloom,7096363057338,2025Q1,archive,Pulney Coffee (Washed) - Pulney Hills - Medium Roast,bloom:7096363057338,1,2023Q1,2023-02-05,False,True
Bloom,7096363057338,2025Q3,archive,Pulney Coffee (Washed) - Pulney Hills - Medium Roast,bloom:7096363057338,1,2023Q1,2023-02-05,False,True
Bloom,7096363057338,2026Q3,live,Pulney Coffee (Washed) - Pulney Hills - Medium Roast,bloom:7096363057338,1,2023Q1,2023-02-05,False,True
Bloom,7151892267194,2023Q1,archive,Ratnagiri estate (Lot DP-1 ) - Chikmagalur - Light Roast,bloom:7151892267194,1,2023Q1,2023-02-05,False,True
Bloom,7179675467962,2023Q1,archive,Harley Estate (Naturals) - Sakleshpur - Light Roast,bloom:7179675467962,1,2023Q1,2023-02-05,False,True
Bloom,7185290526906,2023Q1,archive,Cascara (Coffee Cherry Tea) - Salawara Estate - Chikmagalur,bloom:7185290526906,1,2023Q1,2023-02-05,False,True
Bloom,7185290526906,2023Q4,archive,Cascara (Coffee Cherry Tea) - Salawara Estate - Chikmagalur,bloom:7185290526906,1,2023Q1,2023-02-05,False,True
Bloom,7185290526906,2024Q2,archive,Cascara (Coffee Cherry Tea) - Salawara Estate - Chikmagalur,bloom:7185290526906,1,2023Q1,2023-02-05,False,True
Bloom,7185290526906,2024Q3,archive,Cascara (Coffee Cherry Tea) - Salawara Estate - Chikmagalur,bloom:7185290526906,1,2023Q1,2023-02-05,False,True
Bloom,7185290526906,2024Q4,archive,Cascara (Coffee Cherry Tea) - Salawara Estate - Chikmagalur,bloom:7185290526906,1,2023Q1,2023-02-05,False,True
Bloom,7185290526906,2025Q1,archive,Cascara (Coffee Cherry Tea) - Salawara Estate - Chikmagalur,bloom:7185290526906,1,2023Q1,2023-02-05,False,True
Bloom,7185290526906,2025Q3,archive,Cascara (Coffee Cherry Tea) - Salawara Estate - Chikmagalur,bloom:7185290526906,1,2023Q1,2023-02-05,False,True
Bloom,7185302945978,2023Q1,archive,Mooleh Manay Estate (Honey) – Coorg - Medium Roast,bloom:7185302945978,1,2023Q1,2023-02-05,False,True
Bloom,7205679923386,2023Q1,archive,Venkids Valley Estate - The Red Honey - Light Roast,bloom:7205679923386,1,2023Q1,2023-02-05,False,True
Bloom,7205679923386,2023Q4,archive,Venkids Valley Estate - The Red Honey - Light Roast,bloom:7205679923386,1,2023Q1,2023-02-05,False,True
Bloom,7205679923386,2024Q2,archive,Venkids Valley Estate - The Red Honey - Light Roast,bloom:7205679923386,1,2023Q1,2023-02-05,False,True
Bloom,7205679923386,2024Q3,archive,Venkids Valley Estate - The Red Honey - Light Roast,bloom:7205679923386,1,2023Q1,2023-02-05,False,True
Bloom,7205679923386,2024Q4,archive,Venkids Valley Estate - The Red Honey - Light Roast,bloom:7205679923386,1,2023Q1,2023-02-05,False,True
Bloom,7205679923386,2025Q1,archive,Venkids Valley Estate - The Red Honey - Light Roast,bloom:7205679923386,1,2023Q1,2023-02-05,False,True
Bloom,7205679923386,2025Q3,archive,Venkids Valley Estate - The Red Honey - Light Roast,bloom:7205679923386,1,2023Q1,2023-02-05,False,True
Bloom,7252177944762,2023Q1,archive,Salawara Estate - Carbonic Maceration - Light Roast,bloom:7252177944762,1,2023Q1,2023-02-05,False,True
Bloom,7301067014330,2023Q1,archive,Mooleh Manay Estate (Naturals) - Coorg - Light Roast,bloom:7301067014330,1,2023Q1,2023-02-05,False,True
Bloom,7301067014330,2023Q4,archive,Mooleh Manay Estate (Naturals) - Coorg - Light Roast,bloom:7301067014330,1,2023Q1,2023-02-05,False,True
Bloom,7308398985402,2023Q1,archive,Balanoor Plantations - Kents (Washed) - Chikmagalur - Medium Roast,bloom:7308398985402,1,2023Q1,2023-02-05,False,True
Bloom,7308398985402,2023Q4,archive,Balanoor Plantations - Kents (Washed) - Chikmagalur - Medium Roast,bloom:7308398985402,1,2023Q1,2023-02-05,False,True
Bloom,7308398985402,2024Q4,archive,Balanoor Plantations - Kents (Washed) - Chikmagalur - Medium Roast,bloom:7308398985402,1,2023Q1,2023-02-05,False,True
Bloom,7313821860026,2023Q1,archive,Harley Estate (Banana Black Honey) - Sakleshpur - Medium Light Roast,bloom:7313821860026,1,2023Q1,2023-02-05,False,True
Bloom,7320723390650,2023Q1,archive,Harley Estate - Vienna Roast (Naturals) - Sakleshpur,bloom:7320723390650,1,2023Q1,2023-02-05,False,True
Bloom,7320723390650,2025Q3,archive,Harley Estate - Vienna Roast (Naturals) - Sakleshpur,bloom:7320723390650,1,2023Q1,2023-02-05,False,True
Bloom,7346196742330,2023Q4,archive,Krishnagiri Estate (Natural Naturals) - Chikmagalur - Light Roast,bloom:7346196742330,1,2023Q4,2023-10-02,False,True
Bloom,7373158416570,2023Q4,archive,BCR Light Roast Sample Pack,bloom:7373158416570,1,2023Q4,2023-10-02,False,True
Bloom,7373158416570,2025Q3,archive,BCR Light Roast Sample Pack,bloom:7373158416570,1,2023Q4,2023-10-02,False,True
Bloom,7385879838906,2023Q4,archive,Meera - Medium Light Roast,bloom:7385879838906,1,2023Q4,2023-10-02,False,True
Bloom,7385879838906,2025Q3,archive,Meera - Medium Light Roast,bloom:7385879838906,1,2023Q4,2023-10-02,False,True
Bloom,7385879838906,2026Q3,live,Meera - Medium Light Roast,bloom:7385879838906,1,2023Q4,2023-10-02,False,True
Bloom,7437536493754,2023Q4,archive,Greenland Estate (Washed) - Valparai (Tamil Nadu) - Medium Roast,bloom:7437536493754,1,2023Q4,2023-10-02,False,True
Bloom,7437536493754,2024Q2,archive,Greenland Estate (Washed) - Valparai (Tamil Nadu) - Medium Roast,bloom:7437536493754,1,2023Q4,2023-10-02,False,True
Bloom,7437536493754,2024Q3,archive,Greenland Estate (Washed) - Valparai (Tamil Nadu) - Medium Roast,bloom:7437536493754,1,2023Q4,2023-10-02,False,True
Bloom,7437536493754,2025Q1,archive,Greenland Estate (Washed) - Valparai (Tamil Nadu) - Medium Roast,bloom:7437536493754,1,2023Q4,2023-10-02,False,True
Bloom,7437536493754,2025Q3,archive,Greenland Estate (Washed) - Valparai (Tamil Nadu) - Medium Roast,bloom:7437536493754,1,2023Q4,2023-10-02,False,True
Bloom,7556510941370,2025Q3,archive,Hoysala Estate - Washed - Chikmagalur - Light Roast,bloom:7556510941370,1,2025Q3,2025-08-13,False,True
Bloom,7556532797626,2026Q3,live,Uchangi Estate - Naturals - Sakleshpur - Light Roast,bloom:7556532797626,1,2026Q3,2026--0-9-,False,True
Bloom,7572392378554,2025Q3,archive,Anai Kadu - Naturals - Coorg - Light Roast,bloom:7572392378554,1,2025Q3,2025-08-13,False,True
Bloom,7722645487802,2025Q3,archive,Hoysala Estate - Naturals - Chikmagalur - Light Roast,bloom:7722645487802,1,2025Q3,2025-08-13,False,True
Bloom,7859379699898,2025Q3,archive,Shakti - The Filter Coffee Blend - Dark Roast,bloom:7859379699898,1,2025Q3,2025-08-13,False,True
Bloom,8040106197178,2025Q3,archive,Bison Valley Estate - Naturals - Yercaud - Light Roast,bloom:8040106197178,1,2025Q3,2025-08-13,False,True
Bloom,8077608845498,2025Q3,archive,Kid Dynamite - Dark Roast,bloom:8077608845498,1,2025Q3,2025-08-13,False,True
Bloom,8077608845498,2026Q3,live,Kid Dynamite - Dark Roast,bloom:8077608845498,1,2025Q3,2025-08-13,False,True
Bloom,8099449700538,2025Q3,archive,Udaigiri Estate - Honey - Chikmagalur - Light Roast,bloom:8099449700538,1,2025Q3,2025-08-13,False,True
Bloom,8113087578298,2025Q3,archive,Salawara Estate - Red Honey - Sakleshpur - Light Roast,bloom:8113087578298,1,2025Q3,2025-08-13,False,True
Bloom,8455948402874,2026Q3,live,Balanoor Plantations - SL 6 - Washed - Chikmagalur - Light Roast,bloom:8455948402874,1,2026Q3,2026--0-9-,False,True
Bloom,8455948435642,2026Q3,live,Balanoor Plantations - Hybrid - Washed - Chikmagalur - Light Roast,bloom:8455948435642,1,2026Q3,2026--0-9-,False,True
Bloom,8455948468410,2026Q3,live,Balanoor Plantations - Kents - Washed - Chikmagalur - Medium Roast,bloom:8455948468410,1,2026Q3,2026--0-9-,False,True
Bloom,8455948501178,2026Q3,live,Balanoor Plantations - Red Bourbon - Washed - Chikmagalur - Light Roast,bloom:8455948501178,1,2026Q3,2026--0-9-,False,True
Bloom,8455948533946,2026Q3,live,Balanoor Plantations - SLN9 - Washed - Chikmagalur - Medium Light Roast,bloom:8455948533946,1,2026Q3,2026--0-9-,False,True
Bloom,8455948566714,2026Q3,live,Bisal Munti Estate - CM Naturals - Mandya - Light Roast,bloom:8455948566714,1,2026Q3,2026--0-9-,False,True
Bloom,8455948599482,2026Q3,live,Gungegiri Estate - Cold Soak Naturals - Chikmagalur - Light Roast,bloom:8455948599482,1,2026Q3,2026--0-9-,False,True
Bloom,8455948665018,2026Q3,live,Hoysala Estate - Washed - Chikmagalur - Medium Dark Roast,bloom:8455948665018,1,2026Q3,2026--0-9-,False,True
Bloom,8455948697786,2026Q3,live,Kerehaklu Estate - Blossom Culture Washed - Chikmagalur - Light Roast,bloom:8455948697786,1,2026Q3,2026--0-9-,False,True
Bloom,8455948730554,2026Q3,live,Moganad Estate - Black Honey - Yercaud - Light Roast,bloom:8455948730554,1,2026Q3,2026--0-9-,False,True
Bloom,8455948796090,2026Q3,live,Salawara Estate - Bloom Honey - Sakleshpur - Medium Light Roast,bloom:8455948796090,1,2026Q3,2026--0-9-,False,True
Bloom,8455948828858,2026Q3,live,Salawara Estate - Red Honey - Sakleshpur - Medium Light Roast,bloom:8455948828858,1,2026Q3,2026--0-9-,False,True
Bloom,8455948861626,2026Q3,live,Salawara Estate - Yellow Honey - Sakleshpur - Medium Dark Roast,bloom:8455948861626,1,2026Q3,2026--0-9-,False,True
Bloom,8455948894394,2026Q3,live,Salawara Estate - Liberica - Naturals - Sakleshpur - Medium Light Roast,bloom:8455948894394,1,2026Q3,2026--0-9-,False,True
Bloom,8455948927162,2026Q3,live,Sirangalli Community - Naturals - Coorg - Light Roast,bloom:8455948927162,1,2026Q3,2026--0-9-,False,True
Bloom,8455948959930,2026Q3,live,Venkids Valley Estate - Yellow Honey - Coorg - Light Roast,bloom:8455948959930,1,2026Q3,2026--0-9-,False,True
Bloom,8455949025466,2026Q3,live,Biccode Estate - Naturals - Hassan - Medium Roast,bloom:8455949025466,1,2026Q3,2026--0-9-,False,True
Blue Tokai,1628720988215,2023Q1,archive,Thogarihunkal Estate,blue-tokai:1628720988215,1,2023Q1,2023-03-06,False,True
Blue Tokai,1628720988215,2023Q3,archive,Thogarihunkal Estate,blue-tokai:1628720988215,1,2023Q1,2023-03-06,False,True
Blue Tokai,1628720988215,2023Q4,archive,Thogarihunkal Estate,blue-tokai:1628720988215,1,2023Q1,2023-03-06,False,True
Blue Tokai,1628720988215,2024Q1,archive,Thogarihunkal Estate,blue-tokai:1628720988215,1,2023Q1,2023-03-06,False,True
Blue Tokai,1628720988215,2024Q2,archive,Thogarihunkal Estate,blue-tokai:1628720988215,1,2023Q1,2023-03-06,False,True
Blue Tokai,1628720988215,2024Q3,archive,Thogarihunkal Estate,blue-tokai:1628720988215,1,2023Q1,2023-03-06,False,True
Blue Tokai,1628720988215,2025Q1,archive,Thogarihunkal Estate,blue-tokai:1628720988215,1,2023Q1,2023-03-06,False,True
Blue Tokai,1628720988215,2025Q2,archive,Thogarihunkal Estate,blue-tokai:1628720988215,1,2023Q1,2023-03-06,False,True
Blue Tokai,1698722938935,2023Q1,archive,Customised Sampler Pack,blue-tokai:1698722938935,1,2023Q1,2023-03-06,False,True
Blue Tokai,1698722938935,2023Q2,archive,Customised Sampler Pack,blue-tokai:1698722938935,1,2023Q1,2023-03-06,False,True
Blue Tokai,1698722938935,2023Q3,archive,Customised Sampler Pack,blue-tokai:1698722938935,1,2023Q1,2023-03-06,False,True
Blue Tokai,1698722938935,2023Q4,archive,Customised Sampler Pack,blue-tokai:1698722938935,1,2023Q1,2023-03-06,False,True
Blue Tokai,1698722938935,2024Q1,archive,Customised Sampler Pack,blue-tokai:1698722938935,1,2023Q1,2023-03-06,False,True
Blue Tokai,1698722938935,2024Q2,archive,Customised Sampler Pack,blue-tokai:1698722938935,1,2023Q1,2023-03-06,False,True
Blue Tokai,1698722938935,2024Q3,archive,Customised Sampler Pack,blue-tokai:1698722938935,1,2023Q1,2023-03-06,False,True
Blue Tokai,1698722938935,2024Q4,archive,Customised Sampler Pack,blue-tokai:1698722938935,1,2023Q1,2023-03-06,False,True
Blue Tokai,1698722938935,2025Q1,archive,Customised Sampler Pack,blue-tokai:1698722938935,1,2023Q1,2023-03-06,False,True
Blue Tokai,1698722938935,2025Q2,archive,Customised Sampler Pack,blue-tokai:1698722938935,1,2023Q1,2023-03-06,False,True
Blue Tokai,1698722938935,2025Q3,archive,Customised Sampler Pack,blue-tokai:1698722938935,1,2023Q1,2023-03-06,False,True
Blue Tokai,1698722938935,2025Q4,archive,Customised Sampler Pack,blue-tokai:1698722938935,1,2023Q1,2023-03-06,False,True
Blue Tokai,1698722938935,2026Q1,archive,Customised Sampler Pack,blue-tokai:1698722938935,1,2023Q1,2023-03-06,False,True
Blue Tokai,1698722938935,2026Q2,archive,Customised Sampler Pack,blue-tokai:1698722938935,1,2023Q1,2023-03-06,False,True
Blue Tokai,1698722938935,2026Q3,live,Customised Sampler Pack,blue-tokai:1698722938935,1,2023Q1,2023-03-06,False,True
Blue Tokai,1718179725367,2023Q1,archive,Cold Brew Blend Light,blue-tokai:1718179725367,1,2023Q1,2023-03-06,True,False
Blue Tokai,1718179725367,2023Q2,archive,Cold Brew Blend Light,blue-tokai:1718179725367,1,2023Q1,2023-03-06,True,False
Blue Tokai,1718179725367,2023Q3,archive,Cold Brew Blend Light,blue-tokai:1718179725367,1,2023Q1,2023-03-06,True,False
Blue Tokai,1718179725367,2023Q4,archive,Cold Brew Blend Light,blue-tokai:1718179725367,1,2023Q1,2023-03-06,True,False
Blue Tokai,1718179725367,2024Q2,archive,Cold Brew Blend Light,blue-tokai:1718179725367,1,2023Q1,2023-03-06,True,False
Blue Tokai,1718179725367,2024Q3,archive,Cold Brew Blend Light,blue-tokai:1718179725367,1,2023Q1,2023-03-06,True,False
Blue Tokai,1718179725367,2025Q1,archive,Amaltas Blend,blue-tokai:1718179725367@2025Q1,2,2025Q1,2025-01-25,True,True
Blue Tokai,1718179725367,2025Q2,archive,Amaltas Blend,blue-tokai:1718179725367@2025Q1,2,2025Q1,2025-01-25,True,True
Blue Tokai,1718179725367,2025Q3,archive,Amaltas Blend,blue-tokai:1718179725367@2025Q1,2,2025Q1,2025-01-25,True,True
Blue Tokai,1718179725367,2025Q4,archive,Amaltas Blend,blue-tokai:1718179725367@2025Q1,2,2025Q1,2025-01-25,True,True
Blue Tokai,1718179725367,2026Q1,archive,Amaltas Blend,blue-tokai:1718179725367@2025Q1,2,2025Q1,2025-01-25,True,True
Blue Tokai,1718179725367,2026Q2,archive,Amaltas Blend,blue-tokai:1718179725367@2025Q1,2,2025Q1,2025-01-25,True,True
Blue Tokai,1718179725367,2026Q3,live,Amaltas Blend,blue-tokai:1718179725367@2025Q1,2,2025Q1,2025-01-25,True,True
Blue Tokai,2601862596,2023Q1,archive,Baarbara Estate,blue-tokai:2601862596,1,2023Q1,2023-03-06,False,True
Blue Tokai,2601862596,2023Q2,archive,Baarbara Estate,blue-tokai:2601862596,1,2023Q1,2023-03-06,False,True
Blue Tokai,2601862596,2023Q3,archive,Baarbara Estate,blue-tokai:2601862596,1,2023Q1,2023-03-06,False,True
Blue Tokai,2601862596,2023Q4,archive,Baarbara Estate,blue-tokai:2601862596,1,2023Q1,2023-03-06,False,True
Blue Tokai,2601862596,2024Q1,archive,Baarbara Estate,blue-tokai:2601862596,1,2023Q1,2023-03-06,False,True
Blue Tokai,2601862596,2024Q2,archive,Baarbara Estate,blue-tokai:2601862596,1,2023Q1,2023-03-06,False,True
Blue Tokai,2601862596,2024Q3,archive,Baarbara Estate,blue-tokai:2601862596,1,2023Q1,2023-03-06,False,True
Blue Tokai,2601862596,2024Q4,archive,Baarbara Estate,blue-tokai:2601862596,1,2023Q1,2023-03-06,False,True
Blue Tokai,2601862596,2025Q1,archive,Baarbara Estate,blue-tokai:2601862596,1,2023Q1,2023-03-06,False,True
Blue Tokai,2601862596,2025Q4,archive,Baarbara Estate,blue-tokai:2601862596,1,2023Q1,2023-03-06,False,True
Blue Tokai,2601862596,2026Q1,archive,Baarbara Estate,blue-tokai:2601862596,1,2023Q1,2023-03-06,False,True
Blue Tokai,2601862596,2026Q2,archive,Baarbara Estate,blue-tokai:2601862596,1,2023Q1,2023-03-06,False,True
Blue Tokai,2601862596,2026Q3,live,Baarbara Estate,blue-tokai:2601862596,1,2023Q1,2023-03-06,False,True
Blue Tokai,400881436,2023Q1,archive,Attikan Estate,blue-tokai:400881436,1,2023Q1,2023-03-06,False,True
Blue Tokai,400881436,2023Q2,archive,Attikan Estate,blue-tokai:400881436,1,2023Q1,2023-03-06,False,True
Blue Tokai,400881436,2023Q3,archive,Attikan Estate,blue-tokai:400881436,1,2023Q1,2023-03-06,False,True
Blue Tokai,400881436,2023Q4,archive,Attikan Estate,blue-tokai:400881436,1,2023Q1,2023-03-06,False,True
Blue Tokai,400881436,2024Q1,archive,Attikan Estate,blue-tokai:400881436,1,2023Q1,2023-03-06,False,True
Blue Tokai,400881436,2024Q2,archive,Attikan Estate,blue-tokai:400881436,1,2023Q1,2023-03-06,False,True
Blue Tokai,400881436,2024Q3,archive,Attikan Estate,blue-tokai:400881436,1,2023Q1,2023-03-06,False,True
Blue Tokai,400881436,2024Q4,archive,Attikan Estate,blue-tokai:400881436,1,2023Q1,2023-03-06,False,True
Blue Tokai,400881436,2025Q1,archive,Attikan Estate,blue-tokai:400881436,1,2023Q1,2023-03-06,False,True
Blue Tokai,400881436,2025Q2,archive,Attikan Estate,blue-tokai:400881436,1,2023Q1,2023-03-06,False,True
Blue Tokai,400881436,2025Q3,archive,Attikan Estate,blue-tokai:400881436,1,2023Q1,2023-03-06,False,True
Blue Tokai,400881436,2025Q4,archive,Attikan Estate,blue-tokai:400881436,1,2023Q1,2023-03-06,False,True
Blue Tokai,400881436,2026Q1,archive,Attikan Estate,blue-tokai:400881436,1,2023Q1,2023-03-06,False,True
Blue Tokai,400881436,2026Q2,archive,Attikan Estate,blue-tokai:400881436,1,2023Q1,2023-03-06,False,True
Blue Tokai,400881436,2026Q3,live,Attikan Estate,blue-tokai:400881436,1,2023Q1,2023-03-06,False,True
Blue Tokai,410190640,2023Q1,archive,Vienna Roast,blue-tokai:410190640,1,2023Q1,2023-03-06,False,True
Blue Tokai,410190640,2023Q2,archive,Vienna Roast,blue-tokai:410190640,1,2023Q1,2023-03-06,False,True
Blue Tokai,410190640,2023Q3,archive,Vienna Roast,blue-tokai:410190640,1,2023Q1,2023-03-06,False,True
Blue Tokai,410190640,2023Q4,archive,Vienna Roast,blue-tokai:410190640,1,2023Q1,2023-03-06,False,True
Blue Tokai,410190640,2024Q1,archive,Vienna Roast,blue-tokai:410190640,1,2023Q1,2023-03-06,False,True
Blue Tokai,410190640,2024Q2,archive,Vienna Roast,blue-tokai:410190640,1,2023Q1,2023-03-06,False,True
Blue Tokai,410190640,2024Q3,archive,Vienna Roast,blue-tokai:410190640,1,2023Q1,2023-03-06,False,True
Blue Tokai,410190640,2024Q4,archive,Vienna Roast,blue-tokai:410190640,1,2023Q1,2023-03-06,False,True
Blue Tokai,410190640,2025Q1,archive,Vienna Roast,blue-tokai:410190640,1,2023Q1,2023-03-06,False,True
Blue Tokai,410190640,2025Q2,archive,Vienna Roast,blue-tokai:410190640,1,2023Q1,2023-03-06,False,True
Blue Tokai,410190640,2025Q3,archive,Vienna Roast,blue-tokai:410190640,1,2023Q1,2023-03-06,False,True
Blue Tokai,410190640,2025Q4,archive,Vienna Roast,blue-tokai:410190640,1,2023Q1,2023-03-06,False,True
Blue Tokai,410190640,2026Q1,archive,Vienna Roast,blue-tokai:410190640,1,2023Q1,2023-03-06,False,True
Blue Tokai,410190640,2026Q2,archive,Vienna Roast,blue-tokai:410190640,1,2023Q1,2023-03-06,False,True
Blue Tokai,410190640,2026Q3,live,Vienna Roast,blue-tokai:410190640,1,2023Q1,2023-03-06,False,True
Blue Tokai,425316984,2023Q3,archive,M.S. Estate,blue-tokai:425316984,1,2023Q3,2023-08-31,False,True
Blue Tokai,425316984,2023Q4,archive,M.S. Estate,blue-tokai:425316984,1,2023Q3,2023-08-31,False,True
Blue Tokai,425316984,2024Q1,archive,M.S. Estate,blue-tokai:425316984,1,2023Q3,2023-08-31,False,True
Blue Tokai,425316984,2024Q2,archive,M.S. Estate,blue-tokai:425316984,1,2023Q3,2023-08-31,False,True
Blue Tokai,425316984,2024Q4,archive,M.S. Estate,blue-tokai:425316984,1,2023Q3,2023-08-31,False,True
Blue Tokai,425316984,2025Q1,archive,M.S. Estate,blue-tokai:425316984,1,2023Q3,2023-08-31,False,True
Blue Tokai,425316984,2025Q3,archive,M.S. Estate,blue-tokai:425316984,1,2023Q3,2023-08-31,False,True
Blue Tokai,425316984,2026Q3,live,M.S. Estate,blue-tokai:425316984,1,2023Q3,2023-08-31,False,True
Blue Tokai,436795904,2023Q3,archive,Kalledevarapura Estate - Pulp Sun Dried,blue-tokai:436795904,1,2023Q3,2023-08-31,False,True
Blue Tokai,436795904,2023Q4,archive,Kalledevarapura Estate - Pulp Sun Dried,blue-tokai:436795904,1,2023Q3,2023-08-31,False,True
Blue Tokai,436795904,2024Q1,archive,Kalledevarapura Estate - Pulp Sun Dried,blue-tokai:436795904,1,2023Q3,2023-08-31,False,True
Blue Tokai,436795904,2024Q3,archive,Kalledevarapura Estate - Pulp Sun Dried,blue-tokai:436795904,1,2023Q3,2023-08-31,False,True
Blue Tokai,436795904,2024Q4,archive,Kalledevarapura Estate - Pulp Sun Dried,blue-tokai:436795904,1,2023Q3,2023-08-31,False,True
Blue Tokai,436795904,2025Q1,archive,Kalledevarapura Estate - Pulp Sun Dried,blue-tokai:436795904,1,2023Q3,2023-08-31,False,True
Blue Tokai,436795904,2025Q2,archive,Kalledevarapura Estate - Pulp Sun Dried,blue-tokai:436795904,1,2023Q3,2023-08-31,False,True
Blue Tokai,436795904,2025Q3,archive,Kalledevarapura Estate - Pulp Sun Dried,blue-tokai:436795904,1,2023Q3,2023-08-31,False,True
Blue Tokai,436795904,2025Q4,archive,Kalledevarapura Estate - Pulp Sun Dried,blue-tokai:436795904,1,2023Q3,2023-08-31,False,True
Blue Tokai,436795904,2026Q1,archive,Kalledevarapura Estate - Pulp Sun Dried,blue-tokai:436795904,1,2023Q3,2023-08-31,False,True
Blue Tokai,436795904,2026Q2,archive,Kalledevarapura Estate - Pulp Sun Dried,blue-tokai:436795904,1,2023Q3,2023-08-31,False,True
Blue Tokai,436795904,2026Q3,live,Kalledevarapura Estate - Pulp Sun Dried,blue-tokai:436795904,1,2023Q3,2023-08-31,False,True
Blue Tokai,4480736919607,2023Q1,archive,Silver Oak Cafe Blend,blue-tokai:4480736919607,1,2023Q1,2023-03-06,False,True
Blue Tokai,4480736919607,2023Q2,archive,Silver Oak Cafe Blend,blue-tokai:4480736919607,1,2023Q1,2023-03-06,False,True
Blue Tokai,4480736919607,2023Q3,archive,Silver Oak Cafe Blend,blue-tokai:4480736919607,1,2023Q1,2023-03-06,False,True
Blue Tokai,4480736919607,2023Q4,archive,Silver Oak Cafe Blend,blue-tokai:4480736919607,1,2023Q1,2023-03-06,False,True
Blue Tokai,4480736919607,2024Q1,archive,Silver Oak Cafe Blend,blue-tokai:4480736919607,1,2023Q1,2023-03-06,False,True
Blue Tokai,4480736919607,2024Q2,archive,Silver Oak Cafe Blend,blue-tokai:4480736919607,1,2023Q1,2023-03-06,False,True
Blue Tokai,4480736919607,2024Q3,archive,Silver Oak Cafe Blend,blue-tokai:4480736919607,1,2023Q1,2023-03-06,False,True
Blue Tokai,4480736919607,2025Q1,archive,Silver Oak Cafe Blend,blue-tokai:4480736919607,1,2023Q1,2023-03-06,False,True
Blue Tokai,4480736919607,2025Q2,archive,Silver Oak Cafe Blend,blue-tokai:4480736919607,1,2023Q1,2023-03-06,False,True
Blue Tokai,4480736919607,2025Q3,archive,Silver Oak Cafe Blend,blue-tokai:4480736919607,1,2023Q1,2023-03-06,False,True
Blue Tokai,4480736919607,2025Q4,archive,Silver Oak Cafe Blend,blue-tokai:4480736919607,1,2023Q1,2023-03-06,False,True
Blue Tokai,4480736919607,2026Q1,archive,Silver Oak Cafe Blend,blue-tokai:4480736919607,1,2023Q1,2023-03-06,False,True
Blue Tokai,4480736919607,2026Q2,archive,Silver Oak Cafe Blend,blue-tokai:4480736919607,1,2023Q1,2023-03-06,False,True
Blue Tokai,4480736919607,2026Q3,live,Silver Oak Café Blend,blue-tokai:4480736919607,1,2023Q1,2023-03-06,False,True
Blue Tokai,456367752,2023Q1,archive,French Roast,blue-tokai:456367752,1,2023Q1,2023-03-06,False,True
Blue Tokai,456367752,2023Q2,archive,French Roast,blue-tokai:456367752,1,2023Q1,2023-03-06,False,True
Blue Tokai,456367752,2023Q3,archive,French Roast,blue-tokai:456367752,1,2023Q1,2023-03-06,False,True
Blue Tokai,456367752,2023Q4,archive,French Roast,blue-tokai:456367752,1,2023Q1,2023-03-06,False,True
Blue Tokai,456367752,2024Q1,archive,French Roast,blue-tokai:456367752,1,2023Q1,2023-03-06,False,True
Blue Tokai,456367752,2024Q2,archive,French Roast,blue-tokai:456367752,1,2023Q1,2023-03-06,False,True
Blue Tokai,456367752,2024Q3,archive,French Roast,blue-tokai:456367752,1,2023Q1,2023-03-06,False,True
Blue Tokai,456367752,2025Q1,archive,French Roast,blue-tokai:456367752,1,2023Q1,2023-03-06,False,True
Blue Tokai,456367752,2025Q2,archive,French Roast,blue-tokai:456367752,1,2023Q1,2023-03-06,False,True
Blue Tokai,456367752,2025Q3,archive,French Roast,blue-tokai:456367752,1,2023Q1,2023-03-06,False,True
Blue Tokai,456367752,2025Q4,archive,French Roast,blue-tokai:456367752,1,2023Q1,2023-03-06,False,True
Blue Tokai,456367752,2026Q1,archive,French Roast,blue-tokai:456367752,1,2023Q1,2023-03-06,False,True
Blue Tokai,456367752,2026Q2,archive,French Roast,blue-tokai:456367752,1,2023Q1,2023-03-06,False,True
Blue Tokai,456367752,2026Q3,live,French Roast,blue-tokai:456367752,1,2023Q1,2023-03-06,False,True
Blue Tokai,456368360,2023Q2,archive,Monsoon Malabar AA- Hoysala Estate,blue-tokai:456368360,1,2023Q2,2023-04-07,False,True
Blue Tokai,456368360,2023Q3,archive,Monsoon Malabar AA- Hoysala Estate,blue-tokai:456368360,1,2023Q2,2023-04-07,False,True
Blue Tokai,456368360,2024Q2,archive,Monsoon Malabar AA- Hoysala Estate,blue-tokai:456368360,1,2023Q2,2023-04-07,False,True
Blue Tokai,456368360,2024Q3,archive,Monsoon Malabar AA- Hoysala Estate,blue-tokai:456368360,1,2023Q2,2023-04-07,False,True
Blue Tokai,456368360,2025Q1,archive,Monsoon Malabar AA- Hoysala Estate,blue-tokai:456368360,1,2023Q2,2023-04-07,False,True
Blue Tokai,456368360,2025Q3,archive,Monsoon Malabar AA- Hoysala Estate,blue-tokai:456368360,1,2023Q2,2023-04-07,False,True
Blue Tokai,456368360,2026Q1,archive,Monsoon Malabar AA- Hoysala Estate,blue-tokai:456368360,1,2023Q2,2023-04-07,False,True
Blue Tokai,456368360,2026Q2,archive,Monsoon Malabar AA- Hoysala Estate,blue-tokai:456368360,1,2023Q2,2023-04-07,False,True
Blue Tokai,456368360,2026Q3,live,Monsoon Malabar AA- Hoysala Estate,blue-tokai:456368360,1,2023Q2,2023-04-07,False,True
Blue Tokai,4615386857527,2023Q1,archive,Orchardale Estate,blue-tokai:4615386857527,1,2023Q1,2023-03-06,False,True
Blue Tokai,4615386857527,2023Q2,archive,Orchardale Estate,blue-tokai:4615386857527,1,2023Q1,2023-03-06,False,True
Blue Tokai,4615386857527,2023Q4,archive,Orchardale Estate - Natural,blue-tokai:4615386857527,1,2023Q1,2023-03-06,False,True
Blue Tokai,6547929530423,2023Q1,archive,Dhak Blend,blue-tokai:6547929530423,1,2023Q1,2023-03-06,False,True
Blue Tokai,6547929530423,2023Q2,archive,Dhak Blend,blue-tokai:6547929530423,1,2023Q1,2023-03-06,False,True
Blue Tokai,6547929530423,2023Q3,archive,Dhak Blend,blue-tokai:6547929530423,1,2023Q1,2023-03-06,False,True
Blue Tokai,6547929530423,2023Q4,archive,Dhak Blend,blue-tokai:6547929530423,1,2023Q1,2023-03-06,False,True
Blue Tokai,6547929530423,2024Q1,archive,Dhak Blend,blue-tokai:6547929530423,1,2023Q1,2023-03-06,False,True
Blue Tokai,6547929530423,2024Q2,archive,Dhak Blend,blue-tokai:6547929530423,1,2023Q1,2023-03-06,False,True
Blue Tokai,6547929530423,2024Q3,archive,Dhak Blend,blue-tokai:6547929530423,1,2023Q1,2023-03-06,False,True
Blue Tokai,6547929530423,2024Q4,archive,Dhak Blend,blue-tokai:6547929530423,1,2023Q1,2023-03-06,False,True
Blue Tokai,6547929530423,2025Q1,archive,Dhak Blend,blue-tokai:6547929530423,1,2023Q1,2023-03-06,False,True
Blue Tokai,6547929530423,2025Q2,archive,Dhak Blend,blue-tokai:6547929530423,1,2023Q1,2023-03-06,False,True
Blue Tokai,6547929530423,2025Q3,archive,Dhak Blend,blue-tokai:6547929530423,1,2023Q1,2023-03-06,False,True
Blue Tokai,6547929530423,2025Q4,archive,Dhak Blend,blue-tokai:6547929530423,1,2023Q1,2023-03-06,False,True
Blue Tokai,6547929530423,2026Q1,archive,Dhak Blend,blue-tokai:6547929530423,1,2023Q1,2023-03-06,False,True
Blue Tokai,6547929530423,2026Q2,archive,Dhak Blend,blue-tokai:6547929530423,1,2023Q1,2023-03-06,False,True
Blue Tokai,6547929530423,2026Q3,live,Dhak Blend,blue-tokai:6547929530423,1,2023Q1,2023-03-06,False,True
Blue Tokai,6556397502519,2023Q3,archive,Sandalwood Estate,blue-tokai:6556397502519,1,2023Q3,2023-08-31,False,True
Blue Tokai,6556397502519,2023Q4,archive,Sandalwood Estate,blue-tokai:6556397502519,1,2023Q3,2023-08-31,False,True
Blue Tokai,6556397502519,2024Q1,archive,Sandalwood Estate,blue-tokai:6556397502519,1,2023Q3,2023-08-31,False,True
Blue Tokai,6556397502519,2024Q2,archive,Sandalwood Estate,blue-tokai:6556397502519,1,2023Q3,2023-08-31,False,True
Blue Tokai,6556397502519,2024Q3,archive,Sandalwood Estate,blue-tokai:6556397502519,1,2023Q3,2023-08-31,False,True
Blue Tokai,6556397502519,2025Q1,archive,Sandalwood Estate,blue-tokai:6556397502519,1,2023Q3,2023-08-31,False,True
Blue Tokai,6556397502519,2025Q2,archive,Sandalwood Estate,blue-tokai:6556397502519,1,2023Q3,2023-08-31,False,True
Blue Tokai,6556397502519,2025Q3,archive,Sandalwood Estate,blue-tokai:6556397502519,1,2023Q3,2023-08-31,False,True
Blue Tokai,6556397502519,2026Q3,live,Sandalwood Estate,blue-tokai:6556397502519,1,2023Q3,2023-08-31,False,True
Blue Tokai,6568026243127,2023Q3,archive,Howdia Estate,blue-tokai:6568026243127,1,2023Q3,2023-08-31,False,True
Blue Tokai,6568026243127,2024Q2,archive,Howdia Estate,blue-tokai:6568026243127,1,2023Q3,2023-08-31,False,True
Blue Tokai,6568026243127,2026Q3,live,Howdia Estate,blue-tokai:6568026243127,1,2023Q3,2023-08-31,False,True
Blue Tokai,6601531981879,2025Q3,archive,Riverdale Estate N72,blue-tokai:6601531981879,1,2025Q3,2025-08-11,False,True
Blue Tokai,6611250282551,2023Q1,archive,Kerehaklu Estate - Robusta,blue-tokai:6611250282551,1,2023Q1,2023-03-06,False,True
Blue Tokai,6611250282551,2023Q2,archive,Kerehaklu Estate - Robusta,blue-tokai:6611250282551,1,2023Q1,2023-03-06,False,True
Blue Tokai,6611250282551,2023Q3,archive,Kerehaklu Estate - Robusta,blue-tokai:6611250282551,1,2023Q1,2023-03-06,False,True
Blue Tokai,6611250282551,2023Q4,archive,Kerehaklu Estate - Robusta,blue-tokai:6611250282551,1,2023Q1,2023-03-06,False,True
Blue Tokai,6623009177655,2023Q1,archive,South Indian Filter Blend,blue-tokai:6623009177655,1,2023Q1,2023-03-06,False,True
Blue Tokai,6623009177655,2023Q2,archive,South Indian Filter Blend,blue-tokai:6623009177655,1,2023Q1,2023-03-06,False,True
Blue Tokai,6623009177655,2023Q3,archive,South Indian Filter Blend,blue-tokai:6623009177655,1,2023Q1,2023-03-06,False,True
Blue Tokai,6623009177655,2023Q4,archive,South Indian Filter Blend,blue-tokai:6623009177655,1,2023Q1,2023-03-06,False,True
Blue Tokai,6623009177655,2024Q2,archive,South Indian Filter Blend,blue-tokai:6623009177655,1,2023Q1,2023-03-06,False,True
Blue Tokai,6623009177655,2024Q3,archive,South Indian Filter Blend,blue-tokai:6623009177655,1,2023Q1,2023-03-06,False,True
Blue Tokai,6624803225655,2023Q1,archive,10th Birthday Blend,blue-tokai:6624803225655,1,2023Q1,2023-03-06,False,True
Blue Tokai,6624803225655,2023Q2,archive,10th Birthday Blend,blue-tokai:6624803225655,1,2023Q1,2023-03-06,False,True
Blue Tokai,6659934912567,2023Q4,archive,Kerehaklu Estate - Washed,blue-tokai:6659934912567,1,2023Q4,2023-11-28,False,True
Blue Tokai,6659934912567,2024Q1,archive,Kerehaklu Estate - Washed,blue-tokai:6659934912567,1,2023Q4,2023-11-28,False,True
Blue Tokai,6659934912567,2024Q3,archive,Kerehaklu Estate - Washed,blue-tokai:6659934912567,1,2023Q4,2023-11-28,False,True
Blue Tokai,6659934912567,2025Q3,archive,Kerehaklu Estate,blue-tokai:6659934912567,1,2023Q4,2023-11-28,False,True
Blue Tokai,6659934912567,2026Q2,archive,Kerehaklu Estate,blue-tokai:6659934912567,1,2023Q4,2023-11-28,False,True
Blue Tokai,6659934912567,2026Q3,live,Kerehaklu Estate,blue-tokai:6659934912567,1,2023Q4,2023-11-28,False,True
Blue Tokai,6669349519415,2023Q3,archive,Yelnoorkhan Estate,blue-tokai:6669349519415,1,2023Q3,2023-08-31,False,True
Blue Tokai,6669349519415,2024Q4,archive,Yelnoorkhan Estate,blue-tokai:6669349519415,1,2023Q3,2023-08-31,False,True
Blue Tokai,6669349519415,2025Q1,archive,Yelnoorkhan Estate,blue-tokai:6669349519415,1,2023Q3,2023-08-31,False,True
Blue Tokai,6669351354423,2023Q1,archive,Loyola Estate,blue-tokai:6669351354423,1,2023Q1,2023-03-06,False,True
Blue Tokai,6669351354423,2023Q2,archive,Loyola Estate,blue-tokai:6669351354423,1,2023Q1,2023-03-06,False,True
Blue Tokai,6676414398519,2023Q3,archive,Kolli Berri Estate,blue-tokai:6676414398519,1,2023Q3,2023-08-31,False,True
Blue Tokai,6676414398519,2023Q4,archive,Kolli Berri Estate,blue-tokai:6676414398519,1,2023Q3,2023-08-31,False,True
Blue Tokai,6676414398519,2024Q2,archive,Kolli Berri Estate,blue-tokai:6676414398519,1,2023Q3,2023-08-31,False,True
Blue Tokai,6676414398519,2024Q3,archive,Kolli Berri Estate,blue-tokai:6676414398519,1,2023Q3,2023-08-31,False,True
Blue Tokai,6676414398519,2024Q4,archive,Kolli Berri Estate,blue-tokai:6676414398519,1,2023Q3,2023-08-31,False,True
Blue Tokai,6676414398519,2025Q1,archive,Kolli Berri Estate,blue-tokai:6676414398519,1,2023Q3,2023-08-31,False,True
Blue Tokai,6676414398519,2025Q2,archive,Kolli Berri Estate,blue-tokai:6676414398519,1,2023Q3,2023-08-31,False,True
Blue Tokai,6676414398519,2025Q3,archive,Kolli Berri Estate,blue-tokai:6676414398519,1,2023Q3,2023-08-31,False,True
Blue Tokai,6676414398519,2025Q4,archive,Kolli Berri Estate,blue-tokai:6676414398519,1,2023Q3,2023-08-31,False,True
Blue Tokai,6676414398519,2026Q1,archive,Kolli Berri Estate,blue-tokai:6676414398519,1,2023Q3,2023-08-31,False,True
Blue Tokai,6676414398519,2026Q2,archive,Kolli Berri Estate,blue-tokai:6676414398519,1,2023Q3,2023-08-31,False,True
Blue Tokai,6676414398519,2026Q3,live,Kolli Berri Estate,blue-tokai:6676414398519,1,2023Q3,2023-08-31,False,True
Blue Tokai,6705415159863,2023Q1,archive,Thogarihunkal Estate HSD,blue-tokai:6705415159863,1,2023Q1,2023-03-06,False,True
Blue Tokai,6705415159863,2023Q2,archive,Thogarihunkal Estate HSD,blue-tokai:6705415159863,1,2023Q1,2023-03-06,False,True
Blue Tokai,6705415159863,2023Q4,archive,Thogarihunkal Estate - HSD,blue-tokai:6705415159863,1,2023Q1,2023-03-06,False,True
Blue Tokai,6705415159863,2024Q1,archive,Thogarihunkal Estate - HSD,blue-tokai:6705415159863,1,2023Q1,2023-03-06,False,True
Blue Tokai,6705415159863,2024Q2,archive,Thogarihunkal Estate - HSD,blue-tokai:6705415159863,1,2023Q1,2023-03-06,False,True
Blue Tokai,6719156650039,2023Q4,archive,Shivagange Estate,blue-tokai:6719156650039,1,2023Q4,2023-11-28,False,True
Blue Tokai,6719156650039,2024Q1,archive,Shivagange Estate,blue-tokai:6719156650039,1,2023Q4,2023-11-28,False,True
Blue Tokai,6725619482679,2023Q1,archive,Stanmore Estate,blue-tokai:6725619482679,1,2023Q1,2023-03-06,False,True
Blue Tokai,6725619482679,2023Q2,archive,Stanmore Estate,blue-tokai:6725619482679,1,2023Q1,2023-03-06,False,True
Blue Tokai,6725619482679,2023Q4,archive,Stanmore Estate,blue-tokai:6725619482679,1,2023Q1,2023-03-06,False,True
Blue Tokai,6725619482679,2024Q1,archive,Stanmore Estate,blue-tokai:6725619482679,1,2023Q1,2023-03-06,False,True
Blue Tokai,6731348017207,2023Q3,archive,Unakki Estate - Washed,blue-tokai:6731348017207,1,2023Q3,2023-08-31,False,True
Blue Tokai,6731348017207,2023Q4,archive,Unakki Estate - Washed,blue-tokai:6731348017207,1,2023Q3,2023-08-31,False,True
Blue Tokai,6731348017207,2024Q1,archive,Unakki Estate - Washed,blue-tokai:6731348017207,1,2023Q3,2023-08-31,False,True
Blue Tokai,6731348017207,2024Q3,archive,Unakki Estate,blue-tokai:6731348017207,1,2023Q3,2023-08-31,False,True
Blue Tokai,6731348017207,2024Q4,archive,Unakki Estate,blue-tokai:6731348017207,1,2023Q3,2023-08-31,False,True
Blue Tokai,6731348017207,2026Q3,live,Unakki Estate,blue-tokai:6731348017207,1,2023Q3,2023-08-31,False,True
Blue Tokai,6733033734199,2023Q1,archive,Sampigehoney Estate,blue-tokai:6733033734199,1,2023Q1,2023-03-06,False,True
Blue Tokai,6733033734199,2023Q2,archive,Sampigehoney Estate,blue-tokai:6733033734199,1,2023Q1,2023-03-06,False,True
Blue Tokai,6733033734199,2023Q3,archive,Sampigehoney Estate,blue-tokai:6733033734199,1,2023Q1,2023-03-06,False,True
Blue Tokai,6733033734199,2023Q4,archive,Sampigehoney Estate,blue-tokai:6733033734199,1,2023Q1,2023-03-06,False,True
Blue Tokai,6733033734199,2024Q1,archive,Sampigehoney Estate,blue-tokai:6733033734199,1,2023Q1,2023-03-06,False,True
Blue Tokai,6733033734199,2024Q4,archive,Sampigehoney Estate,blue-tokai:6733033734199,1,2023Q1,2023-03-06,False,True
Blue Tokai,6733033734199,2025Q4,archive,Sampigehoney Estate,blue-tokai:6733033734199,1,2023Q1,2023-03-06,False,True
Blue Tokai,6733033734199,2026Q3,live,Sampigehoney Estate,blue-tokai:6733033734199,1,2023Q1,2023-03-06,False,True
Blue Tokai,6748258172983,2023Q1,archive,Central Washing Station Coffees (Pack of 3),blue-tokai:6748258172983,1,2023Q1,2023-03-06,False,True
Blue Tokai,6748258172983,2023Q2,archive,Central Washing Station Coffees (Pack of 3),blue-tokai:6748258172983,1,2023Q1,2023-03-06,False,True
Blue Tokai,6748328984631,2023Q1,archive,Central Washing Station Coffees (Pack of 5),blue-tokai:6748328984631,1,2023Q1,2023-03-06,False,True
Blue Tokai,6748328984631,2023Q2,archive,Central Washing Station Coffees (Pack of 5),blue-tokai:6748328984631,1,2023Q1,2023-03-06,False,True
Blue Tokai,6774577135671,2023Q1,archive,Hidden Falls Estate,blue-tokai:6774577135671,1,2023Q1,2023-03-06,False,True
Blue Tokai,6774577135671,2024Q4,archive,Hidden Falls Estate,blue-tokai:6774577135671,1,2023Q1,2023-03-06,False,True
Blue Tokai,6774577135671,2025Q1,archive,Hidden Falls Estate,blue-tokai:6774577135671,1,2023Q1,2023-03-06,False,True
Blue Tokai,6812836823095,2023Q3,archive,Seethargundu Estate - Light,blue-tokai:6812836823095,1,2023Q3,2023-08-31,False,True
Blue Tokai,6812836823095,2023Q4,archive,Seethargundu Estate - Light,blue-tokai:6812836823095,1,2023Q3,2023-08-31,False,True
Blue Tokai,6812836823095,2024Q1,archive,Seethargundu Estate - Light,blue-tokai:6812836823095,1,2023Q3,2023-08-31,False,True
Blue Tokai,6812836823095,2024Q2,archive,Seethargundu Estate - Light,blue-tokai:6812836823095,1,2023Q3,2023-08-31,False,True
Blue Tokai,6812836823095,2024Q3,archive,Seethargundu Estate - Light,blue-tokai:6812836823095,1,2023Q3,2023-08-31,False,True
Blue Tokai,6812836823095,2025Q3,archive,Seethargundu Estate,blue-tokai:6812836823095,1,2023Q3,2023-08-31,False,True
Blue Tokai,6812836823095,2025Q4,archive,Seethargundu Estate,blue-tokai:6812836823095,1,2023Q3,2023-08-31,False,True
Blue Tokai,6814187094071,2023Q3,archive,Basankhan Estate,blue-tokai:6814187094071,1,2023Q3,2023-08-31,False,True
Blue Tokai,6814187094071,2023Q4,archive,Basankhan Estate,blue-tokai:6814187094071,1,2023Q3,2023-08-31,False,True
Blue Tokai,6814187094071,2024Q2,archive,Basankhan Estate,blue-tokai:6814187094071,1,2023Q3,2023-08-31,False,True
Blue Tokai,6814187094071,2024Q3,archive,Basankhan Estate,blue-tokai:6814187094071,1,2023Q3,2023-08-31,False,True
Blue Tokai,6814187094071,2025Q1,archive,Basankhan Estate,blue-tokai:6814187094071,1,2023Q3,2023-08-31,False,True
Blue Tokai,6814187094071,2025Q2,archive,Basankhan Estate,blue-tokai:6814187094071,1,2023Q3,2023-08-31,False,True
Blue Tokai,6814187094071,2025Q4,archive,Basankhan Estate,blue-tokai:6814187094071,1,2023Q3,2023-08-31,False,True
Blue Tokai,6814187094071,2026Q1,archive,Basankhan Estate,blue-tokai:6814187094071,1,2023Q3,2023-08-31,False,True
Blue Tokai,6814187094071,2026Q2,archive,Basankhan Estate,blue-tokai:6814187094071,1,2023Q3,2023-08-31,False,True
Blue Tokai,6814187094071,2026Q3,live,Basankhan Estate,blue-tokai:6814187094071,1,2023Q3,2023-08-31,False,True
Blue Tokai,6820236689463,2023Q3,archive,Hoysala Estate - Natural,blue-tokai:6820236689463,1,2023Q3,2023-08-31,False,True
Blue Tokai,6820236689463,2023Q4,archive,Hoysala Estate - Natural,blue-tokai:6820236689463,1,2023Q3,2023-08-31,False,True
Blue Tokai,6820236689463,2024Q2,archive,Hoysala Estate - Natural,blue-tokai:6820236689463,1,2023Q3,2023-08-31,False,True
Blue Tokai,6820237279287,2023Q3,archive,Baarbara Estate - Intenso Yeast,blue-tokai:6820237279287,1,2023Q3,2023-08-31,False,True
Blue Tokai,6835135709239,2023Q4,archive,The Rich & Bold Trio Pack,blue-tokai:6835135709239,1,2023Q4,2023-11-28,False,True
Blue Tokai,6835135709239,2024Q1,archive,The Rich & Bold Trio Pack,blue-tokai:6835135709239,1,2023Q4,2023-11-28,False,True
Blue Tokai,6835135709239,2024Q2,archive,The Rich & Bold Trio Pack-Coffee beans,blue-tokai:6835135709239,1,2023Q4,2023-11-28,False,True
Blue Tokai,6835135709239,2024Q3,archive,The Rich & Bold Trio Pack-Coffee beans,blue-tokai:6835135709239,1,2023Q4,2023-11-28,False,True
Blue Tokai,6835135709239,2024Q4,archive,The Rich & Bold Trio Pack-Coffee beans,blue-tokai:6835135709239,1,2023Q4,2023-11-28,False,True
Blue Tokai,6835135709239,2025Q1,archive,The Rich & Bold Trio Pack-Coffee beans,blue-tokai:6835135709239,1,2023Q4,2023-11-28,False,True
Blue Tokai,6835135709239,2025Q2,archive,The Rich & Bold Trio Pack-Coffee beans,blue-tokai:6835135709239,1,2023Q4,2023-11-28,False,True
Blue Tokai,6835135709239,2025Q3,archive,The Rich & Bold Trio Pack-Coffee beans,blue-tokai:6835135709239,1,2023Q4,2023-11-28,False,True
Blue Tokai,6835135709239,2025Q4,archive,The Rich & Bold Trio Pack-Coffee beans,blue-tokai:6835135709239,1,2023Q4,2023-11-28,False,True
Blue Tokai,6835135709239,2026Q1,archive,The Rich & Bold Trio Pack-Coffee beans,blue-tokai:6835135709239,1,2023Q4,2023-11-28,False,True
Blue Tokai,6835135709239,2026Q2,archive,The Rich & Bold Trio Pack-Coffee beans,blue-tokai:6835135709239,1,2023Q4,2023-11-28,False,True
Blue Tokai,6835135709239,2026Q3,live,The Rich & Bold Trio Pack,blue-tokai:6835135709239,1,2023Q4,2023-11-28,False,True
Blue Tokai,6838185590839,2023Q4,archive,Bettadamalali Estate - Natural,blue-tokai:6838185590839,1,2023Q4,2023-11-28,False,True
Blue Tokai,6840509825079,2023Q4,archive,Riverdale Estate - Aroma,blue-tokai:6840509825079,1,2023Q4,2023-11-28,False,True
Blue Tokai,6840509825079,2025Q4,archive,Riverdale Estate - Aroma,blue-tokai:6840509825079,1,2023Q4,2023-11-28,False,True
Blue Tokai,6848137658423,2023Q4,archive,Diwali Blend,blue-tokai:6848137658423,1,2023Q4,2023-11-28,False,True
Blue Tokai,6848137658423,2024Q4,archive,Diwali Blend,blue-tokai:6848137658423,1,2023Q4,2023-11-28,False,True
Blue Tokai,6848137658423,2025Q4,archive,Diwali Blend,blue-tokai:6848137658423,1,2023Q4,2023-11-28,False,True
Blue Tokai,6848144670775,2023Q4,archive,Salawara Estate - Robusta,blue-tokai:6848144670775,1,2023Q4,2023-11-28,False,True
Blue Tokai,6853329846327,2023Q4,archive,MSP Orchardale: Natural,blue-tokai:6853329846327,1,2023Q4,2023-11-28,False,True
Blue Tokai,6869837054007,2023Q4,archive,Krishnagiri Estate,blue-tokai:6869837054007,1,2023Q4,2023-11-28,False,True
Blue Tokai,6878196498487,2023Q4,archive,Riverdale Estate – 3xNaturals,blue-tokai:6878196498487,1,2023Q4,2023-11-28,False,True
Blue Tokai,6879017762871,2023Q4,archive,Gundikhan Estate,blue-tokai:6879017762871,1,2023Q4,2023-11-28,False,True
Blue Tokai,6882611265591,2023Q4,archive,Koraput- Madhu Agro Plantation,blue-tokai:6882611265591,1,2023Q4,2023-11-28,False,True
Blue Tokai,6904075485239,2024Q1,archive,11th Birthday Blend,blue-tokai:6904075485239,1,2024Q1,2024-02-21,False,True
Blue Tokai,6904312660023,2024Q1,archive,SICC - Sirangalli Community,blue-tokai:6904312660023,1,2024Q1,2024-02-21,False,True
Blue Tokai,6916026892343,2024Q1,archive,Central Washing Station,blue-tokai:6916026892343,1,2024Q1,2024-02-21,False,True
Blue Tokai,6920318943287,2024Q1,archive,Sampigehoney Estate | Medium Dark Roast - Single Serve,blue-tokai:6920318943287,1,2024Q1,2024-02-21,False,True
Blue Tokai,6920334147639,2024Q1,archive,Silver Oak Blend  | Medium Roast - Single Serve,blue-tokai:6920334147639,1,2024Q1,2024-02-21,False,True
Blue Tokai,6953214869559,2024Q2,archive,5-in-1 Explorer Pack,blue-tokai:6953214869559,1,2024Q2,2024-05-23,False,True
Blue Tokai,6953214869559,2024Q3,archive,5-in-1 Explorer Pack,blue-tokai:6953214869559,1,2024Q2,2024-05-23,False,True
Blue Tokai,6953214869559,2024Q4,archive,5-in-1 Explorer Pack,blue-tokai:6953214869559,1,2024Q2,2024-05-23,False,True
Blue Tokai,6953214869559,2025Q1,archive,5-in-1 Explorer Pack,blue-tokai:6953214869559,1,2024Q2,2024-05-23,False,True
Blue Tokai,6953214869559,2025Q2,archive,5-in-1 Explorer Pack,blue-tokai:6953214869559,1,2024Q2,2024-05-23,False,True
Blue Tokai,6953214869559,2025Q3,archive,5-in-1 Explorer Pack,blue-tokai:6953214869559,1,2024Q2,2024-05-23,False,True
Blue Tokai,6953214869559,2025Q4,archive,5-in-1 Explorer Pack,blue-tokai:6953214869559,1,2024Q2,2024-05-23,False,True
Blue Tokai,6953214869559,2026Q1,archive,5-in-1 Explorer Pack,blue-tokai:6953214869559,1,2024Q2,2024-05-23,False,True
Blue Tokai,6953214869559,2026Q2,archive,5-in-1 Explorer Pack,blue-tokai:6953214869559,1,2024Q2,2024-05-23,False,True
Blue Tokai,6953214869559,2026Q3,live,5-in-1 Explorer Pack,blue-tokai:6953214869559,1,2024Q2,2024-05-23,False,True
Blue Tokai,7128277778487,2024Q3,archive,Kerehaklu Estate – Thermal Shock,blue-tokai:7128277778487,1,2024Q3,2024-08-15,False,True
Blue Tokai,7141857198135,2024Q3,archive,Yellikodige Estate,blue-tokai:7141857198135,1,2024Q3,2024-08-15,False,True
Blue Tokai,7141857198135,2024Q4,archive,Yellikodige Estate,blue-tokai:7141857198135,1,2024Q3,2024-08-15,False,True
Blue Tokai,7141857198135,2025Q1,archive,Yellikodige Estate,blue-tokai:7141857198135,1,2024Q3,2024-08-15,False,True
Blue Tokai,7151179563063,2024Q3,archive,Monsoon Blend,blue-tokai:7151179563063,1,2024Q3,2024-08-15,False,True
Blue Tokai,7180851380279,2024Q4,archive,Origin Unhurried: Chikmagalur Pack,blue-tokai:7180851380279,1,2024Q4,2024-12-07,False,True
Blue Tokai,7201269973047,2024Q4,archive,Amruthavarshini Estate,blue-tokai:7201269973047,1,2024Q4,2024-12-07,False,True
Blue Tokai,7201269973047,2026Q1,archive,Amruthavarshini Estate,blue-tokai:7201269973047,1,2024Q4,2024-12-07,False,True
Blue Tokai,7201269973047,2026Q2,archive,Amruthavarshini Estate,blue-tokai:7201269973047,1,2024Q4,2024-12-07,False,True
Blue Tokai,7201269973047,2026Q3,live,Amruthavarshini Estate,blue-tokai:7201269973047,1,2024Q4,2024-12-07,False,True
Blue Tokai,7203513761847,2024Q4,archive,Origin Unhurried: Araku Valley Pack,blue-tokai:7203513761847,1,2024Q4,2024-12-07,False,True
Blue Tokai,7204001185847,2024Q4,archive,Winter Blend,blue-tokai:7204001185847,1,2024Q4,2024-12-07,False,True
Blue Tokai,7204001185847,2026Q1,archive,Winter Blend,blue-tokai:7204001185847,1,2024Q4,2024-12-07,False,True
Blue Tokai,7204001185847,2026Q2,archive,Winter Blend,blue-tokai:7204001185847,1,2024Q4,2024-12-07,False,True
Blue Tokai,7204001185847,2026Q3,live,Winter Blend,blue-tokai:7204001185847,1,2024Q4,2024-12-07,False,True
Blue Tokai,7208527298615,2025Q1,archive,Riverdale Estate – Gesha Natural,blue-tokai:7208527298615,1,2025Q1,2025-01-25,False,True
Blue Tokai,7210364895287,2025Q1,archive,Wine Barrel Aged Coffee,blue-tokai:7210364895287,1,2025Q1,2025-01-25,False,True
Blue Tokai,7213329088567,2025Q1,archive,Salawara Estate - Lot 1418,blue-tokai:7213329088567,1,2025Q1,2025-01-25,False,True
Blue Tokai,7215158755383,2025Q1,archive,Raxidi Estate - Natural,blue-tokai:7215158755383,1,2025Q1,2025-01-25,False,True
Blue Tokai,7215158755383,2025Q4,archive,Raxidi Lobo Estate,blue-tokai:7215158755383,1,2025Q1,2025-01-25,False,True
Blue Tokai,7215158755383,2026Q3,live,Raxidi Lobo Estate - Anaerobic Natural,blue-tokai:7215158755383,1,2025Q1,2025-01-25,False,True
Blue Tokai,7284647002167,2025Q3,archive,St. Joseph Estate,blue-tokai:7284647002167,1,2025Q3,2025-08-11,False,True
Blue Tokai,7284647002167,2025Q4,archive,St. Joseph Estate,blue-tokai:7284647002167,1,2025Q3,2025-08-11,False,True
Blue Tokai,7284647002167,2026Q1,archive,St. Joseph Estate,blue-tokai:7284647002167,1,2025Q3,2025-08-11,False,True
Blue Tokai,7284647002167,2026Q2,archive,St. Joseph Estate,blue-tokai:7284647002167,1,2025Q3,2025-08-11,False,True
Blue Tokai,7284647002167,2026Q3,live,St. Joseph Estate,blue-tokai:7284647002167,1,2025Q3,2025-08-11,False,True
Blue Tokai,7291051016247,2025Q3,archive,Riverdale Estate – Fruit Punch,blue-tokai:7291051016247,1,2025Q3,2025-07-16,False,True
Blue Tokai,7292888285239,2025Q3,archive,Krishnagiri Estate,blue-tokai:7292888285239,1,2025Q3,2025-08-11,False,True
Blue Tokai,7292888285239,2025Q4,archive,Krishnagiri Estate,blue-tokai:7292888285239,1,2025Q3,2025-08-11,False,True
Blue Tokai,7292888285239,2026Q1,archive,Krishnagiri Estate,blue-tokai:7292888285239,1,2025Q3,2025-08-11,False,True
Blue Tokai,7292888285239,2026Q2,archive,Krishnagiri Estate,blue-tokai:7292888285239,1,2025Q3,2025-08-11,False,True
Blue Tokai,7292888285239,2026Q3,live,Krishnagiri Estate,blue-tokai:7292888285239,1,2025Q3,2025-08-11,False,True
Blue Tokai,7308826279991,2025Q3,archive,Warsanlyngdoh Coffee Collective,blue-tokai:7308826279991,1,2025Q3,2025-08-11,False,True
Blue Tokai,7308826279991,2025Q4,archive,Warsanlyngdoh Coffee Collective,blue-tokai:7308826279991,1,2025Q3,2025-08-11,False,True
Blue Tokai,7308826279991,2026Q1,archive,Warsanlyngdoh Coffee Collective,blue-tokai:7308826279991,1,2025Q3,2025-08-11,False,True
Blue Tokai,7308826279991,2026Q2,archive,Warsanlyngdoh Coffee Collective,blue-tokai:7308826279991,1,2025Q3,2025-08-11,False,True
Blue Tokai,7308826279991,2026Q3,live,Warsanlyngdoh Coffee Collective,blue-tokai:7308826279991,1,2025Q3,2025-08-11,False,True
Blue Tokai,7314532401207,2025Q4,archive,Mooleh Manay Estate – CM Natural,blue-tokai:7314532401207,1,2025Q4,2025-11-29,False,True
Blue Tokai,7314532401207,2026Q1,archive,Mooleh Manay Estate – CM Natural,blue-tokai:7314532401207,1,2025Q4,2025-11-29,False,True
Blue Tokai,7314532401207,2026Q2,archive,Mooleh Manay Estate – CM Natural,blue-tokai:7314532401207,1,2025Q4,2025-11-29,False,True
Blue Tokai,7314532401207,2026Q3,live,Mooleh Manay Estate – CM Natural,blue-tokai:7314532401207,1,2025Q4,2025-11-29,False,True
Blue Tokai,7314721898551,2025Q3,archive,The Monsoon Trio,blue-tokai:7314721898551,1,2025Q3,2025-08-11,False,True
Blue Tokai,7314721898551,2026Q3,live,The Monsoon Trio,blue-tokai:7314721898551,1,2025Q3,2025-08-11,False,True
Blue Tokai,7320180424759,2025Q3,archive,SKIA Coffee (Pack of 2),blue-tokai:7320180424759,1,2025Q3,2025-08-11,False,True
Blue Tokai,7320180424759,2025Q4,archive,SKIA Coffee (Pack of 2),blue-tokai:7320180424759,1,2025Q3,2025-08-11,False,True
Blue Tokai,7320180424759,2026Q1,archive,SKIA Coffee (Pack of 2),blue-tokai:7320180424759,1,2025Q3,2025-08-11,False,True
Blue Tokai,7320180424759,2026Q2,archive,SKIA Coffee (Pack of 2),blue-tokai:7320180424759,1,2025Q3,2025-08-11,False,True
Blue Tokai,7320180424759,2026Q3,live,SKIA Coffee (Pack of 2),blue-tokai:7320180424759,1,2025Q3,2025-08-11,False,True
Blue Tokai,7326021877815,2025Q4,archive,Kuttinkhan Upper Estate,blue-tokai:7326021877815,1,2025Q4,2025-11-04,False,True
Blue Tokai,7364722491447,2025Q4,archive,SICC - Excelsa,blue-tokai:7364722491447,1,2025Q4,2025-11-04,False,True
Blue Tokai,7376323903543,2026Q1,archive,Half - Caff,blue-tokai:7376323903543,1,2026Q1,2026-03-31,False,True
Blue Tokai,7376323903543,2026Q2,archive,Half - Caff,blue-tokai:7376323903543,1,2026Q1,2026-03-31,False,True
Blue Tokai,7376323903543,2026Q3,live,Half - Caff,blue-tokai:7376323903543,1,2026Q1,2026-03-31,False,True
Blue Tokai,7390307024951,2026Q1,archive,13th Birthday Blend,blue-tokai:7390307024951,1,2026Q1,2026-03-31,False,True
Blue Tokai,7390307024951,2026Q2,archive,13th Birthday Blend,blue-tokai:7390307024951,1,2026Q1,2026-03-31,False,True
Blue Tokai,7390307024951,2026Q3,live,13th Birthday Blend,blue-tokai:7390307024951,1,2026Q1,2026-03-31,False,True
Blue Tokai,7390307090487,2026Q1,archive,Ratnagiri Estate - Dark Room Natural,blue-tokai:7390307090487,1,2026Q1,2026-03-31,False,True
Blue Tokai,7390307090487,2026Q2,archive,Ratnagiri Estate - Dark Room Natural,blue-tokai:7390307090487,1,2026Q1,2026-03-31,False,True
Blue Tokai,7398919602231,2026Q1,archive,Kalledevarapura Estate - The Fermentation Edit,blue-tokai:7398919602231,1,2026Q1,2026-03-31,False,True
Blue Tokai,7398919602231,2026Q2,archive,Kalledevarapura Estate - The Fermentation Edit,blue-tokai:7398919602231,1,2026Q1,2026-03-31,False,True
Blue Tokai,7407376695351,2026Q1,archive,Riverdale Estate - White Rose,blue-tokai:7407376695351,1,2026Q1,2026-03-31,False,True
Blue Tokai,7407376695351,2026Q2,archive,Riverdale Estate - White Rose,blue-tokai:7407376695351,1,2026Q1,2026-03-31,False,True
Blue Tokai,7412302413879,2026Q1,archive,The Teenage Trail - Box of 13 Coffees,blue-tokai:7412302413879,1,2026Q1,2026-03-31,False,True
Blue Tokai,7412302413879,2026Q2,archive,The Teenage Trail - Box of 13 Coffees,blue-tokai:7412302413879,1,2026Q1,2026-03-31,False,True
Blue Tokai,7412302413879,2026Q3,live,The Teenage Trail - Box of 13 Coffees,blue-tokai:7412302413879,1,2026Q1,2026-03-31,False,True
Blue Tokai,7455042928695,2026Q3,live,Araku - Viishalakshi FPC,blue-tokai:7455042928695,1,2026Q3,2026--0-9-,False,True
Blue Tokai,7458772779063,2026Q3,live,Elkhill Estates,blue-tokai:7458772779063,1,2026Q3,2026--0-9-,False,True
Blue Tokai,7465918988343,2026Q3,live,Kerehaklu Estate - Blossom Culture,blue-tokai:7465918988343,1,2026Q3,2026--0-9-,False,True
Blue Tokai,7473689788471,2026Q3,live,Salawara Estate,blue-tokai:7473689788471,1,2026Q3,2026--0-9-,False,True
Blue Tokai,7490953216055,2026Q3,live,Raxidi Lobo Estate - Pichia Yeast,blue-tokai:7490953216055,1,2026Q3,2026--0-9-,False,True
Blue Tokai,7507895812151,2026Q3,live,Riverdale Estate - Mosto,blue-tokai:7507895812151,1,2026Q3,2026--0-9-,False,True
Blue Tokai,7512628527159,2026Q3,live,Baarbara Estate - Whiskey Barrel Aged,blue-tokai:7512628527159,1,2026Q3,2026--0-9-,False,True
Blue Tokai,7521686945847,2026Q3,live,Excelsa by Mooleh Manay Estate,blue-tokai:7521686945847,1,2026Q3,2026--0-9-,False,True
Blue Tokai,7525386813495,2026Q3,live,Terroir Culture by Ratnagiri Estate,blue-tokai:7525386813495,1,2026Q3,2026--0-9-,False,True
Blue Tokai,9516855880,2023Q1,archive,Cold Brew Blend Bold,blue-tokai:9516855880,1,2023Q1,2023-03-06,False,True
Blue Tokai,9516855880,2023Q2,archive,Cold Brew Blend Bold,blue-tokai:9516855880,1,2023Q1,2023-03-06,False,True
Blue Tokai,9516855880,2023Q3,archive,Cold Brew Blend Bold,blue-tokai:9516855880,1,2023Q1,2023-03-06,False,True
Blue Tokai,9516855880,2023Q4,archive,Cold Brew Blend Bold,blue-tokai:9516855880,1,2023Q1,2023-03-06,False,True
Blue Tokai,9516855880,2024Q2,archive,Cold Brew Blend Bold,blue-tokai:9516855880,1,2023Q1,2023-03-06,False,True
Blue Tokai,9516855880,2024Q3,archive,Cold Brew Blend Bold,blue-tokai:9516855880,1,2023Q1,2023-03-06,False,True
Blue Tokai,9516855880,2025Q1,archive,Cold Brew Blend Bold,blue-tokai:9516855880,1,2023Q1,2023-03-06,False,True
Blue Tokai,9516855880,2025Q2,archive,Cold Brew Blend Bold,blue-tokai:9516855880,1,2023Q1,2023-03-06,False,True
Blue Tokai,9516855880,2025Q3,archive,Cold Brew Blend Bold,blue-tokai:9516855880,1,2023Q1,2023-03-06,False,True
Blue Tokai,9516855880,2025Q4,archive,Cold Brew Blend Bold,blue-tokai:9516855880,1,2023Q1,2023-03-06,False,True
Blue Tokai,9516855880,2026Q1,archive,Cold Brew Blend Bold,blue-tokai:9516855880,1,2023Q1,2023-03-06,False,True
Blue Tokai,9516855880,2026Q2,archive,Cold Brew Blend Bold,blue-tokai:9516855880,1,2023Q1,2023-03-06,False,True
Blue Tokai,9516855880,2026Q3,live,Cold Brew Blend Bold,blue-tokai:9516855880,1,2023Q1,2023-03-06,False,True
Corridor Seven,2040943575097,2023Q1,archive,Baarbara Estate Washed Process,corridor-seven:2040943575097,1,2023Q1,2023-02-24,False,True
Corridor Seven,2040943575097,2023Q3,archive,Baarbara Estate Washed Process,corridor-seven:2040943575097,1,2023Q1,2023-02-24,False,True
Corridor Seven,2040943575097,2024Q2,archive,Baarbara Estate Washed Process,corridor-seven:2040943575097,1,2023Q1,2023-02-24,False,True
Corridor Seven,2040943575097,2024Q3,archive,Baarbara Estate Washed Process,corridor-seven:2040943575097,1,2023Q1,2023-02-24,False,True
Corridor Seven,2040943575097,2026Q3,live,Baarbara Estate Washed Process,corridor-seven:2040943575097,1,2023Q1,2023-02-24,False,True
Corridor Seven,2040988500025,2023Q1,archive,Vienna Roast,corridor-seven:2040988500025,1,2023Q1,2023-02-24,False,True
Corridor Seven,2040988500025,2023Q3,archive,Vienna Roast,corridor-seven:2040988500025,1,2023Q1,2023-02-24,False,True
Corridor Seven,2040988500025,2024Q1,archive,Vienna Roast,corridor-seven:2040988500025,1,2023Q1,2023-02-24,False,True
Corridor Seven,2040988500025,2024Q2,archive,Vienna Roast,corridor-seven:2040988500025,1,2023Q1,2023-02-24,False,True
Corridor Seven,2040988500025,2024Q3,archive,Vienna Roast,corridor-seven:2040988500025,1,2023Q1,2023-02-24,False,True
Corridor Seven,2040988500025,2026Q3,live,Vienna Roast,corridor-seven:2040988500025,1,2023Q1,2023-02-24,False,True
Corridor Seven,2045063856185,2023Q1,archive,French Roast,corridor-seven:2045063856185,1,2023Q1,2023-02-24,False,True
Corridor Seven,2045063856185,2023Q3,archive,French Roast,corridor-seven:2045063856185,1,2023Q1,2023-02-24,False,True
Corridor Seven,2045063856185,2024Q1,archive,French Roast,corridor-seven:2045063856185,1,2023Q1,2023-02-24,False,True
Corridor Seven,2045063856185,2024Q2,archive,French Roast,corridor-seven:2045063856185,1,2023Q1,2023-02-24,False,True
Corridor Seven,2045063856185,2024Q3,archive,French Roast,corridor-seven:2045063856185,1,2023Q1,2023-02-24,False,True
Corridor Seven,2045063856185,2026Q3,live,French Roast,corridor-seven:2045063856185,1,2023Q1,2023-02-24,False,True
Corridor Seven,2229869412409,2023Q1,archive,SAMPLER PACK,corridor-seven:2229869412409,1,2023Q1,2023-02-24,False,True
Corridor Seven,2229869412409,2023Q3,archive,SAMPLER PACK,corridor-seven:2229869412409,1,2023Q1,2023-02-24,False,True
Corridor Seven,2229869412409,2024Q1,archive,SAMPLER PACK,corridor-seven:2229869412409,1,2023Q1,2023-02-24,False,True
Corridor Seven,2229869412409,2024Q2,archive,SAMPLER PACK,corridor-seven:2229869412409,1,2023Q1,2023-02-24,False,True
Corridor Seven,2229869412409,2024Q3,archive,SAMPLER PACK,corridor-seven:2229869412409,1,2023Q1,2023-02-24,False,True
Corridor Seven,2229869412409,2026Q3,live,SAMPLER PACK,corridor-seven:2229869412409,1,2023Q1,2023-02-24,False,True
Corridor Seven,2236821733433,2023Q1,archive,March Mellow ( Cold Brew Blend ),corridor-seven:2236821733433,1,2023Q1,2023-02-24,False,True
Corridor Seven,2236821733433,2023Q3,archive,March Mellow ( Cold Brew Blend ),corridor-seven:2236821733433,1,2023Q1,2023-02-24,False,True
Corridor Seven,2236821733433,2024Q1,archive,March Mellow ( Cold Brew Blend ),corridor-seven:2236821733433,1,2023Q1,2023-02-24,False,True
Corridor Seven,2236821733433,2024Q2,archive,March Mellow ( Cold Brew Blend ),corridor-seven:2236821733433,1,2023Q1,2023-02-24,False,True
Corridor Seven,2236821733433,2024Q3,archive,Cold Brew Blend - Regular ( March Mellow),corridor-seven:2236821733433,1,2023Q1,2023-02-24,False,True
Corridor Seven,2236821733433,2026Q3,live,Cold Brew Blend - Regular (March Mellow),corridor-seven:2236821733433,1,2023Q1,2023-02-24,False,True
Corridor Seven,4411052359703,2026Q3,live,FRENCH PRESS,corridor-seven:4411052359703,1,2026Q3,2026--0-9-,False,True
Corridor Seven,4411053473815,2026Q3,live,Hario Dripper Filter Paper - Size 02,corridor-seven:4411053473815,1,2026Q3,2026--0-9-,False,True
Corridor Seven,4452844175383,2026Q3,live,AeroPress Coffee Maker- (The better coffee press),corridor-seven:4452844175383,1,2026Q3,2026--0-9-,False,True
Corridor Seven,4837884330007,2023Q1,archive,August Rush Blend,corridor-seven:4837884330007,1,2023Q1,2023-02-24,False,True
Corridor Seven,4837884330007,2023Q3,archive,August Rush Blend,corridor-seven:4837884330007,1,2023Q1,2023-02-24,False,True
Corridor Seven,4837884330007,2024Q1,archive,August Rush Blend,corridor-seven:4837884330007,1,2023Q1,2023-02-24,False,True
Corridor Seven,4837884330007,2024Q2,archive,August Rush Blend,corridor-seven:4837884330007,1,2023Q1,2023-02-24,False,True
Corridor Seven,4837884330007,2024Q3,archive,August Rush Blend,corridor-seven:4837884330007,1,2023Q1,2023-02-24,False,True
Corridor Seven,4837884330007,2026Q3,live,August Rush Blend,corridor-seven:4837884330007,1,2023Q1,2023-02-24,False,True
Corridor Seven,6551841898519,2026Q3,live,Aeropress Filters,corridor-seven:6551841898519,1,2026Q3,2026--0-9-,False,True
Corridor Seven,6566620463127,2023Q1,archive,Ratnagiri Estate Washed Process - 2022 Launch,corridor-seven:6566620463127,1,2023Q1,2023-02-24,False,True
Corridor Seven,6566620463127,2023Q3,archive,Ratnagiri Estate Washed Process,corridor-seven:6566620463127,1,2023Q1,2023-02-24,False,True
Corridor Seven,6566620463127,2024Q1,archive,Ratnagiri Estate Washed Process,corridor-seven:6566620463127,1,2023Q1,2023-02-24,False,True
Corridor Seven,6566620463127,2024Q2,archive,Ratnagiri Estate Washed Process,corridor-seven:6566620463127,1,2023Q1,2023-02-24,False,True
Corridor Seven,6566620463127,2024Q3,archive,Ratnagiri Estate Washed Process,corridor-seven:6566620463127,1,2023Q1,2023-02-24,False,True
Corridor Seven,6566620463127,2026Q3,live,Ratnagiri Estate Washed Process,corridor-seven:6566620463127,1,2023Q1,2023-02-24,False,True
Corridor Seven,6566751698967,2026Q3,live,Gift Card,corridor-seven:6566751698967,1,2026Q3,2026--0-9-,False,True
Corridor Seven,6579892518935,2023Q3,archive,Riverdale Estate Washed Process ( Per Diem Profile ),corridor-seven:6579892518935,1,2023Q3,2023-09-26,False,True
Corridor Seven,6579892518935,2024Q1,archive,Riverdale Estate Washed Process ( Per Diem Profile ),corridor-seven:6579892518935,1,2023Q3,2023-09-26,False,True
Corridor Seven,6579892518935,2024Q2,archive,Riverdale Estate Washed Process ( Per Diem Profile ),corridor-seven:6579892518935,1,2023Q3,2023-09-26,False,True
Corridor Seven,6702476066839,2023Q3,archive,Riverdale Estate N - 72 Fermentation Process,corridor-seven:6702476066839,1,2023Q3,2023-09-26,False,True
Corridor Seven,6712151048215,2026Q3,live,Mokapot ( 3 Cup ),corridor-seven:6712151048215,1,2026Q3,2026--0-9-,False,True
Corridor Seven,6781825908759,2023Q3,archive,Barista Forte Blend,corridor-seven:6781825908759,1,2023Q3,2023-09-26,False,True
Corridor Seven,6781825908759,2024Q1,archive,Barista Forte Blend,corridor-seven:6781825908759,1,2023Q3,2023-09-26,False,True
Corridor Seven,6781825908759,2024Q2,archive,Barista Forte Blend,corridor-seven:6781825908759,1,2023Q3,2023-09-26,False,True
Corridor Seven,6781825908759,2024Q3,archive,Barista Forte Blend,corridor-seven:6781825908759,1,2023Q3,2023-09-26,False,True
Corridor Seven,6781825908759,2026Q3,live,Barista Forte Blend,corridor-seven:6781825908759,1,2023Q3,2023-09-26,False,True
Corridor Seven,6853063835671,2023Q1,archive,Riverdale Estate Peach Fermentation Process,corridor-seven:6853063835671,1,2023Q1,2023-02-24,False,True
Corridor Seven,6856398635031,2023Q1,archive,Ratnagiri Estate Carbonic Maceration Process,corridor-seven:6856398635031,1,2023Q1,2023-02-24,False,True
Corridor Seven,6856400240663,2023Q1,archive,Ratnagiri Estate Anaerobic Naturals Process ( SLN - 9 ),corridor-seven:6856400240663,1,2023Q1,2023-02-24,False,True
Corridor Seven,6859083808791,2023Q1,archive,Peach Espresso Blend,corridor-seven:6859083808791,1,2023Q1,2023-02-24,False,True
Corridor Seven,6859655282711,2023Q1,archive,Espresso Bundle,corridor-seven:6859655282711,1,2023Q1,2023-02-24,False,True
Corridor Seven,6869517959191,2023Q1,archive,Riverdale Estate Grape Fermentation Process,corridor-seven:6869517959191,1,2023Q1,2023-02-24,False,True
Corridor Seven,6897757126679,2023Q3,archive,Balmaadi Estate Organic Natural Process - 2023 Launch,corridor-seven:6897757126679,1,2023Q3,2023-09-26,False,True
Corridor Seven,6919383908375,2023Q3,archive,Ratnagiri Estate Orange Fermentation Honey Process - 2023 Launch,corridor-seven:6919383908375,1,2023Q3,2023-09-26,False,True
Corridor Seven,6919383973911,2024Q1,archive,Ratnagiri Estate Carbonic Naturals - 2023 Launch,corridor-seven:6919383973911,1,2024Q1,2024-02-28,False,True
Corridor Seven,6932112637975,2024Q1,archive,Melkodige Estate - 60hrs Anaerobic Naturals,corridor-seven:6932112637975,1,2024Q1,2024-02-28,False,True
Corridor Seven,6933418082327,2025Q3,archive,Riverdale Estate Watermelon Process,corridor-seven:6933418082327,1,2025Q3,2025-06-22,False,True
Corridor Seven,7029070987287,2024Q1,archive,Riverdale Estate - Natural 48Hrs Fermentation,corridor-seven:7029070987287,1,2024Q1,2024-02-28,False,True
Corridor Seven,7036998582295,2024Q1,archive,Sangameshwar Estate - Honey Process,corridor-seven:7036998582295,1,2024Q1,2024-02-28,False,True
Corridor Seven,7088861610007,2024Q2,archive,Ratnagiri Estate Naturals,corridor-seven:7088861610007,1,2024Q2,2024-05-18,False,True
Corridor Seven,7088861610007,2025Q1,archive,Ratnagiri Estate Naturals,corridor-seven:7088861610007,1,2024Q2,2024-05-18,False,True
Corridor Seven,7088861610007,2025Q2,archive,Ratnagiri Estate Naturals,corridor-seven:7088861610007,1,2024Q2,2024-05-18,False,True
Corridor Seven,7088861610007,2025Q3,archive,Ratnagiri Estate Naturals,corridor-seven:7088861610007,1,2024Q2,2024-05-18,False,True
Corridor Seven,7168258310167,2024Q3,archive,Riverdale Estate - Geisha,corridor-seven:7168258310167,1,2024Q3,2024-09-19,False,True
Corridor Seven,7168258310167,2025Q3,archive,Riverdale Estate - Geisha,corridor-seven:7168258310167,1,2024Q3,2024-09-19,False,True
Corridor Seven,7249230823447,2024Q3,archive,Gungegiri Estate - Honey Sundried Process,corridor-seven:7249230823447,1,2024Q3,2024-09-19,False,True
Corridor Seven,7249230823447,2025Q3,archive,Gungegiri Estate - Honey Sundried Process,corridor-seven:7249230823447,1,2024Q3,2024-09-19,False,True
Corridor Seven,7257502285847,2024Q3,archive,Cold Brew Blend - Light,corridor-seven:7257502285847,1,2024Q3,2024-09-19,False,True
Corridor Seven,7257502285847,2025Q3,archive,Cold Brew Blend - Light,corridor-seven:7257502285847,1,2024Q3,2024-09-19,False,True
Corridor Seven,7257553371159,2024Q3,archive,Cold Brew Blend - BOLD,corridor-seven:7257553371159,1,2024Q3,2024-09-19,False,True
Corridor Seven,7257553371159,2025Q3,archive,Cold Brew Blend - BOLD,corridor-seven:7257553371159,1,2024Q3,2024-09-19,False,True
Corridor Seven,7257553371159,2026Q3,live,Cold Brew Blend - BOLD,corridor-seven:7257553371159,1,2024Q3,2024-09-19,False,True
Corridor Seven,7258971799575,2024Q3,archive,LEAN Blend,corridor-seven:7258971799575,1,2024Q3,2024-10-08,False,True
Corridor Seven,7258971799575,2025Q3,archive,LEAN Blend,corridor-seven:7258971799575,1,2024Q3,2024-10-08,False,True
Corridor Seven,7258971799575,2026Q3,live,LEAN Blend,corridor-seven:7258971799575,1,2024Q3,2024-10-08,False,True
Corridor Seven,7258977075223,2024Q3,archive,BR!M Blend,corridor-seven:7258977075223,1,2024Q3,2024-10-08,False,True
Corridor Seven,7258977075223,2025Q3,archive,BR!M Blend,corridor-seven:7258977075223,1,2024Q3,2024-10-08,False,True
Corridor Seven,7261598220311,2026Q3,live,Item Customizations,corridor-seven:7261598220311,1,2026Q3,2026--0-9-,False,True
Corridor Seven,7271585218583,2024Q3,archive,Anughraha Estate Organic Natural Process,corridor-seven:7271585218583,1,2024Q3,2024-10-08,False,True
Corridor Seven,7271585218583,2025Q3,archive,Anughraha Estate Organic Natural Process,corridor-seven:7271585218583,1,2024Q3,2024-10-08,False,True
Corridor Seven,7291013955607,2024Q3,archive,Riverdale Estate Per Diem Profile,corridor-seven:7291013955607,1,2024Q3,2024-10-08,False,True
Corridor Seven,7306943430679,2024Q3,archive,Melkodige Estate - Anaerobic Naturals,corridor-seven:7306943430679,1,2024Q3,2024-10-08,False,True
Corridor Seven,7307425775639,2024Q3,archive,Melkodige Estate - LORD 1385/1386,corridor-seven:7307425775639,1,2024Q3,2024-10-08,False,True
Corridor Seven,7316934688791,2024Q3,archive,Kudiraipanjan Estate Lactic Fermentation Natural (110 Hrs),corridor-seven:7316934688791,1,2024Q3,2024-10-08,False,True
Corridor Seven,7316934688791,2025Q3,archive,Kudiraipanjan Estate Lactic Fermentation Natural (110 Hrs),corridor-seven:7316934688791,1,2024Q3,2024-10-08,False,True
Corridor Seven,7316941045783,2024Q3,archive,Kudiraipanjan Estate Anaerobic Natural 96 Hours,corridor-seven:7316941045783,1,2024Q3,2024-10-08,False,True
Corridor Seven,7316941045783,2025Q3,archive,Kudiraipanjan Estate Anaerobic Natural 96 Hours,corridor-seven:7316941045783,1,2024Q3,2024-10-08,False,True
Corridor Seven,7378396479511,2025Q1,archive,Salawara Estate 48hr Anaerobic Fermentation - Honey Process,corridor-seven:7378396479511,1,2025Q1,2025-01-13,False,True
Corridor Seven,7378396479511,2025Q2,archive,Salawara Estate 48hr Anaerobic Fermentation - Honey Process,corridor-seven:7378396479511,1,2025Q1,2025-01-13,False,True
Corridor Seven,7378396479511,2025Q3,archive,Salawara Estate 48hr Anaerobic Fermentation - Honey Process,corridor-seven:7378396479511,1,2025Q1,2025-01-13,False,True
Corridor Seven,7378540560407,2025Q1,archive,Salawara Estate 72hr Anaerobic Fermentation - Red Wine Honey Process,corridor-seven:7378540560407,1,2025Q1,2025-01-13,False,True
Corridor Seven,7378540560407,2025Q2,archive,Salawara Estate 72hr Anaerobic Fermentation - Red Wine Honey Process,corridor-seven:7378540560407,1,2025Q1,2025-01-13,False,True
Corridor Seven,7378540560407,2025Q3,archive,Salawara Estate 72hr Anaerobic Fermentation - Red Wine Honey Process,corridor-seven:7378540560407,1,2025Q1,2025-01-13,False,True
Corridor Seven,7378597478423,2025Q1,archive,Salawara Estate 75hr Anaerobic Fermentation - Naturals,corridor-seven:7378597478423,1,2025Q1,2025-01-13,False,True
Corridor Seven,7378597478423,2025Q2,archive,Salawara Estate 75hr Anaerobic Fermentation - Naturals,corridor-seven:7378597478423,1,2025Q1,2025-01-13,False,True
Corridor Seven,7378597478423,2025Q3,archive,Salawara Estate 75hr Anaerobic Fermentation - Naturals,corridor-seven:7378597478423,1,2025Q1,2025-01-13,False,True
Corridor Seven,7378616221719,2025Q1,archive,Salawara Estate 72hr Anaerobic Fermentation - Natural Experimental,corridor-seven:7378616221719,1,2025Q1,2025-01-13,False,True
Corridor Seven,7378616221719,2025Q2,archive,Salawara Estate 72hr Anaerobic Fermentation - Natural Experimental,corridor-seven:7378616221719,1,2025Q1,2025-01-13,False,True
Corridor Seven,7378616221719,2025Q3,archive,Salawara Estate 72hr Anaerobic Fermentation - Natural Experimental,corridor-seven:7378616221719,1,2025Q1,2025-01-13,False,True
Corridor Seven,7378671632407,2025Q1,archive,Salawara Estate 72hr Anaerobic Fermentation - Natural,corridor-seven:7378671632407,1,2025Q1,2025-01-13,False,True
Corridor Seven,7378671632407,2025Q2,archive,Salawara Estate 72hr Anaerobic Fermentation - Natural,corridor-seven:7378671632407,1,2025Q1,2025-01-13,False,True
Corridor Seven,7378671632407,2025Q3,archive,Salawara Estate 72hr Anaerobic Fermentation - Natural,corridor-seven:7378671632407,1,2025Q1,2025-01-13,False,True
Corridor Seven,7378715672599,2025Q1,archive,Ratnagiri Estate 76hr Culture Washed Process,corridor-seven:7378715672599,1,2025Q1,2025-01-13,False,True
Corridor Seven,7378715672599,2025Q2,archive,Ratnagiri Estate 76hr Culture Washed Process,corridor-seven:7378715672599,1,2025Q1,2025-01-13,False,True
Corridor Seven,7378715672599,2025Q3,archive,Ratnagiri Estate 76hr Culture Washed Process,corridor-seven:7378715672599,1,2025Q1,2025-01-13,False,True
Corridor Seven,7380692598807,2025Q1,archive,Ratnagiri Estate 80hr Culture Natural Process,corridor-seven:7380692598807,1,2025Q1,2025-01-13,False,True
Corridor Seven,7380692598807,2025Q2,archive,Ratnagiri Estate 80hr Culture Natural Process,corridor-seven:7380692598807,1,2025Q1,2025-01-13,False,True
Corridor Seven,7380692598807,2025Q3,archive,Ratnagiri Estate 80hr Culture Natural Process,corridor-seven:7380692598807,1,2025Q1,2025-01-13,False,True
Corridor Seven,7380741062679,2025Q1,archive,"Dima Hasao, Assam -Naturals",corridor-seven:7380741062679,1,2025Q1,2025-01-13,False,True
Corridor Seven,7380741062679,2025Q2,archive,"Dima Hasao, Assam -Naturals",corridor-seven:7380741062679,1,2025Q1,2025-01-13,False,True
Corridor Seven,7380741062679,2025Q3,archive,"Dima Hasao, Assam -Naturals",corridor-seven:7380741062679,1,2025Q1,2025-01-13,False,True
Corridor Seven,7413648654359,2025Q1,archive,Salawara Estate Bundle,corridor-seven:7413648654359,1,2025Q1,2025-01-13,False,True
Corridor Seven,7413648654359,2025Q2,archive,Salawara Estate Bundle,corridor-seven:7413648654359,1,2025Q1,2025-01-13,False,True
Corridor Seven,7413648654359,2025Q3,archive,Salawara Estate Bundle,corridor-seven:7413648654359,1,2025Q1,2025-01-13,False,True
Corridor Seven,7427901554711,2026Q3,live,Shipping Protection,corridor-seven:7427901554711,1,2026Q3,2026--0-9-,False,True
Corridor Seven,7439422849047,2025Q1,archive,Christmas Blend,corridor-seven:7439422849047,1,2025Q1,2025-01-13,False,True
Corridor Seven,7439422849047,2025Q2,archive,Christmas Blend,corridor-seven:7439422849047,1,2025Q1,2025-01-13,False,True
Corridor Seven,7440512811031,2025Q1,archive,"Nongryniang, Meghalaya - Naturals",corridor-seven:7440512811031,1,2025Q1,2025-01-13,False,True
Corridor Seven,7440512811031,2025Q2,archive,"Nongryniang, Meghalaya - Naturals",corridor-seven:7440512811031,1,2025Q1,2025-01-13,False,True
Corridor Seven,7561893740567,2025Q3,archive,Riverdale Estate Champagne Cold Soak,corridor-seven:7561893740567,1,2025Q3,2025-07-13,False,True
Corridor Seven,7582622744599,2025Q3,archive,Riverdale Estate Lactic Carbonic Maceration,corridor-seven:7582622744599,1,2025Q3,2025-07-13,False,True
Corridor Seven,7601434984471,2025Q3,archive,Anai Kadu Estate Aerobic Naturals,corridor-seven:7601434984471,1,2025Q3,2025-07-13,False,True
Corridor Seven,7945356181527,2026Q3,live,Champion’s Table – Coffee Omakase Experience,corridor-seven:7945356181527,1,2026Q3,2026--0-9-,False,True
Corridor Seven,8197067374615,2026Q3,live,SCA Brewing Professional Course,corridor-seven:8197067374615,1,2026Q3,2026--0-9-,False,True
Corridor Seven,8207156445207,2026Q3,live,Latte Art: Pour and Practice,corridor-seven:8207156445207,1,2026Q3,2026--0-9-,False,True
Corridor Seven,8635014119447,2026Q3,live,The Second Pour at Brim,corridor-seven:8635014119447,1,2026Q3,2026--0-9-,False,True
Corridor Seven,8640007471127,2026Q3,live,SCA Brewing Foundation Course,corridor-seven:8640007471127,1,2026Q3,2026--0-9-,False,True
Corridor Seven,8640008388631,2026Q3,live,SCA Brewing Intermediate Course,corridor-seven:8640008388631,1,2026Q3,2026--0-9-,False,True
Corridor Seven,8680521367575,2026Q3,live,UFO – Coffee Drip Bags (August Rush Blend),corridor-seven:8680521367575,1,2026Q3,2026--0-9-,False,True
Corridor Seven,8680521990167,2026Q3,live,UFO – Coffee Drip Bags (Ratnagiri Estate Washed Process),corridor-seven:8680521990167,1,2026Q3,2026--0-9-,False,True
Corridor Seven,8680985264151,2026Q3,live,Basankhan Estate,corridor-seven:8680985264151,1,2026Q3,2026--0-9-,False,True
Corridor Seven,8767038521367,2026Q3,live,Coffee Tasting Sessions,corridor-seven:8767038521367,1,2026Q3,2026--0-9-,False,True
Corridor Seven,8828573909015,2026Q3,live,UFO – Coffee Drip Bags (Vienna Roast),corridor-seven:8828573909015,1,2026Q3,2026--0-9-,False,True
Corridor Seven,8861662052375,2026Q3,live,SCA COURSES,corridor-seven:8861662052375,1,2026Q3,2026--0-9-,False,True
Corridor Seven,8900102062103,2026Q3,live,Ratnagiri Peaberry,corridor-seven:8900102062103,1,2026Q3,2026--0-9-,False,True
Corridor Seven,8907065491479,2026Q3,live,Decaf,corridor-seven:8907065491479,1,2026Q3,2026--0-9-,False,True
Corridor Seven,8926097440791,2026Q3,live,Melkodige Estate,corridor-seven:8926097440791,1,2026Q3,2026--0-9-,False,True
Corridor Seven,8935810826263,2026Q3,live,The Brim Run,corridor-seven:8935810826263,1,2026Q3,2026--0-9-,False,True
Corridor Seven,8937546219543,2026Q3,live,Open Coffee Tasting Sessions,corridor-seven:8937546219543,1,2026Q3,2026--0-9-,False,True
Corridor Seven,8945423024151,2026Q3,live,"Tribal farms from Koraput, Odisii Coffee",corridor-seven:8945423024151,1,2026Q3,2026--0-9-,False,True
Corridor Seven,8948195524631,2026Q3,live,The Shape of Grief,corridor-seven:8948195524631,1,2026Q3,2026--0-9-,False,True
Corridor Seven,8948735672343,2026Q3,live,Salawara Estate - Mosto Honey Sun Dried,corridor-seven:8948735672343,1,2026Q3,2026--0-9-,False,True
Devans,6657596850355,2023Q1,archive,Cold Brew Coffee Bags - Original,devans:6657596850355,1,2023Q1,2023-02-07,False,True
Devans,6657596850355,2023Q2,archive,Cold Brew Coffee Bags - Original,devans:6657596850355,1,2023Q1,2023-02-07,False,True
Devans,6657596850355,2023Q3,archive,Cold Brew Coffee Bags - Original,devans:6657596850355,1,2023Q1,2023-02-07,False,True
Devans,6657596850355,2023Q4,archive,Cold Brew Coffee Bags - Original,devans:6657596850355,1,2023Q1,2023-02-07,False,True
Devans,6657597145267,2023Q1,archive,Organic Arabica Coffee,devans:6657597145267,1,2023Q1,2023-02-07,False,True
Devans,6657597145267,2023Q2,archive,Organic Arabica Coffee,devans:6657597145267,1,2023Q1,2023-02-07,False,True
Devans,6657597145267,2023Q3,archive,Organic Arabica Coffee,devans:6657597145267,1,2023Q1,2023-02-07,False,True
Devans,6657597145267,2023Q4,archive,Organic Arabica Coffee,devans:6657597145267,1,2023Q1,2023-02-07,False,True
Devans,6657597309107,2023Q1,archive,Arabica Plantation-AAA - Mysore Nuggets Extra Bold,devans:6657597309107,1,2023Q1,2023-02-07,False,True
Devans,6657597309107,2023Q2,archive,Arabica Plantation-AAA - Mysore Nuggets Extra Bold,devans:6657597309107,1,2023Q1,2023-02-07,False,True
Devans,6657597309107,2023Q3,archive,Arabica Plantation-AAA - Mysore Nuggets Extra Bold,devans:6657597309107,1,2023Q1,2023-02-07,False,True
Devans,6657597309107,2023Q4,archive,Arabica Plantation-AAA - Mysore Nuggets Extra Bold,devans:6657597309107,1,2023Q1,2023-02-07,False,True
Devans,6657597440179,2023Q1,archive,Special Blend,devans:6657597440179,1,2023Q1,2023-02-07,False,True
Devans,6657597440179,2023Q2,archive,Special Blend,devans:6657597440179,1,2023Q1,2023-02-07,False,True
Devans,6657597440179,2023Q3,archive,Special Blend,devans:6657597440179,1,2023Q1,2023-02-07,False,True
Devans,6657597440179,2023Q4,archive,Special Blend,devans:6657597440179,1,2023Q1,2023-02-07,False,True
Devans,6657597669555,2023Q1,archive,Monsooned Malabar Arabica AA,devans:6657597669555,1,2023Q1,2023-02-07,False,True
Devans,6657597669555,2023Q2,archive,Monsooned Malabar Arabica AA,devans:6657597669555,1,2023Q1,2023-02-07,False,True
Devans,6657597669555,2023Q3,archive,Monsooned Malabar Arabica AA,devans:6657597669555,1,2023Q1,2023-02-07,False,True
Devans,6657597669555,2023Q4,archive,Monsooned Malabar Arabica AA,devans:6657597669555,1,2023Q1,2023-02-07,False,True
Devans,6657597767859,2023Q1,archive,Robusta Kaapi Royale,devans:6657597767859,1,2023Q1,2023-02-07,False,True
Devans,6657597767859,2023Q2,archive,Robusta Kaapi Royale,devans:6657597767859,1,2023Q1,2023-02-07,False,True
Devans,6657597767859,2023Q3,archive,Robusta Kaapi Royale,devans:6657597767859,1,2023Q1,2023-02-07,False,True
Devans,6657597767859,2023Q4,archive,Robusta Kaapi Royale,devans:6657597767859,1,2023Q1,2023-02-07,False,True
Devans,6657597997235,2023Q1,archive,Oriental Espresso Blend,devans:6657597997235,1,2023Q1,2023-02-07,False,True
Devans,6657597997235,2023Q2,archive,Oriental Espresso Blend,devans:6657597997235,1,2023Q1,2023-02-07,False,True
Devans,6657597997235,2023Q3,archive,Oriental Espresso Blend,devans:6657597997235,1,2023Q1,2023-02-07,False,True
Devans,6657597997235,2023Q4,archive,Oriental Espresso Blend,devans:6657597997235,1,2023Q1,2023-02-07,False,True
Devans,6657598095539,2023Q1,archive,Viennese Blend,devans:6657598095539,1,2023Q1,2023-02-07,False,True
Devans,6657598095539,2023Q2,archive,Viennese Blend,devans:6657598095539,1,2023Q1,2023-02-07,False,True
Devans,6657598095539,2023Q3,archive,Viennese Blend,devans:6657598095539,1,2023Q1,2023-02-07,False,True
Devans,6657598095539,2023Q4,archive,Viennese Blend,devans:6657598095539,1,2023Q1,2023-02-07,False,True
Devans,6657598259379,2023Q1,archive,Arabica French Roast,devans:6657598259379,1,2023Q1,2023-02-07,False,True
Devans,6657598259379,2023Q2,archive,Arabica French Roast,devans:6657598259379,1,2023Q1,2023-02-07,False,True
Devans,6657598259379,2023Q3,archive,Arabica French Roast,devans:6657598259379,1,2023Q1,2023-02-07,False,True
Devans,6657598259379,2023Q4,archive,Arabica French Roast,devans:6657598259379,1,2023Q1,2023-02-07,False,True
Devans,6657600356531,2023Q1,archive,Cold Brew Coffee Bags (Cinnamon),devans:6657600356531,1,2023Q1,2023-02-07,False,True
Devans,6657600356531,2023Q2,archive,Cold Brew Coffee Bags (Cinnamon),devans:6657600356531,1,2023Q1,2023-02-07,False,True
Devans,6657600356531,2023Q3,archive,Cold Brew Coffee Bags (Cinnamon),devans:6657600356531,1,2023Q1,2023-02-07,False,True
Devans,6657600356531,2023Q4,archive,Cold Brew Coffee Bags (Cinnamon),devans:6657600356531,1,2023Q1,2023-02-07,False,True
Devans,6657600487603,2023Q1,archive,The Lodhi Blend,devans:6657600487603,1,2023Q1,2023-02-07,False,True
Devans,6657600487603,2023Q2,archive,The Lodhi Blend,devans:6657600487603,1,2023Q1,2023-02-07,False,True
Devans,6657600487603,2023Q3,archive,The Lodhi Blend,devans:6657600487603,1,2023Q1,2023-02-07,False,True
Devans,6657600487603,2023Q4,archive,The Lodhi Blend,devans:6657600487603,1,2023Q1,2023-02-07,False,True
Devans,6657600716979,2023Q2,archive,Colombian Supremo Arabica Coffee,devans:6657600716979,1,2023Q2,2023-06-06,False,True
Devans,6657600716979,2023Q3,archive,Colombian Supremo Arabica Coffee,devans:6657600716979,1,2023Q2,2023-06-06,False,True
Devans,6657600716979,2023Q4,archive,Colombian Supremo Arabica Coffee,devans:6657600716979,1,2023Q2,2023-06-06,False,True
Devans,6657600880819,2023Q1,archive,Vietnamese Robusta,devans:6657600880819,1,2023Q1,2023-02-07,False,True
Devans,6657600880819,2023Q2,archive,Vietnamese Robusta,devans:6657600880819,1,2023Q1,2023-02-07,False,True
Devans,6657600880819,2023Q3,archive,Vietnamese Robusta,devans:6657600880819,1,2023Q1,2023-02-07,False,True
Devans,6657600880819,2023Q4,archive,Vietnamese Robusta,devans:6657600880819,1,2023Q1,2023-02-07,False,True
Devans,6657601274035,2023Q1,archive,PERÙ - Washed Gr.1 Tres Mosqueteros,devans:6657601274035,1,2023Q1,2023-02-07,True,False
Devans,6657601274035,2023Q2,archive,Mexico Altura Superior Chiapas Adelita,devans:6657601274035@2023Q2,2,2023Q2,2023-06-06,True,True
Devans,6657601274035,2023Q3,archive,Mexico Altura Superior Chiapas Adelita,devans:6657601274035@2023Q2,2,2023Q2,2023-06-06,True,True
Devans,6657601470643,2023Q1,archive,Arabica Plantation-AA,devans:6657601470643,1,2023Q1,2023-02-07,False,True
Devans,6657601470643,2023Q2,archive,Arabica Plantation-AA,devans:6657601470643,1,2023Q1,2023-02-07,False,True
Devans,6657601470643,2023Q3,archive,Arabica Plantation-AA,devans:6657601470643,1,2023Q1,2023-02-07,False,True
Devans,6657601470643,2023Q4,archive,Arabica Plantation-AA,devans:6657601470643,1,2023Q1,2023-02-07,False,True
Devans,6657601601715,2023Q1,archive,Devans Natraj (70% coffee + 30% chicory),devans:6657601601715,1,2023Q1,2023-02-07,False,True
Devans,6657601601715,2023Q2,archive,Devans Natraj (70% coffee + 30% chicory),devans:6657601601715,1,2023Q1,2023-02-07,False,True
Devans,6657601601715,2023Q3,archive,Devans Natraj (70% coffee + 30% chicory),devans:6657601601715,1,2023Q1,2023-02-07,False,True
Devans,6657601601715,2023Q4,archive,Devans Natraj (70% coffee + 30% chicory),devans:6657601601715,1,2023Q1,2023-02-07,False,True
Devans,6657601765555,2023Q1,archive,Devans Premium Blend,devans:6657601765555,1,2023Q1,2023-02-07,False,True
Devans,6657601765555,2023Q2,archive,Devans Premium Blend,devans:6657601765555,1,2023Q1,2023-02-07,False,True
Devans,6657601765555,2023Q3,archive,Devans Premium Blend,devans:6657601765555,1,2023Q1,2023-02-07,False,True
Devans,6657601765555,2023Q4,archive,Devans Premium Blend,devans:6657601765555,1,2023Q1,2023-02-07,False,True
Devans,6657601929395,2023Q1,archive,Devans Gayathri (60% coffee +40% chicory),devans:6657601929395,1,2023Q1,2023-02-07,False,True
Devans,6657601929395,2023Q2,archive,Devans Gayathri (60% coffee +40% chicory),devans:6657601929395,1,2023Q1,2023-02-07,False,True
Devans,6657601929395,2023Q3,archive,Devans Gayathri (60% coffee +40% chicory),devans:6657601929395,1,2023Q1,2023-02-07,False,True
Devans,6657601929395,2023Q4,archive,Devans Gayathri (60% coffee +40% chicory),devans:6657601929395,1,2023Q1,2023-02-07,False,True
Devans,6657602093235,2023Q1,archive,Arabica Peaberry Dark Roast,devans:6657602093235,1,2023Q1,2023-02-07,False,True
Devans,6657602093235,2023Q2,archive,Arabica Peaberry Dark Roast,devans:6657602093235,1,2023Q1,2023-02-07,False,True
Devans,6657602093235,2023Q3,archive,Arabica Peaberry Dark Roast,devans:6657602093235,1,2023Q1,2023-02-07,False,True
Devans,6657602093235,2023Q4,archive,Arabica Peaberry Dark Roast,devans:6657602093235,1,2023Q1,2023-02-07,False,True
Devans,6657602388147,2023Q1,archive,Arabica Plantation-AAA (Dark Roast),devans:6657602388147,1,2023Q1,2023-02-07,False,True
Devans,6657602388147,2023Q2,archive,Arabica Plantation-AAA (Dark Roast),devans:6657602388147,1,2023Q1,2023-02-07,False,True
Devans,6657602388147,2023Q3,archive,Arabica Plantation-AAA (Dark Roast),devans:6657602388147,1,2023Q1,2023-02-07,False,True
Devans,6657602388147,2023Q4,archive,Arabica Plantation-AAA (Dark Roast),devans:6657602388147,1,2023Q1,2023-02-07,False,True
Devans,6657985937587,2023Q1,archive,Arabica Peaberry,devans:6657985937587,1,2023Q1,2023-02-07,False,True
Devans,6657985937587,2023Q2,archive,Arabica Peaberry,devans:6657985937587,1,2023Q1,2023-02-07,False,True
Devans,6657985937587,2023Q3,archive,Arabica Peaberry,devans:6657985937587,1,2023Q1,2023-02-07,False,True
Devans,6657985937587,2023Q4,archive,Arabica Peaberry,devans:6657985937587,1,2023Q1,2023-02-07,False,True
Devans,6731526144179,2023Q1,archive,Chicory Powder,devans:6731526144179,1,2023Q1,2023-02-07,False,True
Devans,6731526144179,2023Q2,archive,Chicory Powder,devans:6731526144179,1,2023Q1,2023-02-07,False,True
Devans,6731526144179,2023Q3,archive,Chicory Powder,devans:6731526144179,1,2023Q1,2023-02-07,False,True
Devans,6731526144179,2023Q4,archive,Chicory Powder,devans:6731526144179,1,2023Q1,2023-02-07,False,True
Devans,6747522007219,2023Q1,archive,Filter Coffee Concentrate,devans:6747522007219,1,2023Q1,2023-02-07,False,True
Devans,6747522007219,2023Q2,archive,Filter Coffee Concentrate,devans:6747522007219,1,2023Q1,2023-02-07,False,True
Devans,6747522007219,2023Q4,archive,Filter Coffee Concentrate,devans:6747522007219,1,2023Q1,2023-02-07,False,True
Devans,7772623929564,2023Q2,archive,Celebration Blend,devans:7772623929564,1,2023Q2,2023-06-06,False,True
Devans,7772623929564,2023Q3,archive,Celebration Blend,devans:7772623929564,1,2023Q2,2023-06-06,False,True
Devans,7772623929564,2023Q4,archive,Celebration Blend,devans:7772623929564,1,2023Q2,2023-06-06,False,True
Devans,8038868615388,2023Q3,archive,Ethiopian djimmah Jasmine,devans:8038868615388,1,2023Q3,2023-08-11,False,True
Devans,8038868615388,2023Q4,archive,Ethiopian djimmah Jasmine,devans:8038868615388,1,2023Q3,2023-08-11,False,True
Devans,8067709042908,2023Q4,archive,Coffee Bags Dip & Sip,devans:8067709042908,1,2023Q4,2023-10-01,False,True
Devans,8067709862108,2023Q4,archive,Coffee Bags  Dip & Sip,devans:8067709042908,1,2023Q4,2023-10-01,False,True
Devans,8083117867228,2023Q4,archive,Black Honey Coffee,devans:8083117867228,1,2023Q4,2023-10-01,False,True
Devans,8144553017564,2023Q4,archive,Copy of Arabica Peaberry,devans:6657985937587,1,2023Q4,2023-10-01,False,True
Devans,8414013391068,2024Q2,archive,DEVANS PREMIUM BLEND,devans:6657601765555,1,2024Q2,2024-04-20,False,True
Devans,8414013391068,2024Q3,archive,DEVANS PREMIUM BLEND,devans:6657601765555,1,2024Q2,2024-04-20,False,True
Devans,8414013391068,2024Q4,archive,DEVANS PREMIUM BLEND,devans:6657601765555,1,2024Q2,2024-04-20,False,True
Devans,8414013391068,2025Q1,archive,DEVANS PREMIUM BLEND,devans:6657601765555,1,2024Q2,2024-04-20,False,True
Devans,8414013391068,2025Q2,archive,DEVANS PREMIUM BLEND,devans:6657601765555,1,2024Q2,2024-04-20,False,True
Devans,8414013391068,2025Q3,archive,DEVANS PREMIUM BLEND,devans:6657601765555,1,2024Q2,2024-04-20,False,True
Devans,8414013391068,2025Q4,archive,DEVANS PREMIUM BLEND,devans:6657601765555,1,2024Q2,2024-04-20,False,True
Devans,8414013391068,2026Q3,live,DEVANS PREMIUM BLEND,devans:6657601765555,1,2024Q2,2024-04-20,False,True
Devans,8414028234972,2024Q2,archive,BLACK HONEY COFFEE,devans:8083117867228,1,2024Q2,2024-04-20,False,True
Devans,8414028234972,2024Q3,archive,BLACK HONEY COFFEE,devans:8083117867228,1,2024Q2,2024-04-20,False,True
Devans,8414028234972,2024Q4,archive,BLACK HONEY COFFEE,devans:8083117867228,1,2024Q2,2024-04-20,False,True
Devans,8414028234972,2025Q1,archive,BLACK HONEY COFFEE,devans:8083117867228,1,2024Q2,2024-04-20,False,True
Devans,8414028234972,2025Q2,archive,BLACK HONEY COFFEE,devans:8083117867228,1,2024Q2,2024-04-20,False,True
Devans,8414028234972,2025Q3,archive,BLACK HONEY COFFEE,devans:8083117867228,1,2024Q2,2024-04-20,False,True
Devans,8414028234972,2025Q4,archive,BLACK HONEY COFFEE,devans:8083117867228,1,2024Q2,2024-04-20,False,True
Devans,8414028234972,2026Q3,live,BLACK HONEY COFFEE,devans:8083117867228,1,2024Q2,2024-04-20,False,True
Devans,8414028333276,2024Q2,archive,COFFEE BAGS - DIP &SIP (LODHI BLEND),devans:8067709042908,1,2024Q2,2024-04-20,False,True
Devans,8414028333276,2024Q3,archive,Dip n Sip Coffee Bags -  (LODHI BLEND),devans:8067709042908,1,2024Q2,2024-04-20,False,True
Devans,8414028333276,2024Q4,archive,Dip n Sip Coffee Bags -  (LODHI BLEND),devans:8067709042908,1,2024Q2,2024-04-20,False,True
Devans,8414028333276,2025Q1,archive,Dip n Sip Coffee Bags -  (LODHI BLEND),devans:8067709042908,1,2024Q2,2024-04-20,False,True
Devans,8414028333276,2025Q2,archive,Dip n Sip Coffee Bags -  (LODHI BLEND),devans:8067709042908,1,2024Q2,2024-04-20,False,True
Devans,8414028333276,2025Q3,archive,Dip n Sip Coffee Bags -  (LODHI BLEND),devans:8067709042908,1,2024Q2,2024-04-20,False,True
Devans,8414028333276,2025Q4,archive,Dip n Sip Coffee Bags -  (LODHI BLEND),devans:8067709042908,1,2024Q2,2024-04-20,False,True
Devans,8414028333276,2026Q3,live,Dip n Sip Coffee Bags -  (LODHI BLEND),devans:8067709042908,1,2024Q2,2024-04-20,False,True
Devans,8414028398812,2024Q2,archive,ETHIOPIAN DJIMMAH JASMINE COFFEE,devans:8038868615388,1,2024Q2,2024-04-20,False,True
Devans,8414028398812,2025Q1,archive,ETHIOPIAN DJIMMAH JASMINE COFFEE,devans:8038868615388,1,2024Q2,2024-04-20,False,True
Devans,8414028398812,2025Q2,archive,ETHIOPIAN DJIMMAH JASMINE COFFEE,devans:8038868615388,1,2024Q2,2024-04-20,False,True
Devans,8414028398812,2025Q3,archive,ETHIOPIAN DJIMMAH JASMINE COFFEE,devans:8038868615388,1,2024Q2,2024-04-20,False,True
Devans,8414028398812,2025Q4,archive,ETHIOPIAN DJIMMAH JASMINE COFFEE,devans:8038868615388,1,2024Q2,2024-04-20,False,True
Devans,8414028398812,2026Q3,live,ETHIOPIAN DJIMMAH JASMINE COFFEE,devans:8038868615388,1,2024Q2,2024-04-20,False,True
Devans,8414028529884,2024Q2,archive,CELEBRATION BLEND,devans:7772623929564,1,2024Q2,2024-04-20,False,True
Devans,8414028529884,2024Q3,archive,CELEBRATION BLEND,devans:7772623929564,1,2024Q2,2024-04-20,False,True
Devans,8414028529884,2025Q1,archive,CELEBRATION BLEND,devans:7772623929564,1,2024Q2,2024-04-20,False,True
Devans,8414028529884,2025Q2,archive,CELEBRATION BLEND,devans:7772623929564,1,2024Q2,2024-04-20,False,True
Devans,8414028529884,2025Q3,archive,CELEBRATION BLEND,devans:7772623929564,1,2024Q2,2024-04-20,False,True
Devans,8414028529884,2025Q4,archive,CELEBRATION BLEND,devans:7772623929564,1,2024Q2,2024-04-20,False,True
Devans,8414028529884,2026Q3,live,CELEBRATION BLEND,devans:7772623929564,1,2024Q2,2024-04-20,False,True
Devans,8414028595420,2024Q2,archive,Filter Coffee Concentrate,devans:6747522007219,1,2024Q2,2024-04-20,False,True
Devans,8414028595420,2024Q3,archive,Filter Coffee Concentrate,devans:6747522007219,1,2024Q2,2024-04-20,False,True
Devans,8414028660956,2024Q2,archive,CHICORY POWDER,devans:6731526144179,1,2024Q2,2024-04-20,False,True
Devans,8414028660956,2024Q3,archive,CHICORY POWDER,devans:6731526144179,1,2024Q2,2024-04-20,False,True
Devans,8414028660956,2024Q4,archive,CHICORY POWDER,devans:6731526144179,1,2024Q2,2024-04-20,False,True
Devans,8414028660956,2025Q1,archive,CHICORY POWDER,devans:6731526144179,1,2024Q2,2024-04-20,False,True
Devans,8414028660956,2025Q2,archive,CHICORY POWDER,devans:6731526144179,1,2024Q2,2024-04-20,False,True
Devans,8414028660956,2025Q3,archive,CHICORY POWDER,devans:6731526144179,1,2024Q2,2024-04-20,False,True
Devans,8414028660956,2025Q4,archive,CHICORY POWDER,devans:6731526144179,1,2024Q2,2024-04-20,False,True
Devans,8414028660956,2026Q3,live,CHICORY POWDER,devans:6731526144179,1,2024Q2,2024-04-20,False,True
Devans,8414028759260,2024Q2,archive,ARABICA PEABERRY COFFEE,devans:6657985937587,1,2024Q2,2024-04-20,False,True
Devans,8414028759260,2024Q3,archive,ARABICA PEABERRY COFFEE,devans:6657985937587,1,2024Q2,2024-04-20,False,True
Devans,8414028759260,2024Q4,archive,ARABICA PEABERRY COFFEE,devans:6657985937587,1,2024Q2,2024-04-20,False,True
Devans,8414028759260,2025Q1,archive,ARABICA PEABERRY COFFEE,devans:6657985937587,1,2024Q2,2024-04-20,False,True
Devans,8414028759260,2025Q2,archive,ARABICA PEABERRY COFFEE,devans:6657985937587,1,2024Q2,2024-04-20,False,True
Devans,8414028759260,2025Q3,archive,ARABICA PEABERRY COFFEE,devans:6657985937587,1,2024Q2,2024-04-20,False,True
Devans,8414028759260,2025Q4,archive,ARABICA PEABERRY COFFEE,devans:6657985937587,1,2024Q2,2024-04-20,False,True
Devans,8414028759260,2026Q3,live,ARABICA PEABERRY COFFEE,devans:6657985937587,1,2024Q2,2024-04-20,False,True
Devans,8414028890332,2024Q2,archive,ARABICA PLANTATION -AAA COFFEE (Dark Roast),devans:6657602388147,1,2024Q2,2024-04-20,False,True
Devans,8414028890332,2024Q3,archive,ARABICA PLANTATION -AAA COFFEE (Dark Roast),devans:6657602388147,1,2024Q2,2024-04-20,False,True
Devans,8414028890332,2024Q4,archive,ARABICA PLANTATION -AAA COFFEE (Dark Roast),devans:6657602388147,1,2024Q2,2024-04-20,False,True
Devans,8414028890332,2025Q1,archive,ARABICA PLANTATION -AAA COFFEE (Dark Roast),devans:6657602388147,1,2024Q2,2024-04-20,False,True
Devans,8414028890332,2025Q2,archive,ARABICA PLANTATION -AAA COFFEE (Dark Roast),devans:6657602388147,1,2024Q2,2024-04-20,False,True
Devans,8414028890332,2025Q3,archive,ARABICA PLANTATION -AAA COFFEE (Dark Roast),devans:6657602388147,1,2024Q2,2024-04-20,False,True
Devans,8414028890332,2025Q4,archive,ARABICA PLANTATION -AAA COFFEE (Dark Roast),devans:6657602388147,1,2024Q2,2024-04-20,False,True
Devans,8414028890332,2026Q3,live,ARABICA PLANTATION -AAA COFFEE (Dark Roast),devans:6657602388147,1,2024Q2,2024-04-20,False,True
Devans,8414029021404,2024Q2,archive,ARABICA PEABERRY DARK ROAST COFFEE,devans:6657602093235,1,2024Q2,2024-04-20,False,True
Devans,8414029021404,2024Q3,archive,ARABICA PEABERRY DARK ROAST COFFEE,devans:6657602093235,1,2024Q2,2024-04-20,False,True
Devans,8414029021404,2024Q4,archive,ARABICA PEABERRY DARK ROAST COFFEE,devans:6657602093235,1,2024Q2,2024-04-20,False,True
Devans,8414029021404,2025Q1,archive,ARABICA PEABERRY DARK ROAST COFFEE,devans:6657602093235,1,2024Q2,2024-04-20,False,True
Devans,8414029021404,2025Q2,archive,ARABICA PEABERRY DARK ROAST COFFEE,devans:6657602093235,1,2024Q2,2024-04-20,False,True
Devans,8414029021404,2025Q3,archive,ARABICA PEABERRY DARK ROAST COFFEE,devans:6657602093235,1,2024Q2,2024-04-20,False,True
Devans,8414029021404,2025Q4,archive,ARABICA PEABERRY DARK ROAST COFFEE,devans:6657602093235,1,2024Q2,2024-04-20,False,True
Devans,8414029021404,2026Q3,live,ARABICA PEABERRY DARK ROAST COFFEE,devans:6657602093235,1,2024Q2,2024-04-20,False,True
Devans,8414029119708,2024Q2,archive,DEVANS NATRAJ COFFEE ( 70% coffee + 30% chicory),devans:6657601601715,1,2024Q2,2024-04-20,False,True
Devans,8414029119708,2024Q3,archive,DEVANS NATRAJ COFFEE ( 70% coffee + 30% chicory),devans:6657601601715,1,2024Q2,2024-04-20,False,True
Devans,8414029119708,2024Q4,archive,DEVANS NATRAJ COFFEE ( 70% coffee + 30% chicory),devans:6657601601715,1,2024Q2,2024-04-20,False,True
Devans,8414029119708,2025Q1,archive,DEVANS NATRAJ COFFEE ( 70% coffee + 30% chicory),devans:6657601601715,1,2024Q2,2024-04-20,False,True
Devans,8414029119708,2025Q2,archive,DEVANS NATRAJ COFFEE ( 70% coffee + 30% chicory),devans:6657601601715,1,2024Q2,2024-04-20,False,True
Devans,8414029119708,2025Q3,archive,DEVANS NATRAJ COFFEE ( 70% coffee + 30% chicory),devans:6657601601715,1,2024Q2,2024-04-20,False,True
Devans,8414029119708,2025Q4,archive,DEVANS NATRAJ COFFEE ( 70% coffee + 30% chicory),devans:6657601601715,1,2024Q2,2024-04-20,False,True
Devans,8414029119708,2026Q3,live,DEVANS NATRAJ COFFEE ( 70% coffee + 30% chicory),devans:6657601601715,1,2024Q2,2024-04-20,False,True
Devans,8414029250780,2024Q2,archive,ARABICA PLANTATION - AA COFFEE,devans:6657601470643,1,2024Q2,2024-04-20,False,True
Devans,8414029250780,2024Q3,archive,ARABICA PLANTATION - AA COFFEE,devans:6657601470643,1,2024Q2,2024-04-20,False,True
Devans,8414029250780,2024Q4,archive,ARABICA PLANTATION - AA COFFEE,devans:6657601470643,1,2024Q2,2024-04-20,False,True
Devans,8414029250780,2025Q1,archive,ARABICA PLANTATION - AA COFFEE,devans:6657601470643,1,2024Q2,2024-04-20,False,True
Devans,8414029250780,2025Q2,archive,ARABICA PLANTATION - AA COFFEE,devans:6657601470643,1,2024Q2,2024-04-20,False,True
Devans,8414029250780,2025Q3,archive,ARABICA PLANTATION - AA COFFEE,devans:6657601470643,1,2024Q2,2024-04-20,False,True
Devans,8414029250780,2025Q4,archive,ARABICA PLANTATION - AA COFFEE,devans:6657601470643,1,2024Q2,2024-04-20,False,True
Devans,8414029250780,2026Q3,live,ARABICA PLANTATION - AA COFFEE,devans:6657601470643,1,2024Q2,2024-04-20,False,True
Devans,8414029316316,2024Q2,archive,VIETNAMESE ROBUSTA COFFEE,devans:8414029316316,1,2024Q2,2024-04-20,True,False
Devans,8414029316316,2024Q3,archive,VIETNAMESE ROBUSTA COFFEE,devans:8414029316316,1,2024Q2,2024-04-20,True,False
Devans,8414029316316,2024Q4,archive,VIETNAMESE ROBUSTA COFFEE,devans:8414029316316,1,2024Q2,2024-04-20,True,False
Devans,8414029316316,2025Q1,archive,COLOMBIAN ARABICA COFFEE,devans:8414029316316@2025Q1,2,2025Q1,2025-01-24,True,True
Devans,8414029316316,2025Q2,archive,COLOMBIAN ARABICA COFFEE,devans:8414029316316@2025Q1,2,2025Q1,2025-01-24,True,True
Devans,8414029447388,2024Q2,archive,ARABICA AA TANGA- TANZANIA,devans:8414029447388,1,2024Q2,2024-04-20,False,True
Devans,8414029447388,2024Q3,archive,ARABICA AA TANGA- TANZANIA,devans:8414029447388,1,2024Q2,2024-04-20,False,True
Devans,8414029545692,2024Q2,archive,LODHI BLEND,devans:6657600487603,1,2024Q2,2024-04-20,False,True
Devans,8414029545692,2024Q3,archive,LODHI BLEND,devans:6657600487603,1,2024Q2,2024-04-20,False,True
Devans,8414029545692,2024Q4,archive,LODHI BLEND,devans:6657600487603,1,2024Q2,2024-04-20,False,True
Devans,8414029545692,2025Q1,archive,LODHI BLEND,devans:6657600487603,1,2024Q2,2024-04-20,False,True
Devans,8414029545692,2025Q2,archive,LODHI BLEND,devans:6657600487603,1,2024Q2,2024-04-20,False,True
Devans,8414029545692,2025Q3,archive,LODHI BLEND,devans:6657600487603,1,2024Q2,2024-04-20,False,True
Devans,8414029545692,2025Q4,archive,LODHI BLEND,devans:6657600487603,1,2024Q2,2024-04-20,False,True
Devans,8414029545692,2026Q3,live,LODHI BLEND,devans:6657600487603,1,2024Q2,2024-04-20,False,True
Devans,8414029643996,2024Q2,archive,COLD BREW COFFEE BAGS (CINNAMON),devans:6657600356531,1,2024Q2,2024-04-20,False,True
Devans,8414029775068,2024Q2,archive,ARABICA FRENCH ROAST COFFEE,devans:6657598259379,1,2024Q2,2024-04-20,False,True
Devans,8414029775068,2024Q3,archive,ARABICA FRENCH ROAST COFFEE,devans:6657598259379,1,2024Q2,2024-04-20,False,True
Devans,8414029775068,2024Q4,archive,ARABICA FRENCH ROAST COFFEE,devans:6657598259379,1,2024Q2,2024-04-20,False,True
Devans,8414029775068,2025Q1,archive,ARABICA FRENCH ROAST COFFEE,devans:6657598259379,1,2024Q2,2024-04-20,False,True
Devans,8414029775068,2025Q2,archive,ARABICA FRENCH ROAST COFFEE,devans:6657598259379,1,2024Q2,2024-04-20,False,True
Devans,8414029775068,2025Q3,archive,ARABICA FRENCH ROAST COFFEE,devans:6657598259379,1,2024Q2,2024-04-20,False,True
Devans,8414029775068,2025Q4,archive,ARABICA FRENCH ROAST COFFEE,devans:6657598259379,1,2024Q2,2024-04-20,False,True
Devans,8414029775068,2026Q3,live,ARABICA FRENCH ROAST COFFEE,devans:6657598259379,1,2024Q2,2024-04-20,False,True
Devans,8414029873372,2024Q2,archive,VIENNESE BLEND,devans:6657598095539,1,2024Q2,2024-04-20,False,True
Devans,8414029873372,2024Q3,archive,VIENNESE BLEND,devans:6657598095539,1,2024Q2,2024-04-20,False,True
Devans,8414029873372,2024Q4,archive,VIENNESE BLEND,devans:6657598095539,1,2024Q2,2024-04-20,False,True
Devans,8414029873372,2025Q1,archive,VIENNESE BLEND,devans:6657598095539,1,2024Q2,2024-04-20,False,True
Devans,8414029873372,2025Q2,archive,VIENNESE BLEND,devans:6657598095539,1,2024Q2,2024-04-20,False,True
Devans,8414029873372,2025Q3,archive,VIENNESE BLEND,devans:6657598095539,1,2024Q2,2024-04-20,False,True
Devans,8414029873372,2025Q4,archive,VIENNESE BLEND,devans:6657598095539,1,2024Q2,2024-04-20,False,True
Devans,8414029873372,2026Q3,live,VIENNESE BLEND,devans:6657598095539,1,2024Q2,2024-04-20,False,True
Devans,8414029938908,2024Q2,archive,ORIENTAL ESPRESSO BLEND,devans:6657597997235,1,2024Q2,2024-04-20,False,True
Devans,8414029938908,2024Q3,archive,ORIENTAL ESPRESSO BLEND,devans:6657597997235,1,2024Q2,2024-04-20,False,True
Devans,8414029938908,2024Q4,archive,ORIENTAL ESPRESSO BLEND,devans:6657597997235,1,2024Q2,2024-04-20,False,True
Devans,8414029938908,2025Q1,archive,ORIENTAL ESPRESSO BLEND,devans:6657597997235,1,2024Q2,2024-04-20,False,True
Devans,8414029938908,2025Q2,archive,ORIENTAL ESPRESSO BLEND,devans:6657597997235,1,2024Q2,2024-04-20,False,True
Devans,8414029938908,2025Q3,archive,ORIENTAL ESPRESSO BLEND,devans:6657597997235,1,2024Q2,2024-04-20,False,True
Devans,8414029938908,2025Q4,archive,ORIENTAL ESPRESSO BLEND,devans:6657597997235,1,2024Q2,2024-04-20,False,True
Devans,8414029938908,2026Q3,live,ORIENTAL ESPRESSO BLEND,devans:6657597997235,1,2024Q2,2024-04-20,False,True
Devans,8414030037212,2024Q2,archive,ROBUSTA KAAPI ROYALE,devans:6657597767859,1,2024Q2,2024-04-20,False,True
Devans,8414030037212,2024Q3,archive,ROBUSTA KAAPI ROYALE,devans:6657597767859,1,2024Q2,2024-04-20,False,True
Devans,8414030037212,2024Q4,archive,ROBUSTA KAAPI ROYALE,devans:6657597767859,1,2024Q2,2024-04-20,False,True
Devans,8414030037212,2025Q1,archive,ROBUSTA KAAPI ROYALE,devans:6657597767859,1,2024Q2,2024-04-20,False,True
Devans,8414030037212,2025Q2,archive,ROBUSTA KAAPI ROYALE,devans:6657597767859,1,2024Q2,2024-04-20,False,True
Devans,8414030037212,2025Q3,archive,ROBUSTA KAAPI ROYALE,devans:6657597767859,1,2024Q2,2024-04-20,False,True
Devans,8414030037212,2025Q4,archive,ROBUSTA KAAPI ROYALE,devans:6657597767859,1,2024Q2,2024-04-20,False,True
Devans,8414030037212,2026Q3,live,ROBUSTA KAAPI ROYALE,devans:6657597767859,1,2024Q2,2024-04-20,False,True
Devans,8414030135516,2024Q2,archive,MONSOONED MALABAR - ARABICA AA,devans:6657597669555,1,2024Q2,2024-04-20,False,True
Devans,8414030135516,2024Q3,archive,MONSOONED MALABAR - ARABICA AA,devans:6657597669555,1,2024Q2,2024-04-20,False,True
Devans,8414030135516,2024Q4,archive,MONSOONED MALABAR - ARABICA AA,devans:6657597669555,1,2024Q2,2024-04-20,False,True
Devans,8414030135516,2025Q1,archive,MONSOONED MALABAR - ARABICA AA,devans:6657597669555,1,2024Q2,2024-04-20,False,True
Devans,8414030135516,2025Q2,archive,MONSOONED MALABAR - ARABICA AA,devans:6657597669555,1,2024Q2,2024-04-20,False,True
Devans,8414030135516,2025Q3,archive,MONSOONED MALABAR - ARABICA AA,devans:6657597669555,1,2024Q2,2024-04-20,False,True
Devans,8414030135516,2025Q4,archive,MONSOONED MALABAR - ARABICA AA,devans:6657597669555,1,2024Q2,2024-04-20,False,True
Devans,8414030135516,2026Q3,live,MONSOONED MALABAR - ARABICA AA,devans:6657597669555,1,2024Q2,2024-04-20,False,True
Devans,8414030168284,2024Q2,archive,SPECIAL BLEND,devans:6657597440179,1,2024Q2,2024-04-20,False,True
Devans,8414030168284,2024Q3,archive,SPECIAL BLEND,devans:6657597440179,1,2024Q2,2024-04-20,False,True
Devans,8414030168284,2024Q4,archive,SPECIAL BLEND,devans:6657597440179,1,2024Q2,2024-04-20,False,True
Devans,8414030168284,2025Q1,archive,SPECIAL BLEND,devans:6657597440179,1,2024Q2,2024-04-20,False,True
Devans,8414030168284,2025Q2,archive,SPECIAL BLEND,devans:6657597440179,1,2024Q2,2024-04-20,False,True
Devans,8414030168284,2025Q3,archive,SPECIAL BLEND,devans:6657597440179,1,2024Q2,2024-04-20,False,True
Devans,8414030168284,2025Q4,archive,SPECIAL BLEND,devans:6657597440179,1,2024Q2,2024-04-20,False,True
Devans,8414030168284,2026Q3,live,SPECIAL BLEND,devans:6657597440179,1,2024Q2,2024-04-20,False,True
Devans,8414030201052,2024Q2,archive,ARABICA PLANTATION -AAA - Mysore Nuggets Extra Bold,devans:6657597309107,1,2024Q2,2024-04-20,False,True
Devans,8414030201052,2024Q3,archive,ARABICA PLANTATION -AAA - Mysore Nuggets Extra Bold,devans:6657597309107,1,2024Q2,2024-04-20,False,True
Devans,8414030201052,2024Q4,archive,ARABICA PLANTATION -AAA - Mysore Nuggets Extra Bold,devans:6657597309107,1,2024Q2,2024-04-20,False,True
Devans,8414030201052,2025Q1,archive,ARABICA PLANTATION -AAA - Mysore Nuggets Extra Bold,devans:6657597309107,1,2024Q2,2024-04-20,False,True
Devans,8414030201052,2025Q2,archive,ARABICA PLANTATION -AAA - Mysore Nuggets Extra Bold,devans:6657597309107,1,2024Q2,2024-04-20,False,True
Devans,8414030201052,2025Q3,archive,ARABICA PLANTATION -AAA - Mysore Nuggets Extra Bold,devans:6657597309107,1,2024Q2,2024-04-20,False,True
Devans,8414030201052,2025Q4,archive,ARABICA PLANTATION -AAA - Mysore Nuggets Extra Bold,devans:6657597309107,1,2024Q2,2024-04-20,False,True
Devans,8414030201052,2026Q3,live,ARABICA PLANTATION -AAA - Mysore Nuggets Extra Bold,devans:6657597309107,1,2024Q2,2024-04-20,False,True
Devans,8414030266588,2024Q2,archive,ORGANIC ARABICA COFFEE,devans:6657597145267,1,2024Q2,2024-04-20,False,True
Devans,8414030266588,2024Q3,archive,ORGANIC ARABICA COFFEE,devans:6657597145267,1,2024Q2,2024-04-20,False,True
Devans,8414030266588,2024Q4,archive,ORGANIC ARABICA COFFEE,devans:6657597145267,1,2024Q2,2024-04-20,False,True
Devans,8414030266588,2025Q1,archive,ORGANIC ARABICA COFFEE,devans:6657597145267,1,2024Q2,2024-04-20,False,True
Devans,8414030266588,2025Q2,archive,ORGANIC ARABICA COFFEE,devans:6657597145267,1,2024Q2,2024-04-20,False,True
Devans,8414030266588,2025Q3,archive,ORGANIC ARABICA COFFEE,devans:6657597145267,1,2024Q2,2024-04-20,False,True
Devans,8414030266588,2025Q4,archive,ORGANIC ARABICA COFFEE,devans:6657597145267,1,2024Q2,2024-04-20,False,True
Devans,8414030266588,2026Q3,live,ORGANIC ARABICA COFFEE,devans:6657597145267,1,2024Q2,2024-04-20,False,True
Devans,8414030364892,2024Q2,archive,COLD BREW COFFEE BAGS- ORIGINAL,devans:6657596850355,1,2024Q2,2024-04-20,False,True
Devans,8414030364892,2024Q3,archive,COLD BREW COFFEE BAGS- ORIGINAL,devans:6657596850355,1,2024Q2,2024-04-20,False,True
Devans,8414030364892,2024Q4,archive,COLD BREW COFFEE BAGS- ORIGINAL,devans:6657596850355,1,2024Q2,2024-04-20,False,True
Devans,8414030364892,2025Q1,archive,COLD BREW COFFEE BAGS- ORIGINAL,devans:6657596850355,1,2024Q2,2024-04-20,False,True
Devans,8414030364892,2025Q2,archive,COLD BREW COFFEE BAGS- ORIGINAL,devans:6657596850355,1,2024Q2,2024-04-20,False,True
Devans,8414030364892,2025Q3,archive,COLD BREW COFFEE BAGS- ORIGINAL,devans:6657596850355,1,2024Q2,2024-04-20,False,True
Devans,8414030364892,2025Q4,archive,COLD BREW COFFEE BAGS- ORIGINAL,devans:6657596850355,1,2024Q2,2024-04-20,False,True
Devans,8414030364892,2026Q3,live,COLD BREW COFFEE BAGS- ORIGINAL,devans:6657596850355,1,2024Q2,2024-04-20,False,True
Devans,8418145698012,2024Q4,archive,Dip n Sip Coffee Bags - VIENNESE BLEND,devans:8418145698012,1,2024Q4,2024-10-03,False,True
Devans,8418145698012,2025Q1,archive,Dip n Sip Coffee Bags - VIENNESE BLEND,devans:8418145698012,1,2024Q4,2024-10-03,False,True
Devans,8418145698012,2025Q2,archive,Dip n Sip Coffee Bags - VIENNESE BLEND,devans:8418145698012,1,2024Q4,2024-10-03,False,True
Devans,8418145698012,2025Q3,archive,Dip n Sip Coffee Bags - VIENNESE BLEND,devans:8418145698012,1,2024Q4,2024-10-03,False,True
Devans,8418145698012,2025Q4,archive,Dip n Sip Coffee Bags - VIENNESE BLEND,devans:8418145698012,1,2024Q4,2024-10-03,False,True
Devans,8418145698012,2026Q3,live,Dip n Sip Coffee Bags - VIENNESE BLEND,devans:8418145698012,1,2024Q4,2024-10-03,False,True
Devans,8948084277468,2025Q3,archive,BRAZIL SANTOS CERRADO DULCE,devans:8948084277468,1,2025Q3,2025-07-08,False,True
Devans,8972146114780,2025Q3,archive,SPECIAL BLEND (WHOLE SALE),devans:8972146114780,1,2025Q3,2025-07-08,False,True
Devans,8972146114780,2025Q4,archive,SPECIAL BLEND (WHOLE SALE),devans:8972146114780,1,2025Q3,2025-07-08,False,True
Devans,8972146114780,2026Q3,live,SPECIAL BLEND (WHOLE SALE),devans:8972146114780,1,2025Q3,2025-07-08,False,True
Devans,8972147458268,2025Q3,archive,ARABICA FRENCH ROAST COFFEE (WHOLE SALE),devans:8972147458268,1,2025Q3,2025-07-08,False,True
Devans,8972147458268,2025Q4,archive,ARABICA FRENCH ROAST COFFEE (WHOLE SALE),devans:8972147458268,1,2025Q3,2025-07-08,False,True
Devans,8972147458268,2026Q3,live,ARABICA FRENCH ROAST COFFEE (WHOLE SALE),devans:8972147458268,1,2025Q3,2025-07-08,False,True
Devans,8991379587292,2025Q3,archive,ORIENTAL ESPRESSO BLEND (WHOLE SALE),devans:8991379587292,1,2025Q3,2025-07-08,False,True
Devans,8991379587292,2026Q3,live,ORIENTAL ESPRESSO BLEND (WHOLE SALE),devans:8991379587292,1,2025Q3,2025-07-08,False,True
Devans,8991381291228,2025Q3,archive,DEVANS PREMIUM BLEND (WHOLE SALE),devans:8991381291228,1,2025Q3,2025-07-08,False,True
Devans,8991381291228,2026Q3,live,DEVANS PREMIUM BLEND (WHOLE SALE),devans:8991381291228,1,2025Q3,2025-07-08,False,True
Devans,9078033187036,2026Q3,live,Viennese Blend in Coffee Capsules,devans:9078033187036,1,2026Q3,2026--0-9-,False,True
Devans,9078034333916,2026Q3,live,Monsooned Malabar in Coffee Capsules,devans:9078034333916,1,2026Q3,2026--0-9-,False,True
Dope Coffee,3096782471232,2023Q1,archive,KALLEDEVARAPURA ESTATE,dope-coffee:3096782471232,1,2023Q1,2023-02-09,False,True
Dope Coffee,3096782471232,2023Q3,archive,KALLEDEVARAPURA ESTATE,dope-coffee:3096782471232,1,2023Q1,2023-02-09,False,True
Dope Coffee,3096782471232,2024Q1,archive,KALLEDEVARAPURA ESTATE,dope-coffee:3096782471232,1,2023Q1,2023-02-09,False,True
Dope Coffee,3096782471232,2024Q2,archive,KALLEDEVARAPURA ESTATE,dope-coffee:3096782471232,1,2023Q1,2023-02-09,False,True
Dope Coffee,3096782471232,2024Q3,archive,KALLEDEVARAPURA ESTATE,dope-coffee:3096782471232,1,2023Q1,2023-02-09,False,True
Dope Coffee,3096782471232,2025Q1,archive,KALLEDEVARAPURA ESTATE,dope-coffee:3096782471232,1,2023Q1,2023-02-09,False,True
Dope Coffee,3096782471232,2025Q2,archive,KALLEDEVARAPURA ESTATE,dope-coffee:3096782471232,1,2023Q1,2023-02-09,False,True
Dope Coffee,3096782471232,2025Q3,archive,KALLEDEVARAPURA ESTATE,dope-coffee:3096782471232,1,2023Q1,2023-02-09,False,True
Dope Coffee,3096782471232,2025Q4,archive,KALLEDEVARAPURA ESTATE,dope-coffee:3096782471232,1,2023Q1,2023-02-09,False,True
Dope Coffee,3096782471232,2026Q1,archive,KALLEDEVARAPURA ESTATE,dope-coffee:3096782471232,1,2023Q1,2023-02-09,False,True
Dope Coffee,3096782471232,2026Q3,live,KALLEDEVARAPURA ESTATE,dope-coffee:3096782471232,1,2023Q1,2023-02-09,False,True
Dope Coffee,3096783552576,2023Q1,archive,MONSOONED MALABAR AAA,dope-coffee:3096783552576,1,2023Q1,2023-02-09,False,True
Dope Coffee,3096783552576,2023Q3,archive,MONSOONED MALABAR AAA,dope-coffee:3096783552576,1,2023Q1,2023-02-09,False,True
Dope Coffee,3096783552576,2024Q1,archive,MONSOONED MALABAR AAA,dope-coffee:3096783552576,1,2023Q1,2023-02-09,False,True
Dope Coffee,3096783552576,2024Q2,archive,MONSOONED MALABAR AAA,dope-coffee:3096783552576,1,2023Q1,2023-02-09,False,True
Dope Coffee,3096783552576,2024Q3,archive,MONSOONED MALABAR AAA,dope-coffee:3096783552576,1,2023Q1,2023-02-09,False,True
Dope Coffee,3096783552576,2025Q1,archive,MONSOONED MALABAR AAA,dope-coffee:3096783552576,1,2023Q1,2023-02-09,False,True
Dope Coffee,3096783552576,2025Q2,archive,MONSOONED MALABAR AAA,dope-coffee:3096783552576,1,2023Q1,2023-02-09,False,True
Dope Coffee,3110862716992,2023Q1,archive,BAARBARA ESTATE AA,dope-coffee:3110862716992,1,2023Q1,2023-02-09,False,True
Dope Coffee,3110862716992,2023Q3,archive,BAARBARA ESTATE AA,dope-coffee:3110862716992,1,2023Q1,2023-02-09,False,True
Dope Coffee,3110863601728,2023Q1,archive,NILGIRI,dope-coffee:3110863601728,1,2023Q1,2023-02-09,False,True
Dope Coffee,3110863601728,2023Q3,archive,NILGIRI,dope-coffee:3110863601728,1,2023Q1,2023-02-09,False,True
Dope Coffee,3110863601728,2024Q1,archive,NILGIRI,dope-coffee:3110863601728,1,2023Q1,2023-02-09,False,True
Dope Coffee,3110863601728,2024Q2,archive,NILGIRI,dope-coffee:3110863601728,1,2023Q1,2023-02-09,False,True
Dope Coffee,3110863601728,2024Q3,archive,NILGIRI,dope-coffee:3110863601728,1,2023Q1,2023-02-09,False,True
Dope Coffee,3110863601728,2025Q1,archive,NILGIRI,dope-coffee:3110863601728,1,2023Q1,2023-02-09,False,True
Dope Coffee,3110863601728,2025Q2,archive,NILGIRI,dope-coffee:3110863601728,1,2023Q1,2023-02-09,False,True
Dope Coffee,3110863962176,2023Q1,archive,SWARNAGIRI ESTATE,dope-coffee:3110863962176,1,2023Q1,2023-02-09,False,True
Dope Coffee,3110863962176,2023Q3,archive,SWARNAGIRI ESTATE,dope-coffee:3110863962176,1,2023Q1,2023-02-09,False,True
Dope Coffee,3110863962176,2024Q1,archive,SWARNAGIRI ESTATE,dope-coffee:3110863962176,1,2023Q1,2023-02-09,False,True
Dope Coffee,3110863962176,2024Q2,archive,SWARNAGIRI ESTATE,dope-coffee:3110863962176,1,2023Q1,2023-02-09,False,True
Dope Coffee,3110864257088,2023Q1,archive,MYSORE NUGGETS,dope-coffee:3110864257088,1,2023Q1,2023-02-09,False,True
Dope Coffee,3110864257088,2023Q3,archive,MYSORE NUGGETS,dope-coffee:3110864257088,1,2023Q1,2023-02-09,False,True
Dope Coffee,3110864257088,2024Q1,archive,MYSORE NUGGETS,dope-coffee:3110864257088,1,2023Q1,2023-02-09,False,True
Dope Coffee,3110864257088,2024Q2,archive,MYSORE NUGGETS,dope-coffee:3110864257088,1,2023Q1,2023-02-09,False,True
Dope Coffee,3110864257088,2024Q3,archive,MYSORE NUGGETS,dope-coffee:3110864257088,1,2023Q1,2023-02-09,False,True
Dope Coffee,3110864257088,2025Q1,archive,MYSORE NUGGETS,dope-coffee:3110864257088,1,2023Q1,2023-02-09,False,True
Dope Coffee,3110864257088,2025Q2,archive,MYSORE NUGGETS,dope-coffee:3110864257088,1,2023Q1,2023-02-09,False,True
Dope Coffee,3110864257088,2026Q3,live,MYSORE NUGGETS,dope-coffee:3110864257088,1,2023Q1,2023-02-09,False,True
Dope Coffee,3110865436736,2023Q1,archive,DARK MATTER,dope-coffee:3110865436736,1,2023Q1,2023-02-09,False,True
Dope Coffee,3110865436736,2023Q3,archive,DARK MATTER,dope-coffee:3110865436736,1,2023Q1,2023-02-09,False,True
Dope Coffee,3110865436736,2024Q1,archive,DARK MATTER,dope-coffee:3110865436736,1,2023Q1,2023-02-09,False,True
Dope Coffee,3110865436736,2024Q2,archive,DARK MATTER,dope-coffee:3110865436736,1,2023Q1,2023-02-09,False,True
Dope Coffee,3110865436736,2024Q3,archive,DARK MATTER,dope-coffee:3110865436736,1,2023Q1,2023-02-09,False,True
Dope Coffee,3110865436736,2025Q1,archive,DARK MATTER,dope-coffee:3110865436736,1,2023Q1,2023-02-09,False,True
Dope Coffee,3110865436736,2025Q2,archive,Dark Matter,dope-coffee:3110865436736,1,2023Q1,2023-02-09,False,True
Dope Coffee,3110865436736,2025Q4,archive,Dark Matter,dope-coffee:3110865436736,1,2023Q1,2023-02-09,False,True
Dope Coffee,3110865436736,2026Q1,archive,Dark Matter,dope-coffee:3110865436736,1,2023Q1,2023-02-09,False,True
Dope Coffee,3110865436736,2026Q3,live,Dark Matter,dope-coffee:3110865436736,1,2023Q1,2023-02-09,False,True
Dope Coffee,3110865829952,2023Q1,archive,POLARIS COLD BREW BLEND,dope-coffee:3110865829952,1,2023Q1,2023-02-09,False,True
Dope Coffee,3110865829952,2023Q3,archive,POLARIS COLD BREW BLEND,dope-coffee:3110865829952,1,2023Q1,2023-02-09,False,True
Dope Coffee,3110865829952,2024Q1,archive,POLARIS COLD BREW BLEND,dope-coffee:3110865829952,1,2023Q1,2023-02-09,False,True
Dope Coffee,3110865829952,2024Q2,archive,POLARIS COLD BREW BLEND,dope-coffee:3110865829952,1,2023Q1,2023-02-09,False,True
Dope Coffee,3110865829952,2024Q3,archive,POLARIS COLD BREW BLEND,dope-coffee:3110865829952,1,2023Q1,2023-02-09,False,True
Dope Coffee,3110865829952,2025Q1,archive,POLARIS COLD BREW BLEND,dope-coffee:3110865829952,1,2023Q1,2023-02-09,False,True
Dope Coffee,3110865829952,2025Q3,archive,POLARIS COLD BREW BLEND,dope-coffee:3110865829952,1,2023Q1,2023-02-09,False,True
Dope Coffee,3110865829952,2025Q4,archive,POLARIS COLD BREW BLEND,dope-coffee:3110865829952,1,2023Q1,2023-02-09,False,True
Dope Coffee,3110865829952,2026Q1,archive,POLARIS COLD BREW BLEND,dope-coffee:3110865829952,1,2023Q1,2023-02-09,False,True
Dope Coffee,3110865829952,2026Q3,live,POLARIS COLD BREW BLEND,dope-coffee:3110865829952,1,2023Q1,2023-02-09,False,True
Dope Coffee,5265882808475,2023Q1,archive,DOUBLE-BARREL BLEND,dope-coffee:5265882808475,1,2023Q1,2023-02-09,False,True
Dope Coffee,5265882808475,2023Q3,archive,DOUBLE BARREL,dope-coffee:5265882808475,1,2023Q1,2023-02-09,False,True
Dope Coffee,5265882808475,2024Q1,archive,DOUBLE BARREL,dope-coffee:5265882808475,1,2023Q1,2023-02-09,False,True
Dope Coffee,5265882808475,2024Q2,archive,DOUBLE BARREL,dope-coffee:5265882808475,1,2023Q1,2023-02-09,False,True
Dope Coffee,5265882808475,2024Q3,archive,DOUBLE BARREL,dope-coffee:5265882808475,1,2023Q1,2023-02-09,False,True
Dope Coffee,5265882808475,2025Q1,archive,DOUBLE BARREL,dope-coffee:5265882808475,1,2023Q1,2023-02-09,False,True
Dope Coffee,5265882808475,2025Q2,archive,DOUBLE BARREL,dope-coffee:5265882808475,1,2023Q1,2023-02-09,False,True
Dope Coffee,5265882808475,2025Q3,archive,DOUBLE BARREL,dope-coffee:5265882808475,1,2023Q1,2023-02-09,False,True
Dope Coffee,5265882808475,2025Q4,archive,DOUBLE BARREL,dope-coffee:5265882808475,1,2023Q1,2023-02-09,False,True
Dope Coffee,5265882808475,2026Q1,archive,DOUBLE BARREL,dope-coffee:5265882808475,1,2023Q1,2023-02-09,False,True
Dope Coffee,5607574012059,2026Q3,live,ANDROMEDA,dope-coffee:5607574012059,1,2026Q3,2026--0-9-,False,True
Dope Coffee,5650159730843,2026Q3,live,CRYOSPHERE,dope-coffee:5650159730843,1,2026Q3,2026--0-9-,False,True
Dope Coffee,5700178149531,2026Q3,live,QUASAR,dope-coffee:5700178149531,1,2026Q3,2026--0-9-,False,True
Dope Coffee,6962048172216,2023Q1,archive,Kerehaklu  Honey Sun Dried,dope-coffee:6962048172216,1,2023Q1,2023-02-09,False,True
Dope Coffee,7544758665436,2023Q1,archive,ECCENTRIC EDITIONS,dope-coffee:7544758665436,1,2023Q1,2023-02-09,False,True
Dope Coffee,7544758665436,2023Q3,archive,ECCENTRIC EDITIONS,dope-coffee:7544758665436,1,2023Q1,2023-02-09,False,True
Dope Coffee,7544758665436,2024Q1,archive,ECCENTRIC EDITIONS,dope-coffee:7544758665436,1,2023Q1,2023-02-09,False,True
Dope Coffee,7544758665436,2024Q2,archive,ECCENTRIC EDITIONS,dope-coffee:7544758665436,1,2023Q1,2023-02-09,False,True
Dope Coffee,7544758665436,2024Q3,archive,ECCENTRIC EDITIONS,dope-coffee:7544758665436,1,2023Q1,2023-02-09,False,True
Dope Coffee,7544758665436,2025Q1,archive,ECCENTRIC EDITIONS,dope-coffee:7544758665436,1,2023Q1,2023-02-09,False,True
Dope Coffee,7544758665436,2025Q2,archive,ECCENTRIC EDITIONS,dope-coffee:7544758665436,1,2023Q1,2023-02-09,False,True
Dope Coffee,7544758665436,2025Q3,archive,ECCENTRIC EDITIONS,dope-coffee:7544758665436,1,2023Q1,2023-02-09,False,True
Dope Coffee,7544758665436,2025Q4,archive,ECCENTRIC EDITIONS,dope-coffee:7544758665436,1,2023Q1,2023-02-09,False,True
Dope Coffee,7544758665436,2026Q1,archive,ECCENTRIC EDITIONS,dope-coffee:7544758665436,1,2023Q1,2023-02-09,False,True
Dope Coffee,7544846516444,2023Q1,archive,FOREIGN RETURN 🛬 🌏 🇮🇳,dope-coffee:7544846516444,1,2023Q1,2023-02-09,False,True
Dope Coffee,7544846516444,2023Q3,archive,FOREIGN RETURN 🛬 🌏 🇮🇳,dope-coffee:7544846516444,1,2023Q1,2023-02-09,False,True
Dope Coffee,7544846516444,2024Q1,archive,FOREIGN RETURN 🛬 🌏 🇮🇳,dope-coffee:7544846516444,1,2023Q1,2023-02-09,False,True
Dope Coffee,7544846516444,2024Q2,archive,FOREIGN RETURN 🛬 🌏 🇮🇳,dope-coffee:7544846516444,1,2023Q1,2023-02-09,False,True
Dope Coffee,7544846516444,2024Q3,archive,FOREIGN RETURN 🛬 🌏 🇮🇳,dope-coffee:7544846516444,1,2023Q1,2023-02-09,False,True
Dope Coffee,7544846516444,2025Q1,archive,FOREIGN RETURN 🛬 🌏 🇮🇳,dope-coffee:7544846516444,1,2023Q1,2023-02-09,False,True
Dope Coffee,7544846516444,2025Q2,archive,FOREIGN RETURN 🛬 🌏 🇮🇳,dope-coffee:7544846516444,1,2023Q1,2023-02-09,False,True
Dope Coffee,7544846909660,2023Q1,archive,MOST WANTED DOPE 🚨🚨🚨,dope-coffee:7544846909660,1,2023Q1,2023-02-09,False,True
Dope Coffee,7544846909660,2023Q3,archive,MOST WANTED DOPE 🚨🚨🚨,dope-coffee:7544846909660,1,2023Q1,2023-02-09,False,True
Dope Coffee,7544846909660,2024Q1,archive,MOST WANTED DOPE 🚨🚨🚨,dope-coffee:7544846909660,1,2023Q1,2023-02-09,False,True
Dope Coffee,7544846909660,2024Q2,archive,MOST WANTED DOPE 🚨🚨🚨,dope-coffee:7544846909660,1,2023Q1,2023-02-09,False,True
Dope Coffee,7544846909660,2024Q3,archive,MOST WANTED DOPE 🚨🚨🚨,dope-coffee:7544846909660,1,2023Q1,2023-02-09,False,True
Dope Coffee,7544846909660,2025Q2,archive,MOST WANTED DOPE 🚨🚨🚨,dope-coffee:7544846909660,1,2023Q1,2023-02-09,False,True
Dope Coffee,7544846909660,2025Q3,archive,MOST WANTED DOPE 🚨🚨🚨,dope-coffee:7544846909660,1,2023Q1,2023-02-09,False,True
Dope Coffee,7544846909660,2025Q4,archive,MOST WANTED DOPE 🚨🚨🚨,dope-coffee:7544846909660,1,2023Q1,2023-02-09,False,True
Dope Coffee,7544846909660,2026Q1,archive,MOST WANTED DOPE 🚨🚨🚨,dope-coffee:7544846909660,1,2023Q1,2023-02-09,False,True
Dope Coffee,7544846909660,2026Q3,live,MOST WANTED DOPE 🚨🚨🚨,dope-coffee:7544846909660,1,2023Q1,2023-02-09,False,True
Dope Coffee,7590228885724,2023Q3,archive,Kerehaklu Honey Sun Dried - Bridal Veil,dope-coffee:7590228885724,1,2023Q3,2023-09-30,False,True
Dope Coffee,7600415113436,2023Q1,archive,Bartchinhulla Estate,dope-coffee:7600415113436,1,2023Q1,2023-02-09,False,True
Dope Coffee,7600415113436,2023Q3,archive,Bartchinhulla Estate,dope-coffee:7600415113436,1,2023Q1,2023-02-09,False,True
Dope Coffee,7600415113436,2024Q1,archive,Bartchinhulla Estate,dope-coffee:7600415113436,1,2023Q1,2023-02-09,False,True
Dope Coffee,7600415113436,2024Q3,archive,Bartchinhulla Estate,dope-coffee:7600415113436,1,2023Q1,2023-02-09,False,True
Dope Coffee,7600415113436,2025Q1,archive,Bartchinhulla Estate,dope-coffee:7600415113436,1,2023Q1,2023-02-09,False,True
Dope Coffee,7600415113436,2025Q3,archive,BARTCHINHULLA  ESTATE,dope-coffee:7600415113436,1,2023Q1,2023-02-09,False,True
Dope Coffee,7600415113436,2025Q4,archive,BARTCHINHULLA  ESTATE,dope-coffee:7600415113436,1,2023Q1,2023-02-09,False,True
Dope Coffee,7600415113436,2026Q1,archive,BARTCHINHULLA  ESTATE,dope-coffee:7600415113436,1,2023Q1,2023-02-09,False,True
Dope Coffee,7886441316572,2023Q1,archive,TRIBE-O KORAPUT  YEAST FERMENT,dope-coffee:7886441316572,1,2023Q1,2023-02-09,False,True
Dope Coffee,8090102956252,2023Q3,archive,KUTTINKHAN  LOWER ESTATE,dope-coffee:8090102956252,1,2023Q3,2023-09-30,False,True
Dope Coffee,8090102956252,2024Q1,archive,KUTTINKHAN  LOWER ESTATE,dope-coffee:8090102956252,1,2023Q3,2023-09-30,False,True
Dope Coffee,8090102956252,2024Q2,archive,KUTTINKHAN  LOWER ESTATE,dope-coffee:8090102956252,1,2023Q3,2023-09-30,False,True
Dope Coffee,8090102956252,2026Q3,live,Kuttinkhan  Estate,dope-coffee:8090102956252,1,2023Q3,2023-09-30,False,True
Dope Coffee,8139206263004,2023Q3,archive,BAARBARA SPECIAL FRUIT CHERRY,dope-coffee:8139206263004,1,2023Q3,2023-09-30,False,True
Dope Coffee,8139206263004,2024Q1,archive,BAARBARA SPECIAL FRUIT CHERRY,dope-coffee:8139206263004,1,2023Q3,2023-09-30,False,True
Dope Coffee,8143380906204,2023Q3,archive,YELNOORKHAN ESTATE,dope-coffee:8143380906204,1,2023Q3,2023-09-30,False,True
Dope Coffee,8143380906204,2024Q1,archive,YELNOORKHAN ESTATE,dope-coffee:8143380906204,1,2023Q3,2023-09-30,False,True
Dope Coffee,8143380906204,2024Q2,archive,YELNOORKHAN ESTATE,dope-coffee:8143380906204,1,2023Q3,2023-09-30,False,True
Dope Coffee,8143380906204,2024Q3,archive,YELNOORKHAN ESTATE,dope-coffee:8143380906204,1,2023Q3,2023-09-30,False,True
Dope Coffee,8143380906204,2025Q1,archive,Yelnoorkhan Estate,dope-coffee:8143380906204,1,2023Q3,2023-09-30,False,True
Dope Coffee,8818169217244,2025Q1,archive,Buzz Blend,dope-coffee:8818169217244,1,2025Q1,2025-02-18,False,True
Dope Coffee,8818169217244,2026Q3,live,Buzz Blend,dope-coffee:8818169217244,1,2025Q1,2025-02-18,False,True
Dope Coffee,8818273616092,2025Q1,archive,Roaring Robusta,dope-coffee:8818273616092,1,2025Q1,2025-02-18,False,True
Dope Coffee,8818273616092,2025Q2,archive,ROARING ROBUSTA,dope-coffee:8818273616092,1,2025Q1,2025-02-18,False,True
Dope Coffee,8818273616092,2025Q3,archive,ROARING ROBUSTA,dope-coffee:8818273616092,1,2025Q1,2025-02-18,False,True
Dope Coffee,8818273616092,2025Q4,archive,ROARING ROBUSTA,dope-coffee:8818273616092,1,2025Q1,2025-02-18,False,True
Dope Coffee,8818273616092,2026Q1,archive,ROARING ROBUSTA,dope-coffee:8818273616092,1,2025Q1,2025-02-18,False,True
Dope Coffee,8819800998108,2025Q1,archive,Vienna Vortex,dope-coffee:8819800998108,1,2025Q1,2025-02-18,False,True
Dope Coffee,8819800998108,2026Q3,live,VIENNA VORTEX,dope-coffee:8819800998108,1,2025Q1,2025-02-18,False,True
Grey Soul,6651730952389,2024Q2,archive,Kogilahalla KENTS (Naturals & Honey),grey-soul:6651730952389,1,2024Q2,2024-04-15,False,True
Grey Soul,6661709332677,2023Q2,archive,Biccode Estate Naturals (DRIP BAGS),grey-soul:6661709332677,1,2023Q2,2023-05-28,True,False
Grey Soul,6661709332677,2023Q3,archive,Biccode Estate Naturals (DRIP BAGS),grey-soul:6661709332677,1,2023Q2,2023-05-28,True,False
Grey Soul,6661709332677,2024Q2,archive,Biccode Estate Naturals (DRIP BAGS),grey-soul:6661709332677,1,2023Q2,2023-05-28,True,False
Grey Soul,6661709332677,2024Q3,archive,Biccode Estate Naturals (DRIP BAGS),grey-soul:6661709332677,1,2023Q2,2023-05-28,True,False
Grey Soul,6661709332677,2024Q4,archive,Biccode Estate Naturals (DRIP BAGS),grey-soul:6661709332677,1,2023Q2,2023-05-28,True,False
Grey Soul,6661709332677,2025Q1,archive,Biccode Estate Naturals (DRIP BAGS),grey-soul:6661709332677,1,2023Q2,2023-05-28,True,False
Grey Soul,6661709332677,2025Q2,archive,All Can Brew (Drip bags - Med Roast),grey-soul:6661709332677@2025Q2,2,2025Q2,2025-06-13,True,True
Grey Soul,6661709332677,2025Q3,archive,All Can Brew Drip bags (Med Roast),grey-soul:6661709332677@2025Q2,2,2025Q2,2025-06-13,True,True
Grey Soul,6661709332677,2025Q4,archive,Coffee Drip bags (Med Roast),grey-soul:6661709332677@2025Q2,2,2025Q2,2025-06-13,True,True
Grey Soul,6661709332677,2026Q3,live,Coffee Drip bags (Med Roast),grey-soul:6661709332677@2025Q2,2,2025Q2,2025-06-13,True,True
Grey Soul,6667195678917,2025Q3,archive,White Hario filter paper size 02,grey-soul:6667195678917,1,2025Q3,2025-09-09,False,True
Grey Soul,6667195678917,2025Q4,archive,White Hario filter paper size 02,grey-soul:6667195678917,1,2025Q3,2025-09-09,False,True
Grey Soul,6688569426117,2023Q1,archive,3 X COFFEES,grey-soul:6688569426117,1,2023Q1,2023-02-01,False,True
Grey Soul,6688570966213,2023Q1,archive,4 X COFFEES,grey-soul:6688570966213,1,2023Q1,2023-02-01,False,True
Grey Soul,6705293099205,2023Q1,archive,Karadykan - SC 3A (Single Origin Red Honey) (Med Roast at 16% DTR),grey-soul:6705293099205,1,2023Q1,2023-02-01,False,True
Grey Soul,6705297326277,2023Q1,archive,Gungegiri - SC 40A (Single Origin Anaerobic Naturals) (Med Roast at 14% DTR),grey-soul:6705297326277,1,2023Q1,2023-02-01,False,True
Grey Soul,7060411547845,2023Q1,archive,SC 51A (2022 Micro LOT - 1) (Med Roast),grey-soul:7060411547845,1,2023Q1,2023-02-01,False,True
Grey Soul,7171489235141,2023Q1,archive,Submarine Fermentation (Med-Dark Profile),grey-soul:7171489235141,1,2023Q1,2023-02-01,False,True
Grey Soul,7171511877829,2023Q1,archive,ELL'SWORTH RED HONEY (Med Profile),grey-soul:7171511877829,1,2023Q1,2023-02-01,False,True
Grey Soul,7209404006597,2023Q1,archive,Ratnagiri Washed (Med-Dark Profile),grey-soul:7209404006597,1,2023Q1,2023-02-01,False,True
Grey Soul,7209404006597,2024Q4,archive,Fermented Graded Washed (Med-Dark Profile),grey-soul:7209404006597,1,2023Q1,2023-02-01,False,True
Grey Soul,7209404006597,2025Q1,archive,Fermented Graded Washed (Med-Dark Profile),grey-soul:7209404006597,1,2023Q1,2023-02-01,False,True
Grey Soul,7209404006597,2025Q2,archive,Fermented Graded Washed (Med-Dark Profile),grey-soul:7209404006597,1,2023Q1,2023-02-01,False,True
Grey Soul,7230153720005,2023Q1,archive,Lactic Fermentation Naturals (Light-Med Profile),grey-soul:7230153720005,1,2023Q1,2023-02-01,False,True
Grey Soul,7269407785157,2023Q1,archive,Honey Anaerobic Ratnagiri Estate (Med-Light Profile),grey-soul:7269407785157,1,2023Q1,2023-02-01,False,True
Grey Soul,7276743688389,2023Q1,archive,DB Naturals Ratnagiri Estate (Med Profile),grey-soul:7276743688389,1,2023Q1,2023-02-01,False,True
Grey Soul,7295490916549,2023Q1,archive,DNX-1 Yeast Fermentation (Med Profile),grey-soul:7295490916549,1,2023Q1,2023-02-01,False,True
Grey Soul,7321660162245,2023Q1,archive,NAGALAND MON NATURALS (LIGHT ROAST),grey-soul:7321660162245,1,2023Q1,2023-02-01,False,True
Grey Soul,7321669697733,2023Q1,archive,NAGALAND ZUNHEBOTO HONEY (LIGHT-MED ROAST),grey-soul:7321669697733,1,2023Q1,2023-02-01,False,True
Grey Soul,7339168596165,2023Q1,archive,Badra Naturals (Med-Light Profile),grey-soul:7339168596165,1,2023Q1,2023-02-01,False,True
Grey Soul,7351537926341,2023Q1,archive,Baarbara Estate 24 Hours Fermentation (Medium Profile),grey-soul:7351537926341,1,2023Q1,2023-02-01,False,True
Grey Soul,7425739882693,2023Q2,archive,Slow sun-dried Naturals Biccode Estate (Med Roast),grey-soul:7425739882693,1,2023Q2,2023-05-28,False,True
Grey Soul,7425739882693,2023Q3,archive,Slow sun-dried Naturals Biccode Estate (Med Roast),grey-soul:7425739882693,1,2023Q2,2023-05-28,False,True
Grey Soul,7425799291077,2023Q2,archive,Biccode (Vana) Naturals (Light Roast),grey-soul:7425799291077,1,2023Q2,2023-05-28,False,True
Grey Soul,7425799291077,2023Q3,archive,Biccode (Vana) Naturals (Light Roast),grey-soul:7425799291077,1,2023Q2,2023-05-28,False,True
Grey Soul,7425799291077,2024Q3,archive,Biccode LEL Naturals (Light-Med Roast),grey-soul:7425799291077,1,2023Q2,2023-05-28,False,True
Grey Soul,7425799291077,2024Q4,archive,Biccode LEL Naturals (Light-Med Roast),grey-soul:7425799291077,1,2023Q2,2023-05-28,False,True
Grey Soul,7425799291077,2025Q1,archive,Biccode LEL Naturals (Light-Med Roast),grey-soul:7425799291077,1,2023Q2,2023-05-28,False,True
Grey Soul,7425820688581,2023Q2,archive,Badra HDT X CATUAI Naturals (Light-Med Profile),grey-soul:7425820688581,1,2023Q2,2023-05-28,False,True
Grey Soul,7425820688581,2023Q3,archive,Badra HDT X CATUAI Naturals (Light-Med Profile),grey-soul:7425820688581,1,2023Q2,2023-05-28,False,True
Grey Soul,7425820688581,2024Q2,archive,Badra HDT X CATUAI Naturals (Light-Med Profile),grey-soul:7425820688581,1,2023Q2,2023-05-28,False,True
Grey Soul,7425820688581,2024Q3,archive,Badra HDT X CATUAI Naturals (Light-Med Profile),grey-soul:7425820688581,1,2023Q2,2023-05-28,False,True
Grey Soul,7425820688581,2024Q4,archive,Badra HDT X CATUAI Naturals (Light-Med Profile),grey-soul:7425820688581,1,2023Q2,2023-05-28,False,True
Grey Soul,7425831207109,2023Q2,archive,Ell'sworth Black Honey (Light-Med Profile),grey-soul:7425831207109,1,2023Q2,2023-05-28,False,True
Grey Soul,7425831207109,2023Q3,archive,Ell'sworth Black Honey (Light-Med Profile),grey-soul:7425831207109,1,2023Q2,2023-05-28,False,True
Grey Soul,7425831207109,2024Q2,archive,Ell'sworth Black Honey (Light-Med Profile),grey-soul:7425831207109,1,2023Q2,2023-05-28,False,True
Grey Soul,7425831207109,2024Q3,archive,Ell'sworth Black Honey (Light-Med Profile),grey-soul:7425831207109,1,2023Q2,2023-05-28,False,True
Grey Soul,7425831207109,2024Q4,archive,Ell'sworth Black Honey (Light-Med Profile),grey-soul:7425831207109,1,2023Q2,2023-05-28,False,True
Grey Soul,7450794131653,2023Q3,archive,Nagaland Zunheboto Naturals (Light-Med Profile),grey-soul:7450794131653,1,2023Q3,2023-09-25,False,True
Grey Soul,7450794131653,2024Q4,archive,Nagaland Zunheboto Naturals (Light Profile),grey-soul:7450794131653,1,2023Q3,2023-09-25,False,True
Grey Soul,7450794131653,2025Q1,archive,Nagaland Zunheboto Naturals (Light Profile),grey-soul:7450794131653,1,2023Q3,2023-09-25,False,True
Grey Soul,7450817396933,2023Q3,archive,Nagaland Zunheboto GRADED Naturals (Light-Med Profile),grey-soul:7450817396933,1,2023Q3,2023-09-25,False,True
Grey Soul,7450817396933,2024Q2,archive,Nagaland Zunheboto GRADED Naturals (Light-Med Profile),grey-soul:7450817396933,1,2023Q3,2023-09-25,False,True
Grey Soul,7450817396933,2024Q4,archive,Nagaland Zunheboto Graded Washed (Med Profile),grey-soul:7450817396933,1,2023Q3,2023-09-25,False,True
Grey Soul,7450817396933,2025Q1,archive,Nagaland Zunheboto Graded Washed (Med Profile),grey-soul:7450817396933,1,2023Q3,2023-09-25,False,True
Grey Soul,7450817396933,2025Q2,archive,Nagaland Zunheboto Graded Washed (Med Profile),grey-soul:7450817396933,1,2023Q3,2023-09-25,False,True
Grey Soul,7451014234309,2023Q3,archive,Nagaland Kohima 23 Naturals (Light Roast Profile),grey-soul:7451014234309,1,2023Q3,2023-09-25,True,False
Grey Soul,7451014234309,2025Q3,archive,Ultra Light Nagaland,grey-soul:7451014234309@2025Q3,2,2025Q3,2025-09-09,True,True
Grey Soul,7451014234309,2025Q4,archive,Ultra Light Nagaland,grey-soul:7451014234309@2025Q3,2,2025Q3,2025-09-09,True,True
Grey Soul,7464466284741,2023Q3,archive,Lactic Fermentation Naturals (Light Roast),grey-soul:7464466284741,1,2023Q3,2023-09-25,False,True
Grey Soul,7464466284741,2024Q2,archive,Lactic Fermentation Naturals (Light Roast),grey-soul:7464466284741,1,2023Q3,2023-09-25,False,True
Grey Soul,7464466284741,2024Q3,archive,Lactic Fermentation Naturals (Light Roast),grey-soul:7464466284741,1,2023Q3,2023-09-25,False,True
Grey Soul,7464466284741,2024Q4,archive,Lactic Fermentation Naturals (Light Roast),grey-soul:7464466284741,1,2023Q3,2023-09-25,False,True
Grey Soul,7464468480197,2023Q3,archive,Yeast Nitrogen Naturals (Light-Med Roast),grey-soul:7464468480197,1,2023Q3,2023-09-25,False,True
Grey Soul,7464468480197,2024Q2,archive,Yeast Nitrogen Naturals (Light-Med Roast),grey-soul:7464468480197,1,2023Q3,2023-09-25,False,True
Grey Soul,7464468480197,2024Q3,archive,Yeast Nitrogen Naturals (Light-Med Roast),grey-soul:7464468480197,1,2023Q3,2023-09-25,False,True
Grey Soul,7464468480197,2024Q4,archive,Yeast Nitrogen Naturals (Light-Med Roast),grey-soul:7464468480197,1,2023Q3,2023-09-25,False,True
Grey Soul,7464468480197,2025Q1,archive,Yeast Nitrogen Naturals (Light-Med Roast),grey-soul:7464468480197,1,2023Q3,2023-09-25,False,True
Grey Soul,7477612249285,2023Q3,archive,Crimson Washed MS Estate (Med-Dark Roast),grey-soul:7477612249285,1,2023Q3,2023-09-25,False,True
Grey Soul,7481415532741,2023Q3,archive,Anaerobic Naturals Koppathur (Light Profile),grey-soul:7481415532741,1,2023Q3,2023-09-25,False,True
Grey Soul,7481415532741,2024Q2,archive,Anaerobic Naturals Koppathur (Light Profile),grey-soul:7481415532741,1,2023Q3,2023-09-25,False,True
Grey Soul,7487855853765,2023Q3,archive,Roasters Espresso (Med-Dark Profile),grey-soul:7487855853765,1,2023Q3,2023-09-25,False,True
Grey Soul,7487855853765,2024Q2,archive,Roasters Espresso (Med-Dark Profile),grey-soul:7487855853765,1,2023Q3,2023-09-25,False,True
Grey Soul,7487855853765,2024Q3,archive,Roasters Espresso (Med-Dark Profile),grey-soul:7487855853765,1,2023Q3,2023-09-25,False,True
Grey Soul,7487855853765,2024Q4,archive,Roasters Espresso 2.0 (Med-Dark Profile),grey-soul:7487855853765,1,2023Q3,2023-09-25,False,True
Grey Soul,7487855853765,2025Q1,archive,Roasters Espresso 2.0 (Med-Dark Profile),grey-soul:7487855853765,1,2023Q3,2023-09-25,False,True
Grey Soul,7487855853765,2025Q2,archive,Roasters Espresso 2.0 (Med-Dark Profile),grey-soul:7487855853765,1,2023Q3,2023-09-25,False,True
Grey Soul,7487855853765,2025Q3,archive,Roasters Espresso (Med-Dark Roast),grey-soul:7487855853765,1,2023Q3,2023-09-25,False,True
Grey Soul,7487855853765,2025Q4,archive,Roasters Espresso (Med-Dark Roast),grey-soul:7487855853765,1,2023Q3,2023-09-25,False,True
Grey Soul,7487855853765,2026Q3,live,Roasters Espresso (Med Roast),grey-soul:7487855853765,1,2023Q3,2023-09-25,False,True
Grey Soul,7495913832645,2024Q2,archive,Extended Naturals Harley Estate (Light-Med Profile),grey-soul:7495913832645,1,2024Q2,2024-04-15,False,True
Grey Soul,7495913832645,2024Q3,archive,Extended Naturals Harley Estate (Light-Med Profile),grey-soul:7495913832645,1,2024Q2,2024-04-15,False,True
Grey Soul,7495913832645,2024Q4,archive,Extended Naturals Harley Estate (Light-Med Profile),grey-soul:7495913832645,1,2024Q2,2024-04-15,False,True
Grey Soul,7506385666245,2024Q2,archive,120 Hour Sun-Dried Anaerobic Naturals (Med Profile),grey-soul:7506385666245,1,2024Q2,2024-04-15,False,True
Grey Soul,7535386329285,2024Q2,archive,Naturals from Baarbara (Med Profile),grey-soul:7535386329285,1,2024Q2,2024-04-15,False,True
Grey Soul,7549207773381,2024Q2,archive,Kohima Specialty Naturals (Light Roast),grey-soul:7549207773381,1,2024Q2,2024-04-15,True,False
Grey Soul,7549207773381,2024Q3,archive,Kohima Specialty Naturals (Light Roast),grey-soul:7549207773381,1,2024Q2,2024-04-15,True,False
Grey Soul,7549207773381,2024Q4,archive,Kohima Specialty Naturals (Light Roast),grey-soul:7549207773381,1,2024Q2,2024-04-15,True,False
Grey Soul,7549207773381,2025Q1,archive,Kohima Naturals (Med Roast),grey-soul:7549207773381@2025Q1,2,2025Q1,2025-03-24,True,True
Grey Soul,7549207773381,2025Q2,archive,Kohima Naturals (Med Roast),grey-soul:7549207773381@2025Q1,2,2025Q1,2025-03-24,True,True
Grey Soul,7549447798981,2024Q2,archive,Cavery Yeast Carbonic Naturals (Light-Med Roast),grey-soul:7549447798981,1,2024Q2,2024-04-15,True,False
Grey Soul,7549447798981,2024Q3,archive,Cavery Yeast Carbonic Naturals (Light-Med Roast),grey-soul:7549447798981,1,2024Q2,2024-04-15,True,False
Grey Soul,7549447798981,2024Q4,archive,Cavery Yeast Carbonic Naturals (Light-Med Roast),grey-soul:7549447798981,1,2024Q2,2024-04-15,True,False
Grey Soul,7549447798981,2025Q1,archive,CATAUI NANO LOT (Light-Med Roast),grey-soul:7549447798981@2025Q1,2,2025Q1,2025-03-24,True,False
Grey Soul,7549447798981,2025Q2,archive,Attikan Nano LOT (Ultra Light Roast),grey-soul:7549447798981@2025Q2,3,2025Q2,2025-06-13,True,True
Grey Soul,7549447798981,2025Q3,archive,Attikan Nano LOT (Ultra Light Roast),grey-soul:7549447798981@2025Q2,3,2025Q2,2025-06-13,True,True
Grey Soul,7549447798981,2025Q4,archive,Attikan Nano LOT (Ultra Light Roast),grey-soul:7549447798981@2025Q2,3,2025Q2,2025-06-13,True,True
Grey Soul,7637470249157,2024Q2,archive,SLN 9 CIMA Anaerobic Fermentation (Light-Med Profile),grey-soul:7637470249157,1,2024Q2,2024-04-15,False,True
Grey Soul,7637470249157,2024Q3,archive,SLN 9 CIMA Anaerobic Fermentation (Light-Med Profile),grey-soul:7637470249157,1,2024Q2,2024-04-15,False,True
Grey Soul,7637494137029,2024Q2,archive,Sachimore Anaerobic Fermentation (Med Profile),grey-soul:7637494137029,1,2024Q2,2024-04-15,False,True
Grey Soul,7637494137029,2024Q3,archive,Sachimore Anaerobic Fermentation (Med Profile),grey-soul:7637494137029,1,2024Q2,2024-04-15,False,True
Grey Soul,7637494137029,2024Q4,archive,Sachimore Anaerobic Fermentation (Med Profile),grey-soul:7637494137029,1,2024Q2,2024-04-15,False,True
Grey Soul,7637494137029,2025Q1,archive,Sachimore Anaerobic Fermentation (Med Profile),grey-soul:7637494137029,1,2024Q2,2024-04-15,False,True
Grey Soul,7637517500613,2024Q2,archive,SLN 5A Anaerobic Fermentation (Light-Med Profile),grey-soul:7637517500613,1,2024Q2,2024-04-15,False,True
Grey Soul,7637517500613,2024Q3,archive,SLN 5A Anaerobic Fermentation (Light-Med Profile),grey-soul:7637517500613,1,2024Q2,2024-04-15,False,True
Grey Soul,7637517500613,2024Q4,archive,SLN 5A Anaerobic Fermentation (Light-Med Profile),grey-soul:7637517500613,1,2024Q2,2024-04-15,False,True
Grey Soul,7637517500613,2025Q1,archive,SLN 5A Anaerobic Fermentation (Light-Med Profile),grey-soul:7637517500613,1,2024Q2,2024-04-15,False,True
Grey Soul,7637517500613,2025Q2,archive,SLN 5A Anaerobic Fermentation (Light-Med Profile),grey-soul:7637517500613,1,2024Q2,2024-04-15,False,True
Grey Soul,7705455919301,2024Q2,archive,Single Origin Anaerobic Espresso (Med-Dark Profile),grey-soul:7705455919301,1,2024Q2,2024-04-15,False,True
Grey Soul,7705455919301,2024Q3,archive,Single Origin Anaerobic Espresso (Med-Dark Profile),grey-soul:7705455919301,1,2024Q2,2024-04-15,False,True
Grey Soul,7705499173061,2024Q2,archive,Cold Brew Naturals (Med Profile),grey-soul:7705499173061,1,2024Q2,2024-04-15,False,True
Grey Soul,7705499173061,2024Q4,archive,Cold Brew Naturals (Med-Dark Profile),grey-soul:7705499173061,1,2024Q2,2024-04-15,False,True
Grey Soul,7705499173061,2025Q1,archive,Cold Brew Naturals (Med-Dark Profile),grey-soul:7705499173061,1,2024Q2,2024-04-15,False,True
Grey Soul,7705499173061,2025Q2,archive,Single Origin Cold Brew (Med-Dark Profile),grey-soul:7705499173061,1,2024Q2,2024-04-15,False,True
Grey Soul,7705499173061,2025Q3,archive,Single Origin Cold Brew (Med-Dark Roast),grey-soul:7705499173061,1,2024Q2,2024-04-15,False,True
Grey Soul,7705499173061,2025Q4,archive,Single Origin Cold Brew (Med-Dark Roast),grey-soul:7705499173061,1,2024Q2,2024-04-15,False,True
Grey Soul,7973367644357,2024Q3,archive,Intenso Yeast Inoculated Naturals (Light-Med),grey-soul:7973367644357,1,2024Q3,2024-08-06,True,False
Grey Soul,7973367644357,2024Q4,archive,Intenso Yeast Inoculated Naturals (Light-Med),grey-soul:7973367644357,1,2024Q3,2024-08-06,True,False
Grey Soul,7973367644357,2025Q1,archive,Intenso Yeast Inoculated Naturals (Light-Med),grey-soul:7973367644357,1,2024Q3,2024-08-06,True,False
Grey Soul,7973367644357,2025Q2,archive,Fruit Naturals (Light Roast),grey-soul:7973367644357@2025Q2,2,2025Q2,2025-06-13,True,True
Grey Soul,7973367644357,2025Q3,archive,Fruit Naturals (Light Roast),grey-soul:7973367644357@2025Q2,2,2025Q2,2025-06-13,True,True
Grey Soul,7973367644357,2025Q4,archive,Fruit Naturals (Light Roast),grey-soul:7973367644357@2025Q2,2,2025Q2,2025-06-13,True,True
Grey Soul,8031212044485,2024Q3,archive,The Rose Coffee (72 Hour Fermented Naturals) (Light Roast),grey-soul:8031212044485,1,2024Q3,2024-08-06,False,True
Grey Soul,8031212044485,2024Q4,archive,The Rose Coffee (72 Hour Fermented Naturals) (Light Roast),grey-soul:8031212044485,1,2024Q3,2024-08-06,False,True
Grey Soul,8031212044485,2025Q1,archive,The Rose Coffee (72 Hour Fermented Naturals) (Light Roast),grey-soul:8031212044485,1,2024Q3,2024-08-06,False,True
Grey Soul,8031320834245,2024Q3,archive,The Betel Leaf Coffee (72 Hour Fermented Naturals) (Light-Med Roast),grey-soul:8031320834245,1,2024Q3,2024-08-06,False,True
Grey Soul,8031320834245,2024Q4,archive,The Betel Leaf Coffee (72 Hour Fermented Naturals) (Light-Med Roast),grey-soul:8031320834245,1,2024Q3,2024-08-06,False,True
Grey Soul,8031320834245,2025Q1,archive,The Betel Leaf Coffee (72 Hour Fermented Naturals) (Light-Med Roast),grey-soul:8031320834245,1,2024Q3,2024-08-06,False,True
Grey Soul,8111070347461,2024Q4,archive,Odisha Red Honey (Light-Med Roast),grey-soul:8111070347461,1,2024Q4,2024-12-03,False,True
Grey Soul,8111070347461,2025Q1,archive,Odisha Red Honey (Light-Med Roast),grey-soul:8111070347461,1,2024Q4,2024-12-03,False,True
Grey Soul,8111070347461,2025Q3,archive,Odisha Floral Honey (Light Roast),grey-soul:8111070347461,1,2024Q4,2024-12-03,False,True
Grey Soul,8111070347461,2025Q4,archive,Odisha Floral Honey (Light Roast),grey-soul:8111070347461,1,2024Q4,2024-12-03,False,True
Grey Soul,8152190648517,2024Q4,archive,Saccharomyces Anaerobic Naturals (Med Roast),grey-soul:8152190648517,1,2024Q4,2024-12-03,False,True
Grey Soul,8152190648517,2025Q1,archive,Saccharomyces Anaerobic Naturals (Med Roast),grey-soul:8152190648517,1,2024Q4,2024-12-03,False,True
Grey Soul,8152207360197,2024Q4,archive,Chandragiri Aerobic Naturals (Light Roast),grey-soul:8152207360197,1,2024Q4,2024-12-03,False,True
Grey Soul,8152207360197,2025Q1,archive,Chandragiri Aerobic Naturals (Light Roast),grey-soul:8152207360197,1,2024Q4,2024-12-03,False,True
Grey Soul,8162772779205,2025Q1,archive,Anaerobic Floral Naturals (Light-Med Roast),grey-soul:8162772779205,1,2025Q1,2025-03-24,False,True
Grey Soul,8228349837509,2025Q1,archive,Strawberry in Loop (Medium Profile),grey-soul:8228349837509,1,2025Q1,2025-03-24,False,True
Grey Soul,8228349837509,2025Q2,archive,Strawberry in Loop (Medium Profile),grey-soul:8228349837509,1,2025Q1,2025-03-24,False,True
Grey Soul,8228349837509,2025Q3,archive,Strawberry in Loop,grey-soul:8228349837509,1,2025Q1,2025-03-24,False,True
Grey Soul,8228349837509,2025Q4,archive,Strawberry in Loop,grey-soul:8228349837509,1,2025Q1,2025-03-24,False,True
Grey Soul,8228349837509,2026Q3,live,Strawberry in Loop,grey-soul:8228349837509,1,2025Q1,2025-03-24,False,True
Grey Soul,8228350197957,2025Q1,archive,Assam Naturals (Med-Dark Roast),grey-soul:8228350197957,1,2025Q1,2025-03-24,False,True
Grey Soul,8228350197957,2025Q2,archive,Assam Naturals (Med-Dark Roast),grey-soul:8228350197957,1,2025Q1,2025-03-24,False,True
Grey Soul,8322532409541,2025Q2,archive,High Grown Espresso (Med-Dark Profile),grey-soul:8322532409541,1,2025Q2,2025-06-13,False,True
Grey Soul,8322532409541,2025Q3,archive,High Grown Espresso (Med-Dark Profile),grey-soul:8322532409541,1,2025Q2,2025-06-13,False,True
Grey Soul,8322532409541,2025Q4,archive,High Grown Espresso (Med-Dark Profile),grey-soul:8322532409541,1,2025Q2,2025-06-13,False,True
Grey Soul,8348879388869,2025Q3,archive,Odisha Fermented Naturals (Light Roast),grey-soul:8348879388869,1,2025Q3,2025-09-09,False,True
Grey Soul,8348879388869,2025Q4,archive,Odisha Fermented Naturals (Light Roast),grey-soul:8348879388869,1,2025Q3,2025-09-09,False,True
Grey Soul,8402871910597,2025Q3,archive,MOGRA,grey-soul:8402871910597,1,2025Q3,2025-09-09,False,True
Grey Soul,8402871910597,2025Q4,archive,MOGRA,grey-soul:8402871910597,1,2025Q3,2025-09-09,False,True
Grey Soul,8513283391685,2025Q4,archive,Raspberry in Loop,grey-soul:8513283391685,1,2025Q4,2025-11-26,False,True
Grey Soul,8710618808517,2026Q3,live,Shevaroys Washed (Light-Med Roast),grey-soul:8710618808517,1,2026Q3,2026--0-9-,False,True
Grey Soul,8710620250309,2026Q3,live,THE YELLOW LOT,grey-soul:8710620250309,1,2026Q3,2026--0-9-,False,True
Grey Soul,8763056128197,2026Q3,live,Summer in Kodaikanal (Light Roast),grey-soul:8763056128197,1,2026Q3,2026--0-9-,False,True
Grey Soul,8811608277189,2026Q3,live,Pink Lemonade (Ultra-Light),grey-soul:8811608277189,1,2026Q3,2026--0-9-,False,True
Grey Soul,8818432803013,2026Q3,live,Cane and Lime (Light-Med Roast),grey-soul:8818432803013,1,2026Q3,2026--0-9-,False,True
Grey Soul,8886665314501,2026Q3,live,1615 West Giri (Light-Med),grey-soul:8886665314501,1,2026Q3,2026--0-9-,False,True
Grey Soul,8919748509893,2026Q3,live,SUPERNATURALS (Light Roast),grey-soul:8919748509893,1,2026Q3,2026--0-9-,False,True
Grey Soul,8950596665541,2026Q3,live,Mizoram Reserve (Med-Dark),grey-soul:8950596665541,1,2026Q3,2026--0-9-,False,True
Grey Soul,8987186102469,2026Q3,live,Odisha Naturals (Light Roast),grey-soul:8987186102469,1,2026Q3,2026--0-9-,False,True
Kapi Kottai,7283473580194,2023Q1,archive,Subscribe - 24 Coffees Delivery,kapi-kottai:7283473580194,1,2023Q1,2023-02-05,False,True
Kapi Kottai,7283473580194,2023Q2,archive,Subscribe - 24 Coffees Delivery,kapi-kottai:7283473580194,1,2023Q1,2023-02-05,False,True
Kapi Kottai,7283473580194,2023Q3,archive,Subscribe - 24 Coffees Delivery,kapi-kottai:7283473580194,1,2023Q1,2023-02-05,False,True
Kapi Kottai,7283473580194,2024Q1,archive,Subscribe - 24 Coffees Delivery,kapi-kottai:7283473580194,1,2023Q1,2023-02-05,False,True
Kapi Kottai,7283473580194,2024Q3,archive,Subscribe - 24 Coffees Delivery,kapi-kottai:7283473580194,1,2023Q1,2023-02-05,False,True
Kapi Kottai,7283473580194,2024Q4,archive,Subscribe - 24 Coffees Delivery,kapi-kottai:7283473580194,1,2023Q1,2023-02-05,False,True
Kapi Kottai,7283473580194,2025Q1,archive,Subscribe - 24 Coffees Delivery,kapi-kottai:7283473580194,1,2023Q1,2023-02-05,False,True
Kapi Kottai,7283473580194,2025Q2,archive,Subscribe - 24 Coffees Delivery,kapi-kottai:7283473580194,1,2023Q1,2023-02-05,False,True
Kapi Kottai,7283473580194,2025Q3,archive,Subscribe - 24 Coffees Delivery,kapi-kottai:7283473580194,1,2023Q1,2023-02-05,False,True
Kapi Kottai,7283473580194,2026Q3,live,Subscribe - 24 Coffees Delivery,kapi-kottai:7283473580194,1,2023Q1,2023-02-05,False,True
Kapi Kottai,7289392627874,2023Q1,archive,Kāpikottai Samplers,kapi-kottai:7289392627874,1,2023Q1,2023-02-05,False,True
Kapi Kottai,7289392627874,2023Q2,archive,Kāpikottai Samplers,kapi-kottai:7289392627874,1,2023Q1,2023-02-05,False,True
Kapi Kottai,7289392627874,2023Q3,archive,Kāpikottai Samplers,kapi-kottai:7289392627874,1,2023Q1,2023-02-05,False,True
Kapi Kottai,7289392627874,2024Q1,archive,Kāpikottai Samplers,kapi-kottai:7289392627874,1,2023Q1,2023-02-05,False,True
Kapi Kottai,7289392627874,2024Q3,archive,Kāpikottai Samplers,kapi-kottai:7289392627874,1,2023Q1,2023-02-05,False,True
Kapi Kottai,7289392627874,2024Q4,archive,Kāpikottai Samplers,kapi-kottai:7289392627874,1,2023Q1,2023-02-05,False,True
Kapi Kottai,7289392627874,2025Q1,archive,Kāpikottai Samplers,kapi-kottai:7289392627874,1,2023Q1,2023-02-05,False,True
Kapi Kottai,7289392627874,2025Q2,archive,Kāpikottai Samplers,kapi-kottai:7289392627874,1,2023Q1,2023-02-05,False,True
Kapi Kottai,7289392627874,2025Q3,archive,Kāpikottai Samplers,kapi-kottai:7289392627874,1,2023Q1,2023-02-05,False,True
Kapi Kottai,7289392627874,2026Q3,live,Kāpikottai Samplers,kapi-kottai:7289392627874,1,2023Q1,2023-02-05,False,True
Kapi Kottai,7310899642530,2023Q1,archive,Bhūshāvali,kapi-kottai:7310899642530,1,2023Q1,2023-02-05,False,True
Kapi Kottai,7310899642530,2023Q2,archive,Bhūshāvali,kapi-kottai:7310899642530,1,2023Q1,2023-02-05,False,True
Kapi Kottai,7311138324642,2023Q1,archive,Curveball,kapi-kottai:7311138324642,1,2023Q1,2023-02-05,False,True
Kapi Kottai,7311138324642,2023Q2,archive,Curveball,kapi-kottai:7311138324642,1,2023Q1,2023-02-05,False,True
Kapi Kottai,7311138324642,2023Q3,archive,Curveball,kapi-kottai:7311138324642,1,2023Q1,2023-02-05,False,True
Kapi Kottai,7311138324642,2024Q1,archive,Curveball,kapi-kottai:7311138324642,1,2023Q1,2023-02-05,False,True
Kapi Kottai,7311138324642,2024Q3,archive,Curveball,kapi-kottai:7311138324642,1,2023Q1,2023-02-05,False,True
Kapi Kottai,7311170764962,2023Q1,archive,Dark! Dark! Dark!,kapi-kottai:7311170764962,1,2023Q1,2023-02-05,False,True
Kapi Kottai,7311170764962,2023Q2,archive,Dark! Dark! Dark!,kapi-kottai:7311170764962,1,2023Q1,2023-02-05,False,True
Kapi Kottai,7311170764962,2023Q3,archive,Dark! Dark! Dark!,kapi-kottai:7311170764962,1,2023Q1,2023-02-05,False,True
Kapi Kottai,7311170764962,2024Q1,archive,Dark! Dark! Dark!,kapi-kottai:7311170764962,1,2023Q1,2023-02-05,False,True
Kapi Kottai,7311170764962,2024Q3,archive,Dark! Dark! Dark!,kapi-kottai:7311170764962,1,2023Q1,2023-02-05,False,True
Kapi Kottai,7311193145506,2023Q1,archive,Hamīrkalyāni,kapi-kottai:7311193145506,1,2023Q1,2023-02-05,False,True
Kapi Kottai,7311193145506,2023Q2,archive,Hamīrkalyāni,kapi-kottai:7311193145506,1,2023Q1,2023-02-05,False,True
Kapi Kottai,7311797026978,2023Q1,archive,Kilpauk Standard,kapi-kottai:7311797026978,1,2023Q1,2023-02-05,False,True
Kapi Kottai,7311797026978,2023Q2,archive,Kilpauk Standard,kapi-kottai:7311797026978,1,2023Q1,2023-02-05,False,True
Kapi Kottai,7311797026978,2023Q3,archive,Kilpauk Standard,kapi-kottai:7311797026978,1,2023Q1,2023-02-05,False,True
Kapi Kottai,7311797026978,2024Q1,archive,Kilpauk Standard,kapi-kottai:7311797026978,1,2023Q1,2023-02-05,False,True
Kapi Kottai,7311797026978,2024Q3,archive,Kilpauk Standard,kapi-kottai:7311797026978,1,2023Q1,2023-02-05,False,True
Kapi Kottai,7311797026978,2024Q4,archive,Kilpauk Standard,kapi-kottai:7311797026978,1,2023Q1,2023-02-05,False,True
Kapi Kottai,7311797026978,2025Q1,archive,Kilpauk Standard,kapi-kottai:7311797026978,1,2023Q1,2023-02-05,False,True
Kapi Kottai,7311797026978,2025Q2,archive,Kilpauk Standard,kapi-kottai:7311797026978,1,2023Q1,2023-02-05,False,True
Kapi Kottai,7311797026978,2025Q3,archive,Kilpauk Standard,kapi-kottai:7311797026978,1,2023Q1,2023-02-05,False,True
Kapi Kottai,7311797026978,2026Q3,live,Kilpauk Standard,kapi-kottai:7311797026978,1,2023Q1,2023-02-05,False,True
Kapi Kottai,7311816720546,2023Q1,archive,Let There Be Light,kapi-kottai:7311816720546,1,2023Q1,2023-02-05,False,True
Kapi Kottai,7311816720546,2023Q2,archive,Let There Be Light,kapi-kottai:7311816720546,1,2023Q1,2023-02-05,False,True
Kapi Kottai,7311816720546,2023Q3,archive,Let There Be Light,kapi-kottai:7311816720546,1,2023Q1,2023-02-05,False,True
Kapi Kottai,7311816720546,2024Q1,archive,Let There Be Light,kapi-kottai:7311816720546,1,2023Q1,2023-02-05,False,True
Kapi Kottai,7311816720546,2024Q3,archive,Let There Be Light,kapi-kottai:7311816720546,1,2023Q1,2023-02-05,False,True
Kapi Kottai,7311834808482,2023Q1,archive,Microlot #1,kapi-kottai:7311834808482,1,2023Q1,2023-02-05,False,True
Kapi Kottai,7311834808482,2023Q2,archive,Microlot #1,kapi-kottai:7311834808482,1,2023Q1,2023-02-05,False,True
Kapi Kottai,7311867969698,2023Q1,archive,Nātakurinji,kapi-kottai:7311867969698,1,2023Q1,2023-02-05,False,True
Kapi Kottai,7311867969698,2023Q2,archive,Nātakurinji,kapi-kottai:7311867969698,1,2023Q1,2023-02-05,False,True
Kapi Kottai,7312026108066,2023Q1,archive,Subscribe - 3 Coffees Delivery,kapi-kottai:7312026108066,1,2023Q1,2023-02-05,False,True
Kapi Kottai,7312026108066,2023Q2,archive,Subscribe - 3 Coffees Delivery,kapi-kottai:7312026108066,1,2023Q1,2023-02-05,False,True
Kapi Kottai,7312026108066,2023Q3,archive,Subscribe - 3 Coffees Delivery,kapi-kottai:7312026108066,1,2023Q1,2023-02-05,False,True
Kapi Kottai,7312026108066,2024Q1,archive,Subscribe - 3 Coffees Delivery,kapi-kottai:7312026108066,1,2023Q1,2023-02-05,False,True
Kapi Kottai,7312026108066,2024Q3,archive,Subscribe - 3 Coffees Delivery,kapi-kottai:7312026108066,1,2023Q1,2023-02-05,False,True
Kapi Kottai,7312026108066,2024Q4,archive,Subscribe - 3 Coffees Delivery,kapi-kottai:7312026108066,1,2023Q1,2023-02-05,False,True
Kapi Kottai,7312026108066,2025Q1,archive,Subscribe - 3 Coffees Delivery,kapi-kottai:7312026108066,1,2023Q1,2023-02-05,False,True
Kapi Kottai,7312026108066,2025Q2,archive,Subscribe - 3 Coffees Delivery,kapi-kottai:7312026108066,1,2023Q1,2023-02-05,False,True
Kapi Kottai,7312026108066,2025Q3,archive,Subscribe - 3 Coffees Delivery,kapi-kottai:7312026108066,1,2023Q1,2023-02-05,False,True
Kapi Kottai,7312026108066,2026Q3,live,Subscribe - 3 Coffees Delivery,kapi-kottai:7312026108066,1,2023Q1,2023-02-05,False,True
Kapi Kottai,7312046031010,2023Q1,archive,Subscribe - 6 Coffees Delivery,kapi-kottai:7312046031010,1,2023Q1,2023-02-05,False,True
Kapi Kottai,7312046031010,2023Q2,archive,Subscribe - 6 Coffees Delivery,kapi-kottai:7312046031010,1,2023Q1,2023-02-05,False,True
Kapi Kottai,7312046031010,2023Q3,archive,Subscribe - 6 Coffees Delivery,kapi-kottai:7312046031010,1,2023Q1,2023-02-05,False,True
Kapi Kottai,7312046031010,2024Q1,archive,Subscribe - 6 Coffees Delivery,kapi-kottai:7312046031010,1,2023Q1,2023-02-05,False,True
Kapi Kottai,7312046031010,2024Q3,archive,Subscribe - 6 Coffees Delivery,kapi-kottai:7312046031010,1,2023Q1,2023-02-05,False,True
Kapi Kottai,7312046031010,2024Q4,archive,Subscribe - 6 Coffees Delivery,kapi-kottai:7312046031010,1,2023Q1,2023-02-05,False,True
Kapi Kottai,7312046031010,2025Q1,archive,Subscribe - 6 Coffees Delivery,kapi-kottai:7312046031010,1,2023Q1,2023-02-05,False,True
Kapi Kottai,7312046031010,2025Q2,archive,Subscribe - 6 Coffees Delivery,kapi-kottai:7312046031010,1,2023Q1,2023-02-05,False,True
Kapi Kottai,7312046031010,2025Q3,archive,Subscribe - 6 Coffees Delivery,kapi-kottai:7312046031010,1,2023Q1,2023-02-05,False,True
Kapi Kottai,7312046031010,2026Q3,live,Subscribe - 6 Coffees Delivery,kapi-kottai:7312046031010,1,2023Q1,2023-02-05,False,True
Kapi Kottai,7312360308898,2023Q1,archive,Subscribe - 12 Coffees Delivery,kapi-kottai:7312360308898,1,2023Q1,2023-02-05,False,True
Kapi Kottai,7312360308898,2023Q2,archive,Subscribe - 12 Coffees Delivery,kapi-kottai:7312360308898,1,2023Q1,2023-02-05,False,True
Kapi Kottai,7312360308898,2023Q3,archive,Subscribe - 12 Coffees Delivery,kapi-kottai:7312360308898,1,2023Q1,2023-02-05,False,True
Kapi Kottai,7312360308898,2024Q1,archive,Subscribe - 12 Coffees Delivery,kapi-kottai:7312360308898,1,2023Q1,2023-02-05,False,True
Kapi Kottai,7312360308898,2024Q3,archive,Subscribe - 12 Coffees Delivery,kapi-kottai:7312360308898,1,2023Q1,2023-02-05,False,True
Kapi Kottai,7312360308898,2024Q4,archive,Subscribe - 12 Coffees Delivery,kapi-kottai:7312360308898,1,2023Q1,2023-02-05,False,True
Kapi Kottai,7312360308898,2025Q1,archive,Subscribe - 12 Coffees Delivery,kapi-kottai:7312360308898,1,2023Q1,2023-02-05,False,True
Kapi Kottai,7312360308898,2025Q2,archive,Subscribe - 12 Coffees Delivery,kapi-kottai:7312360308898,1,2023Q1,2023-02-05,False,True
Kapi Kottai,7312360308898,2025Q3,archive,Subscribe - 12 Coffees Delivery,kapi-kottai:7312360308898,1,2023Q1,2023-02-05,False,True
Kapi Kottai,7312360308898,2026Q3,live,Subscribe - 12 Coffees Delivery,kapi-kottai:7312360308898,1,2023Q1,2023-02-05,False,True
Kapi Kottai,7514222428322,2023Q1,archive,Bahār,kapi-kottai:7514222428322,1,2023Q1,2023-02-05,False,True
Kapi Kottai,7514222428322,2023Q2,archive,Bahār,kapi-kottai:7514222428322,1,2023Q1,2023-02-05,False,True
Kapi Kottai,7514222428322,2024Q3,archive,Bahār,kapi-kottai:7514222428322,1,2023Q1,2023-02-05,False,True
Kapi Kottai,7514222428322,2025Q3,archive,Bahār,kapi-kottai:7514222428322,1,2023Q1,2023-02-05,False,True
Kapi Kottai,7550859182242,2023Q1,archive,Mind = Blown,kapi-kottai:7550859182242,1,2023Q1,2023-02-05,False,True
Kapi Kottai,7550859182242,2023Q2,archive,Mind = Blown,kapi-kottai:7550859182242,1,2023Q1,2023-02-05,False,True
Kapi Kottai,7550859182242,2023Q3,archive,Mind = Blown,kapi-kottai:7550859182242,1,2023Q1,2023-02-05,False,True
Kapi Kottai,7550859182242,2024Q1,archive,Mind = Blown,kapi-kottai:7550859182242,1,2023Q1,2023-02-05,False,True
Kapi Kottai,7550859182242,2024Q3,archive,Mind = Blown,kapi-kottai:7550859182242,1,2023Q1,2023-02-05,False,True
Kapi Kottai,7550859182242,2024Q4,archive,Mind = Blown,kapi-kottai:7550859182242,1,2023Q1,2023-02-05,False,True
Kapi Kottai,7550859182242,2025Q3,archive,Mind = Blown,kapi-kottai:7550859182242,1,2023Q1,2023-02-05,False,True
Kapi Kottai,7550859182242,2026Q3,live,Mind = Blown,kapi-kottai:7550859182242,1,2023Q1,2023-02-05,False,True
Kapi Kottai,7563613962402,2023Q1,archive,Navarōj,kapi-kottai:7563613962402,1,2023Q1,2023-02-05,False,True
Kapi Kottai,7563613962402,2023Q2,archive,Navarōj,kapi-kottai:7563613962402,1,2023Q1,2023-02-05,False,True
Kapi Kottai,7563621990562,2024Q1,archive,Mōhanakalyāni,kapi-kottai:7563621990562,1,2024Q1,2024-02-25,False,True
Kapi Kottai,7563621990562,2024Q3,archive,Mōhanakalyāni,kapi-kottai:7563621990562,1,2024Q1,2024-02-25,False,True
Kapi Kottai,7563621990562,2024Q4,archive,Mōhanakalyāni,kapi-kottai:7563621990562,1,2024Q1,2024-02-25,False,True
Kapi Kottai,7563621990562,2025Q1,archive,Mōhanakalyāni,kapi-kottai:7563621990562,1,2024Q1,2024-02-25,False,True
Kapi Kottai,7563621990562,2025Q2,archive,Mōhanakalyāni,kapi-kottai:7563621990562,1,2024Q1,2024-02-25,False,True
Kapi Kottai,7563621990562,2025Q3,archive,Mōhanakalyāni,kapi-kottai:7563621990562,1,2024Q1,2024-02-25,False,True
Kapi Kottai,7563621990562,2026Q3,live,Mōhanakalyāni,kapi-kottai:7563621990562,1,2024Q1,2024-02-25,False,True
Kapi Kottai,7661618626722,2023Q1,archive,Khamās,kapi-kottai:7661618626722,1,2023Q1,2023-02-05,False,True
Kapi Kottai,7661618626722,2023Q2,archive,Khamās,kapi-kottai:7661618626722,1,2023Q1,2023-02-05,False,True
Kapi Kottai,7661618626722,2023Q3,archive,Khamās,kapi-kottai:7661618626722,1,2023Q1,2023-02-05,False,True
Kapi Kottai,7661618626722,2024Q1,archive,Khamās,kapi-kottai:7661618626722,1,2023Q1,2023-02-05,False,True
Kapi Kottai,7661618626722,2024Q3,archive,Khamās,kapi-kottai:7661618626722,1,2023Q1,2023-02-05,False,True
Kapi Kottai,7746982772898,2023Q1,archive,Sārangā,kapi-kottai:7746982772898,1,2023Q1,2023-02-05,False,True
Kapi Kottai,7746982772898,2023Q2,archive,Sārangā,kapi-kottai:7746982772898,1,2023Q1,2023-02-05,False,True
Kapi Kottai,7850390290594,2023Q2,archive,Tōdi,kapi-kottai:7850390290594,1,2023Q2,2023-06-02,False,True
Kapi Kottai,7850390290594,2023Q3,archive,Tōdi,kapi-kottai:7850390290594,1,2023Q2,2023-06-02,False,True
Kapi Kottai,7850390290594,2024Q1,archive,Tōdi,kapi-kottai:7850390290594,1,2023Q2,2023-06-02,False,True
Kapi Kottai,7850390290594,2024Q3,archive,Tōdi,kapi-kottai:7850390290594,1,2023Q2,2023-06-02,False,True
Kapi Kottai,7850390290594,2024Q4,archive,Tōdi,kapi-kottai:7850390290594,1,2023Q2,2023-06-02,False,True
Kapi Kottai,7850390290594,2025Q1,archive,Tōdi,kapi-kottai:7850390290594,1,2023Q2,2023-06-02,False,True
Kapi Kottai,7850390290594,2025Q2,archive,Tōdi,kapi-kottai:7850390290594,1,2023Q2,2023-06-02,False,True
Kapi Kottai,7850390290594,2025Q3,archive,Tōdi,kapi-kottai:7850390290594,1,2023Q2,2023-06-02,False,True
Kapi Kottai,7850390290594,2026Q3,live,Tōdi,kapi-kottai:7850390290594,1,2023Q2,2023-06-02,False,True
Kapi Kottai,7850391470242,2023Q2,archive,Anuswaram # 1,kapi-kottai:7850391470242,1,2023Q2,2023-06-02,False,True
Kapi Kottai,8014013464738,2024Q1,archive,Ārabhi,kapi-kottai:8014013464738,1,2024Q1,2024-02-25,False,True
Kapi Kottai,8014013464738,2024Q3,archive,Ārabhi,kapi-kottai:8014013464738,1,2024Q1,2024-02-25,False,True
Kapi Kottai,8014013464738,2024Q4,archive,Ārabhi,kapi-kottai:8014013464738,1,2024Q1,2024-02-25,False,True
Kapi Kottai,8014013464738,2025Q1,archive,Ārabhi,kapi-kottai:8014013464738,1,2024Q1,2024-02-25,False,True
Kapi Kottai,8014013464738,2025Q2,archive,Ārabhi,kapi-kottai:8014013464738,1,2024Q1,2024-02-25,False,True
Kapi Kottai,8014013464738,2025Q3,archive,Ārabhi,kapi-kottai:8014013464738,1,2024Q1,2024-02-25,False,True
Kapi Kottai,8014013464738,2026Q3,live,Ārabhi,kapi-kottai:8014013464738,1,2024Q1,2024-02-25,False,True
Kapi Kottai,8014097219746,2024Q1,archive,Kēdāram,kapi-kottai:8014097219746,1,2024Q1,2024-02-25,False,True
Kapi Kottai,8014097219746,2024Q3,archive,Kēdāram,kapi-kottai:8014097219746,1,2024Q1,2024-02-25,False,True
Kapi Kottai,8014097219746,2025Q1,archive,Kēdāram,kapi-kottai:8014097219746,1,2024Q1,2024-02-25,False,True
Kapi Kottai,8014097219746,2025Q2,archive,Kēdāram,kapi-kottai:8014097219746,1,2024Q1,2024-02-25,False,True
Kapi Kottai,8035667935394,2024Q1,archive,Anuswaram #2,kapi-kottai:8035667935394,1,2024Q1,2024-02-25,False,True
Kapi Kottai,8035667935394,2024Q3,archive,Anuswaram #2,kapi-kottai:8035667935394,1,2024Q1,2024-02-25,False,True
Kapi Kottai,8130731376802,2024Q1,archive,Kāmbhōji,kapi-kottai:8130731376802,1,2024Q1,2024-02-25,False,True
Kapi Kottai,8130731376802,2024Q3,archive,Kāmbhōji,kapi-kottai:8130731376802,1,2024Q1,2024-02-25,False,True
Kapi Kottai,8130731376802,2025Q1,archive,Kāmbhōji,kapi-kottai:8130731376802,1,2024Q1,2024-02-25,False,True
Kapi Kottai,8130731376802,2025Q2,archive,Kāmbhōji,kapi-kottai:8130731376802,1,2024Q1,2024-02-25,False,True
Kapi Kottai,8132151607458,2024Q1,archive,Abhyāsa,kapi-kottai:8132151607458,1,2024Q1,2024-02-25,False,True
Kapi Kottai,8132151607458,2024Q3,archive,Abhyāsa,kapi-kottai:8132151607458,1,2024Q1,2024-02-25,False,True
Kapi Kottai,8150518136994,2024Q1,archive,Anuswaram #3,kapi-kottai:8150518136994,1,2024Q1,2024-02-25,False,True
Kapi Kottai,8150518136994,2024Q3,archive,Anuswaram #3,kapi-kottai:8150518136994,1,2024Q1,2024-02-25,False,True
Kapi Kottai,8190021992610,2024Q1,archive,Bihāg,kapi-kottai:8190021992610,1,2024Q1,2024-02-25,False,True
Kapi Kottai,8190021992610,2024Q3,archive,Bihāg,kapi-kottai:8190021992610,1,2024Q1,2024-02-25,False,True
Kapi Kottai,8419573432482,2024Q3,archive,Sahānā,kapi-kottai:8419573432482,1,2024Q3,2024-07-19,False,True
Kapi Kottai,8419573432482,2024Q4,archive,Sahānā,kapi-kottai:8419573432482,1,2024Q3,2024-07-19,False,True
Kapi Kottai,8419573432482,2025Q1,archive,Sahānā,kapi-kottai:8419573432482,1,2024Q3,2024-07-19,False,True
Kapi Kottai,8419573432482,2025Q2,archive,Sahānā,kapi-kottai:8419573432482,1,2024Q3,2024-07-19,False,True
Kapi Kottai,8419573432482,2025Q3,archive,Sahānā,kapi-kottai:8419573432482,1,2024Q3,2024-07-19,False,True
Kapi Kottai,8490971824290,2024Q4,archive,Kurinji,kapi-kottai:8490971824290,1,2024Q4,2024-12-02,False,True
Kapi Kottai,8538648281250,2024Q4,archive,Dēvagāndhāri,kapi-kottai:8538648281250,1,2024Q4,2024-12-02,False,True
Kapi Kottai,8610327462050,2025Q2,archive,Anuswaram #5,kapi-kottai:8610327462050,1,2025Q2,2025-05-12,False,True
Kapi Kottai,8610331754658,2025Q2,archive,Natābharanam,kapi-kottai:8610331754658,1,2025Q2,2025-05-12,False,True
Kapi Kottai,8875835523234,2026Q3,live,Nalinakānti,kapi-kottai:8875835523234,1,2026Q3,2026--0-9-,False,True
Kapi Kottai,8939751833762,2026Q3,live,Pūrnashadjam,kapi-kottai:8939751833762,1,2026Q3,2026--0-9-,False,True
Kapi Kottai,9225829548194,2026Q3,live,Hamsanādam,kapi-kottai:9225829548194,1,2026Q3,2026--0-9-,False,True
Subko,4749543342139,2023Q1,archive,Woodway Estate (Washed Process),subko:4749543342139,1,2023Q1,2023-01-29,False,True
Subko,4749543342139,2023Q2,archive,Woodway Estate (Washed Process),subko:4749543342139,1,2023Q1,2023-01-29,False,True
Subko,7267248930970,2023Q1,archive,"Kerehaklu Washed Experience - Medium, Medium Light [Set of 2 x 100g each]",subko:7267248930970,1,2023Q1,2023-01-29,False,True
Subko,7469719584922,2023Q1,archive,"Specialty Cascara: 'Loose Leaf Tea' - Single Origin, Ampthill Downs, Tamil Nadu",subko:7469719584922,1,2023Q1,2023-01-29,False,True
Subko,7515333066906,2023Q1,archive,Kerehaklu Estate: Lot UDA - Monitor Washed (Medium Roast),subko:7515333066906,1,2023Q1,2023-01-29,False,True
Subko,7515336310938,2023Q1,archive,Kerehaklu Estate: Lot UDA - Monitor Washed (Medium-Light Roast),subko:7515336310938,1,2023Q1,2023-01-29,False,True
Subko,7588218437786,2024Q1,archive,Specialty Excelsa: Mooleh Manay Estate - Lot Sante - (Medium Roast),subko:7588218437786,1,2024Q1,2024-01-18,False,True
Subko,7629440581786,2023Q1,archive,Project Sankalp: (86+) - Lot #61 (Medium Roast),subko:7629440581786,1,2023Q1,2023-01-29,False,True
Subko,7629501923482,2023Q1,archive,Ampthill Downs: Lot #08 (Medium Roast),subko:7629501923482,1,2023Q1,2023-01-29,False,True
Subko,7629523386522,2023Q1,archive,Ampthill Downs: Lot #24 (Medium-Dark Roast),subko:7629523386522,1,2023Q1,2023-01-29,False,True
Subko,7636659568794,2023Q1,archive,Subko Portable Pourover [Project Sankalp (SCA 86+): Lot #61 (Medium Roast)],subko:7636659568794,1,2023Q1,2023-01-29,False,True
Subko,7703269245082,2023Q2,archive,"Project Seven Sisters: Dima Hasao, Assam - Lot #DH-2 (Medium-Dark Roast)",subko:7703269245082,1,2023Q2,2023-05-28,False,True
Subko,7703269245082,2023Q4,archive,"Project Seven Sisters: Dima Hasao, Assam - Lot #DH-2 (Medium-Dark Roast)",subko:7703269245082,1,2023Q2,2023-05-28,False,True
Subko,7703287595162,2023Q2,archive,"Project Seven Sisters: Jampui, Tripura - Lot #1000 (Medium Roast)",subko:7703287595162,1,2023Q2,2023-05-28,False,True
Subko,7703290118298,2023Q2,archive,"Project Seven Sisters: Mokokchung, Nagaland - Lot #N-02 (Medium Roast)",subko:7703290118298,1,2023Q2,2023-05-28,False,True
Subko,7718937723034,2023Q2,archive,Ampthill Downs: Lot #63 (Medium Roast),subko:7718937723034,1,2023Q2,2023-05-28,False,True
Subko,7718998769818,2023Q2,archive,Ampthill Downs: Lot #03 (Medium-Light Roast),subko:7718998769818,1,2023Q2,2023-05-28,False,True
Subko,7768723488922,2023Q2,archive,Project Pearl: Ratnagiri Estate - Lot #SH3 (SCA 86+) (Medium Roast),subko:7768723488922,1,2023Q2,2023-05-28,False,True
Subko,7768750227610,2023Q2,archive,Project Pearl: Ratnagiri Estate - Lot #SN3 (SCA 88+) (Medium Roast),subko:7768750227610,1,2023Q2,2023-05-28,False,True
Subko,7768753406106,2023Q2,archive,Project Pearl: Ratnagiri Estate - Lot #SRN2 (SCA 88+) (Medium Roast),subko:7768753406106,1,2023Q2,2023-05-28,False,True
Subko,7788211830938,2023Q2,archive,"Specialty Cascara: 'Loose Leaf Tea' - Single Origin, Ratnagiri Estate, Karnataka",subko:7788211830938,1,2023Q2,2023-05-28,False,True
Subko,7788211830938,2023Q4,archive,"Specialty Cascara: 'Loose Leaf Tea' - Single Origin, Ratnagiri Estate, Karnataka",subko:7788211830938,1,2023Q2,2023-05-28,False,True
Subko,7788211830938,2024Q1,archive,"Specialty Cascara: 'Loose Leaf Tea' - Single Origin, Ratnagiri Estate, Karnataka",subko:7788211830938,1,2023Q2,2023-05-28,False,True
Subko,7790210416794,2023Q2,archive,Specialty Liberica: Salawara Estate - Lot #1730 (Medium Roast),subko:7790210416794,1,2023Q2,2023-05-28,False,True
Subko,7790222082202,2023Q2,archive,Specialty Liberica: Salawara Estate - Lot #1731 (Medium Roast),subko:7790222082202,1,2023Q2,2023-05-28,False,True
Subko,7790303674522,2023Q2,archive,Project Seven Sisters: Garo Robusta (Medium-Dark),subko:7790303674522,1,2023Q2,2023-05-28,False,True
Subko,7790303674522,2023Q4,archive,Project Seven Sisters: Garo Robusta (Medium-Dark),subko:7790303674522,1,2023Q2,2023-05-28,False,True
Subko,7805478305946,2023Q2,archive,Specialty Arabica: Salawara Estate - Lot #1636 (Medium Roast),subko:7805478305946,1,2023Q2,2023-05-28,False,True
Subko,7805490659482,2023Q2,archive,Specialty Arabica: Salawara Estate - Lot #1617 (Medium Roast),subko:7805490659482,1,2023Q2,2023-05-28,False,True
Subko,7902418862234,2023Q4,archive,Specialty Excelsa : Mooleh Manay Estate - Lot #Drakshi (Medium Roast),subko:7902418862234,1,2023Q4,2023-11-30,False,True
Subko,7912380858522,2024Q1,archive,"Lot #SV04 - SUBKO VLGE: Co-operative Agriculture (88+): Paderu Valley, Osmosis Naturals (Medium Roast)",subko:7912380858522,1,2024Q1,2024-01-18,False,True
Subko,7915846992026,2024Q1,archive,"Lot #SV02 - SUBKO VLGE: Co-operative Agriculture (86+): Paderu Valley, Juni-grape Naturals (Medium Roast)",subko:7915846992026,1,2024Q1,2024-01-18,False,True
Subko,7926711976090,2023Q4,archive,Project Pearl: Ratnagiri Estate - Lot #DG (SCA 86+) (Medium Roast),subko:7926711976090,1,2023Q4,2023-11-30,False,True
Subko,7941501386906,2023Q4,archive,"Project Seven Sisters: Dima Hasao, Assam - Lot #DH-1 (Medium Roast)",subko:7941501386906,1,2023Q4,2023-11-30,False,True
Subko,7947167301786,2023Q4,archive,Project Pearl: Ratnagiri Estate - Lot #SRN1 (SCA 90+) (Medium Roast),subko:7947167301786,1,2023Q4,2023-11-30,False,True
Subko,7947167301786,2024Q1,archive,Project Pearl: Ratnagiri Estate - Lot #SRN1 (SCA 90+) (Medium Roast),subko:7947167301786,1,2023Q4,2023-11-30,False,True
Subko,7967941755034,2023Q4,archive,"Lot #SV07 - SUBKO VLGE: Co-operative Agriculture (86+): Paderu Valley, Dobarra Washed (Medium Roast)",subko:7967941755034,1,2023Q4,2023-11-30,False,True
Subko,7968091439258,2023Q4,archive,"Project Seven Sisters: Mokokchung, Nagaland - Lot #N-03 (Medium Roast)",subko:7968091439258,1,2023Q4,2023-11-30,False,True
Subko,7968091439258,2024Q1,archive,"Project Seven Sisters: Mokokchung, Nagaland - Lot #N-03 (Medium Roast)",subko:7968091439258,1,2023Q4,2023-11-30,False,True
Subko,7968094519450,2023Q4,archive,Project Sankalp Garo Hills (SCA 88+) - Lot #GO-22 (Medium Roast),subko:7968094519450,1,2023Q4,2023-11-30,False,True
Subko,7999380881562,2024Q1,archive,Kerehaklu Estate: Lot Bili Meen - Washed Process (Medium Roast),subko:7999380881562,1,2024Q1,2024-01-18,False,True
Subko,8004747362458,2024Q3,archive,"Subko VLGE, Paderu, Andhra Pradesh - Gurram Hand Washed (Medium Roast)",subko:8004754735258,1,2024Q3,2024-09-15,False,True
Subko,8004747362458,2025Q2,archive,"Subko VLGE, Paderu, Andhra Pradesh - Gurram Hand Washed (Medium Roast)",subko:8004754735258,1,2024Q3,2024-09-15,False,True
Subko,8004747362458,2025Q3,archive,"Subko VLGE, Paderu, Andhra Pradesh - Gurram Hand Washed (Medium Roast)",subko:8004754735258,1,2024Q3,2024-09-15,False,True
Subko,8004747362458,2026Q3,live,"Subko VLGE, Paderu, Andhra Pradesh | Lot #SV09 Gurram Hand Washed | Medium Roast",subko:8004754735258,1,2024Q3,2024-09-15,False,True
Subko,8004754735258,2024Q1,archive,"Lot #SV09 - SUBKO VLGE: Co-operative Agriculture (86+): Paderu Valley, Gurram Hand Washed (Medium Roast)",subko:8004754735258,1,2024Q1,2024-01-18,False,True
Subko,8011895341210,2024Q1,archive,Specialty Arabica: Salawara Estate - Lot #1532 (Medium Roast),subko:8011895341210,1,2024Q1,2024-01-18,False,True
Subko,8016148005018,2024Q1,archive,The Spirit Series: Cask Barrel Aged - Lot #SV09 (Medium Roast),subko:8016148005018,1,2024Q1,2024-01-18,False,True
Subko,8016151904410,2024Q3,archive,"The Spirit Series: Subko VLGE, Paderu, Andhra Pradesh - Cask Barrel Aged (Medium Roast)",subko:8016148005018,1,2024Q3,2024-09-15,False,True
Subko,8016151904410,2025Q1,archive,"The Spirit Series: Subko VLGE, Paderu, Andhra Pradesh - Cask Barrel Aged (Medium Roast)",subko:8016148005018,1,2024Q3,2024-09-15,False,True
Subko,8016151904410,2025Q2,archive,"The Spirit Series: Subko VLGE, Paderu, Andhra Pradesh - Cask Barrel Aged (Medium Roast)",subko:8016148005018,1,2024Q3,2024-09-15,False,True
Subko,8016502325402,2024Q1,archive,Project Pearl: Ratnagiri Estate - Lot #RM2 (SCA 88+) (Medium Roast),subko:8016502325402,1,2024Q1,2024-01-18,False,True
Subko,8017414684826,2024Q1,archive,Kalledevarapura Estate: Lot #22 - Anaerobic Yeast Naturals (Medium Roast),subko:8017414684826,1,2024Q1,2024-01-18,False,True
Subko,8017416781978,2024Q1,archive,"Project Seven Sisters: Dima Hasao, Assam, Lot #1/211 - Traditional Naturals (Medium Roast)",subko:8017416781978,1,2024Q1,2024-01-18,False,True
Subko,8062078419098,2024Q3,archive,"Project Seven Sisters, Zora, Mizoram - Washed Process (Medium Roast)",subko:8062078419098,1,2024Q3,2024-09-15,False,True
Subko,8310013296794,2024Q3,archive,"Specialty Liberica, Salawara Estate, Karnataka, India - Anaerobic Fermented Natural (Medium Roast)",subko:8310013296794,1,2024Q3,2024-09-15,False,True
Subko,8351945851034,2024Q3,archive,"Kalledevarapura Estate, Karnataka - Koji Fermented Naturals (Med-Light Roast)",subko:8351945851034,1,2024Q3,2024-09-15,False,True
Subko,8385397293210,2025Q1,archive,"Specialty Excelsa (SCA 86+): Mooleh Manay Estate, Coorg, Karnataka, India: Lot #Kempu - Black Honey (Medium Roast)",subko:8385397293210,1,2025Q1,2025-02-11,False,True
Subko,8385397293210,2025Q2,archive,"Specialty Excelsa (SCA 86+): Mooleh Manay Estate, Coorg, Karnataka, India: Lot #Kempu - Black Honey (Medium Roast)",subko:8385397293210,1,2025Q1,2025-02-11,False,True
Subko,8393752543386,2025Q1,archive,Pourtable Pourover [ Box of 6] (84g): The Subko VLGE Blend,subko:8393752543386,1,2025Q1,2025-02-11,False,True
Subko,8393752543386,2025Q2,archive,Pourtable Pourover [ Box of 6] (84g): The Subko VLGE Blend,subko:8393752543386,1,2025Q1,2025-02-11,False,True
Subko,8393752543386,2025Q3,archive,Pourtable Pourover [ Box of 6] (84g): The Subko VLGE Blend,subko:8393752543386,1,2025Q1,2025-02-11,False,True
Subko,8393752543386,2026Q3,live,Pourtable Pourover [ Box of 6] (84g): The Subko VLGE Blend,subko:8393752543386,1,2025Q1,2025-02-11,False,True
Subko,8393753002138,2025Q1,archive,"Pourtable Pourover [ Box of 6 ] (84g): The Project Pearl, Ratnagiri Estate, Karnataka",subko:8393753002138,1,2025Q1,2025-02-11,False,True
Subko,8393753002138,2025Q2,archive,"Pourtable Pourover [ Box of 6 ] (84g): The Project Pearl, Ratnagiri Estate, Karnataka",subko:8393753002138,1,2025Q1,2025-02-11,False,True
Subko,8393753002138,2025Q3,archive,"Pourtable Pourover [ Box of 6 ] (84g): The Project Pearl, Ratnagiri Estate, Karnataka",subko:8393753002138,1,2025Q1,2025-02-11,False,True
Subko,8393753002138,2026Q3,live,"Pourtable Pourover [ Box of 6 ] (84g): The Project Pearl, Ratnagiri Estate, Karnataka",subko:8393753002138,1,2025Q1,2025-02-11,False,True
Subko,8397848805530,2025Q1,archive,Specialty Robusta: Salawara Estate: Lot #1507 - Yeast Fermented Honey Process (Medium-Dark Roast),subko:8397848805530,1,2025Q1,2025-02-11,False,True
Subko,8408195006618,2025Q1,archive,"Project Sankalp Garo Hills, Meghalaya (SCA 86+): Lot #OC-15A - Anaerobic Slow Dry Naturals (Medium-Light Roast)",subko:8408195006618,1,2025Q1,2025-02-11,False,True
Subko,8408195006618,2025Q2,archive,"Project Sankalp Garo Hills, Meghalaya (SCA 86+): Lot #OC-15A - Anaerobic Slow Dry Naturals (Medium-Light Roast)",subko:8408195006618,1,2025Q1,2025-02-11,False,True
Subko,8421173756058,2025Q1,archive,"Project Pearl, Ratnagiri Estate, Karnataka - Lot #3/1: Anaerobic Naturals (Medium-Light Roast)",subko:8421173756058,1,2025Q1,2025-02-11,False,True
Subko,8426416603290,2025Q1,archive,"Specialty Excelsa (SCA 86+): Mooleh Manay Estate, Coorg, Karnataka, India: Lot #SICC-01 - 48 HRS Yeast Inoculated Naturals (Medium Roast)",subko:8426416603290,1,2025Q1,2025-02-11,False,True
Subko,8461296631962,2025Q2,archive,"Project Pearl, Ratnagiri Estate, Karnataka (SCA 86+): Alchemy - Naturals (Medium-Light Roast)",subko:8461296631962,1,2025Q2,2025-05-12,False,True
Subko,8495830892698,2025Q3,archive,"Gunibylu Estate : G 25, Karnataka : Anaerobic Yeast Naturals (Medium Dark Roast)",subko:8495830892698,1,2025Q3,2025-08-08,False,True
Subko,8582184960154,2025Q3,archive,"Subko VLGE : Gandha, Andhra Pradesh : Lot TK/003 - Submarine Method (Medium Roast)",subko:8582184960154,1,2025Q3,2025-08-08,False,True
Subko,8621159645338,2026Q3,live,"Project Pearl, Ratnagiri Estate, Karnataka (SCA 86+): Culture Naturals + Anaerobic Naturals: Filter Roast (Light)",subko:8621159645338,1,2026Q3,2026--0-9-,False,True
Subko,9031691239578,2026Q3,live,"Project Pearl, Ratnagiri Estate, Karnataka (SCA 85+): Naturals + Anaerobic Honey: Omni Roast (Medium)",subko:9031691239578,1,2026Q3,2026--0-9-,False,True
Subko,9047992434842,2026Q3,live,"Project Yung Gun : Kerehaklu Estate, Karnataka : Lot CW3 - Aerobic Washed (Light Filter Roast)",subko:9047992434842,1,2026Q3,2026--0-9-,False,True
Subko,9111264166042,2026Q3,live,"Project Giri : Kalledevarapura Estate, Karnataka: Thermal Shock (Medium Roast)",subko:9111264166042,1,2026Q3,2026--0-9-,False,True
Subko,9134810267802,2026Q3,live,"Subcontinental Khandaan : Nepal Flood Relief : Project Everest : Lekali Estate, Taplejung Changray Nepal- Anaerobic Naturals (Medium Roast)",subko:9134810267802,1,2026Q3,2026--0-9-,False,True
Subko,9148787785882,2026Q3,live,"Project Salawara Bros.: Lot 556, Salawara Estate, Karnataka: Carbonic Maceration HSD, Omniroast (Medium)",subko:9148787785882,1,2026Q3,2026--0-9-,False,True
Subko,9148811673754,2026Q3,live,"Project Sankalp Garo Hills, Meghalaya (SCA 87): Lot #GS-Traditional Naturals (Medium Roast)",subko:9148811673754,1,2026Q3,2026--0-9-,False,True
Third Wave Coffee,6795616092230,2023Q1,archive,Vienna Roast,third-wave-coffee:6795616092230,1,2023Q1,2023-01-28,False,True
Third Wave Coffee,6795616092230,2023Q2,archive,Vienna Roast,third-wave-coffee:6795616092230,1,2023Q1,2023-01-28,False,True
Third Wave Coffee,6795616092230,2023Q3,archive,Vienna Roast,third-wave-coffee:6795616092230,1,2023Q1,2023-01-28,False,True
Third Wave Coffee,6795616092230,2023Q4,archive,Vienna Roast,third-wave-coffee:6795616092230,1,2023Q1,2023-01-28,False,True
Third Wave Coffee,6795616092230,2024Q2,archive,Vienna Roast,third-wave-coffee:6795616092230,1,2023Q1,2023-01-28,False,True
Third Wave Coffee,6795616092230,2024Q3,archive,Vienna Roast,third-wave-coffee:6795616092230,1,2023Q1,2023-01-28,False,True
Third Wave Coffee,6795616092230,2024Q4,archive,Vienna Roast,third-wave-coffee:6795616092230,1,2023Q1,2023-01-28,False,True
Third Wave Coffee,6795616092230,2025Q1,archive,Vienna Roast,third-wave-coffee:6795616092230,1,2023Q1,2023-01-28,False,True
Third Wave Coffee,6795616092230,2025Q2,archive,Vienna Roast,third-wave-coffee:6795616092230,1,2023Q1,2023-01-28,False,True
Third Wave Coffee,6795616092230,2025Q3,archive,Vienna Roast,third-wave-coffee:6795616092230,1,2023Q1,2023-01-28,False,True
Third Wave Coffee,6795616092230,2025Q4,archive,Vienna Roast,third-wave-coffee:6795616092230,1,2023Q1,2023-01-28,False,True
Third Wave Coffee,6795616092230,2026Q2,archive,Vienna Roast,third-wave-coffee:6795616092230,1,2023Q1,2023-01-28,False,True
Third Wave Coffee,6795616092230,2026Q3,live,Vienna Roast,third-wave-coffee:6795616092230,1,2023Q1,2023-01-28,False,True
Third Wave Coffee,6795616124998,2023Q1,archive,Baarbara Estate,third-wave-coffee:6795616124998,1,2023Q1,2023-01-28,False,True
Third Wave Coffee,6795616124998,2023Q2,archive,Baarbara Estate,third-wave-coffee:6795616124998,1,2023Q1,2023-01-28,False,True
Third Wave Coffee,6795616256070,2023Q1,archive,El Diablo Blend,third-wave-coffee:6795616256070,1,2023Q1,2023-01-28,False,True
Third Wave Coffee,6795616256070,2023Q2,archive,El Diablo Blend,third-wave-coffee:6795616256070,1,2023Q1,2023-01-28,False,True
Third Wave Coffee,6795616256070,2023Q3,archive,El Diablo Blend,third-wave-coffee:6795616256070,1,2023Q1,2023-01-28,False,True
Third Wave Coffee,6795616256070,2023Q4,archive,El Diablo Blend,third-wave-coffee:6795616256070,1,2023Q1,2023-01-28,False,True
Third Wave Coffee,6795616256070,2024Q2,archive,El Diablo Blend,third-wave-coffee:6795616256070,1,2023Q1,2023-01-28,False,True
Third Wave Coffee,6795616256070,2024Q3,archive,El Diablo Blend,third-wave-coffee:6795616256070,1,2023Q1,2023-01-28,False,True
Third Wave Coffee,6795616256070,2024Q4,archive,El Diablo,third-wave-coffee:6795616256070,1,2023Q1,2023-01-28,False,True
Third Wave Coffee,6795616256070,2025Q1,archive,El Diablo,third-wave-coffee:6795616256070,1,2023Q1,2023-01-28,False,True
Third Wave Coffee,6795616256070,2025Q2,archive,El Diablo,third-wave-coffee:6795616256070,1,2023Q1,2023-01-28,False,True
Third Wave Coffee,6795616256070,2025Q3,archive,El Diablo,third-wave-coffee:6795616256070,1,2023Q1,2023-01-28,False,True
Third Wave Coffee,6795616256070,2025Q4,archive,El Diablo,third-wave-coffee:6795616256070,1,2023Q1,2023-01-28,False,True
Third Wave Coffee,6795616256070,2026Q2,archive,El Diablo,third-wave-coffee:6795616256070,1,2023Q1,2023-01-28,False,True
Third Wave Coffee,6795616256070,2026Q3,live,El Diablo,third-wave-coffee:6795616256070,1,2023Q1,2023-01-28,False,True
Third Wave Coffee,6795616387142,2023Q1,archive,Signature South Indian Filter Blend,third-wave-coffee:6795616387142,1,2023Q1,2023-01-28,False,True
Third Wave Coffee,6795616387142,2023Q2,archive,Signature South Indian Filter Blend,third-wave-coffee:6795616387142,1,2023Q1,2023-01-28,False,True
Third Wave Coffee,6795616387142,2023Q3,archive,Signature South Indian Filter Blend,third-wave-coffee:6795616387142,1,2023Q1,2023-01-28,False,True
Third Wave Coffee,6795616387142,2023Q4,archive,Signature South Indian Filter Blend,third-wave-coffee:6795616387142,1,2023Q1,2023-01-28,False,True
Third Wave Coffee,6795616387142,2024Q2,archive,Signature South Indian Filter Blend,third-wave-coffee:6795616387142,1,2023Q1,2023-01-28,False,True
Third Wave Coffee,6795616387142,2024Q3,archive,Signature South Indian Filter Blend,third-wave-coffee:6795616387142,1,2023Q1,2023-01-28,False,True
Third Wave Coffee,6795616387142,2024Q4,archive,Signature South Indian Filter,third-wave-coffee:6795616387142,1,2023Q1,2023-01-28,False,True
Third Wave Coffee,6795616387142,2025Q1,archive,Signature South Indian Filter,third-wave-coffee:6795616387142,1,2023Q1,2023-01-28,False,True
Third Wave Coffee,6795616387142,2025Q2,archive,Signature South Indian Filter,third-wave-coffee:6795616387142,1,2023Q1,2023-01-28,False,True
Third Wave Coffee,6795616387142,2025Q3,archive,Signature South Indian Filter,third-wave-coffee:6795616387142,1,2023Q1,2023-01-28,False,True
Third Wave Coffee,6795616387142,2025Q4,archive,Signature South Indian Filter,third-wave-coffee:6795616387142,1,2023Q1,2023-01-28,False,True
Third Wave Coffee,6795616387142,2026Q2,archive,Signature South Indian Filter,third-wave-coffee:6795616387142,1,2023Q1,2023-01-28,False,True
Third Wave Coffee,6795616387142,2026Q3,live,Signature South Indian Filter,third-wave-coffee:6795616387142,1,2023Q1,2023-01-28,False,True
Third Wave Coffee,6795647483974,2023Q1,archive,French Roast,third-wave-coffee:6795647483974,1,2023Q1,2023-01-28,False,True
Third Wave Coffee,6795647483974,2023Q2,archive,French Roast,third-wave-coffee:6795647483974,1,2023Q1,2023-01-28,False,True
Third Wave Coffee,6795647483974,2023Q3,archive,French Roast,third-wave-coffee:6795647483974,1,2023Q1,2023-01-28,False,True
Third Wave Coffee,6795647483974,2023Q4,archive,French Roast,third-wave-coffee:6795647483974,1,2023Q1,2023-01-28,False,True
Third Wave Coffee,6795647483974,2024Q2,archive,French Roast,third-wave-coffee:6795647483974,1,2023Q1,2023-01-28,False,True
Third Wave Coffee,6795647483974,2024Q3,archive,French Roast,third-wave-coffee:6795647483974,1,2023Q1,2023-01-28,False,True
Third Wave Coffee,6795647483974,2024Q4,archive,French Roast,third-wave-coffee:6795647483974,1,2023Q1,2023-01-28,False,True
Third Wave Coffee,6795647483974,2025Q1,archive,French Roast,third-wave-coffee:6795647483974,1,2023Q1,2023-01-28,False,True
Third Wave Coffee,6795647483974,2025Q2,archive,French Roast,third-wave-coffee:6795647483974,1,2023Q1,2023-01-28,False,True
Third Wave Coffee,6795647483974,2025Q3,archive,French Roast,third-wave-coffee:6795647483974,1,2023Q1,2023-01-28,False,True
Third Wave Coffee,6795647483974,2025Q4,archive,French Roast,third-wave-coffee:6795647483974,1,2023Q1,2023-01-28,False,True
Third Wave Coffee,6795647483974,2026Q2,archive,French Roast,third-wave-coffee:6795647483974,1,2023Q1,2023-01-28,False,True
Third Wave Coffee,6795647483974,2026Q3,live,French Roast,third-wave-coffee:6795647483974,1,2023Q1,2023-01-28,False,True
Third Wave Coffee,6795649613894,2023Q1,archive,Signature Cold Brew Blend,third-wave-coffee:6795649613894,1,2023Q1,2023-01-28,False,True
Third Wave Coffee,6795649613894,2023Q2,archive,Signature Cold Brew Blend,third-wave-coffee:6795649613894,1,2023Q1,2023-01-28,False,True
Third Wave Coffee,6795651940422,2023Q1,archive,Bettadakhan Estate,third-wave-coffee:6795651940422,1,2023Q1,2023-01-28,False,True
Third Wave Coffee,6795651940422,2023Q2,archive,Bettadakhan Estate,third-wave-coffee:6795651940422,1,2023Q1,2023-01-28,False,True
Third Wave Coffee,6795651973190,2023Q1,archive,Monsoon Malabar AA,third-wave-coffee:6795651973190,1,2023Q1,2023-01-28,False,True
Third Wave Coffee,6795651973190,2023Q2,archive,Monsoon Malabar AA,third-wave-coffee:6795651973190,1,2023Q1,2023-01-28,False,True
Third Wave Coffee,6795651973190,2023Q3,archive,Monsoon Malabar AA,third-wave-coffee:6795651973190,1,2023Q1,2023-01-28,False,True
Third Wave Coffee,6795651973190,2023Q4,archive,Monsoon Malabar,third-wave-coffee:6795651973190,1,2023Q1,2023-01-28,False,True
Third Wave Coffee,6795651973190,2024Q2,archive,Monsoon Malabar,third-wave-coffee:6795651973190,1,2023Q1,2023-01-28,False,True
Third Wave Coffee,6795651973190,2024Q3,archive,Monsoon Malabar,third-wave-coffee:6795651973190,1,2023Q1,2023-01-28,False,True
Third Wave Coffee,6795651973190,2024Q4,archive,Monsoon Malabar,third-wave-coffee:6795651973190,1,2023Q1,2023-01-28,False,True
Third Wave Coffee,6795651973190,2025Q1,archive,Monsoon Malabar,third-wave-coffee:6795651973190,1,2023Q1,2023-01-28,False,True
Third Wave Coffee,6795651973190,2025Q2,archive,Monsoon Malabar,third-wave-coffee:6795651973190,1,2023Q1,2023-01-28,False,True
Third Wave Coffee,6795651973190,2025Q3,archive,Monsoon Malabar,third-wave-coffee:6795651973190,1,2023Q1,2023-01-28,False,True
Third Wave Coffee,6795651973190,2025Q4,archive,Monsoon Malabar,third-wave-coffee:6795651973190,1,2023Q1,2023-01-28,False,True
Third Wave Coffee,6795651973190,2026Q2,archive,Monsoon Malabar,third-wave-coffee:6795651973190,1,2023Q1,2023-01-28,False,True
Third Wave Coffee,6795651973190,2026Q3,live,Monsoon Malabar,third-wave-coffee:6795651973190,1,2023Q1,2023-01-28,False,True
Third Wave Coffee,7164334211142,2023Q3,archive,Speciality Single Origin Bababudangiri Region,third-wave-coffee:7164334211142,1,2023Q3,2023-09-26,False,True
Third Wave Coffee,7164334211142,2023Q4,archive,Speciality Single Origin Bababudangiri Region,third-wave-coffee:7164334211142,1,2023Q3,2023-09-26,False,True
Third Wave Coffee,7164334211142,2024Q2,archive,Speciality Single Origin Bababudangiri Region,third-wave-coffee:7164334211142,1,2023Q3,2023-09-26,False,True
Third Wave Coffee,7164334211142,2024Q3,archive,Speciality Single Origin Bababudangiri Region,third-wave-coffee:7164334211142,1,2023Q3,2023-09-26,False,True
Third Wave Coffee,7164334211142,2024Q4,archive,Speciality Single Origin Bababudangiri Region,third-wave-coffee:7164334211142,1,2023Q3,2023-09-26,False,True
Third Wave Coffee,7164334211142,2025Q1,archive,Speciality Single Origin Bababudangiri Region,third-wave-coffee:7164334211142,1,2023Q3,2023-09-26,False,True
Third Wave Coffee,7164334211142,2025Q2,archive,Speciality Single Origin Bababudangiri Region,third-wave-coffee:7164334211142,1,2023Q3,2023-09-26,False,True
Third Wave Coffee,7164334211142,2025Q3,archive,Speciality Single Origin Bababudangiri Region,third-wave-coffee:7164334211142,1,2023Q3,2023-09-26,False,True
Third Wave Coffee,7164334211142,2025Q4,archive,Speciality Single Origin Bababudangiri Region,third-wave-coffee:7164334211142,1,2023Q3,2023-09-26,False,True
Third Wave Coffee,7164334211142,2026Q2,archive,Speciality Single Origin Bababudangiri Region,third-wave-coffee:7164334211142,1,2023Q3,2023-09-26,False,True
Third Wave Coffee,7164334211142,2026Q3,live,Speciality Single Origin Bababudangiri Region,third-wave-coffee:7164334211142,1,2023Q3,2023-09-26,False,True
Third Wave Coffee,7164340961350,2023Q3,archive,Speciality Single Origin Chikmagalur Region,third-wave-coffee:7164340961350,1,2023Q3,2023-09-26,False,True
Third Wave Coffee,7164340961350,2023Q4,archive,Speciality Single Origin Chikmagalur Region,third-wave-coffee:7164340961350,1,2023Q3,2023-09-26,False,True
Third Wave Coffee,7164340961350,2024Q2,archive,Speciality Single Origin Chikmagalur Region,third-wave-coffee:7164340961350,1,2023Q3,2023-09-26,False,True
Third Wave Coffee,7164340961350,2024Q3,archive,Speciality Single Origin Chikmagalur Region,third-wave-coffee:7164340961350,1,2023Q3,2023-09-26,False,True
Third Wave Coffee,7164340961350,2024Q4,archive,Speciality Single Origin Chikmagalur Region,third-wave-coffee:7164340961350,1,2023Q3,2023-09-26,False,True
Third Wave Coffee,7164340961350,2025Q1,archive,Speciality Single Origin Chikmagalur Region,third-wave-coffee:7164340961350,1,2023Q3,2023-09-26,False,True
Third Wave Coffee,7164340961350,2025Q2,archive,Speciality Single Origin Chikmagalur Region,third-wave-coffee:7164340961350,1,2023Q3,2023-09-26,False,True
Third Wave Coffee,7164340961350,2025Q3,archive,Speciality Single Origin Chikmagalur Region,third-wave-coffee:7164340961350,1,2023Q3,2023-09-26,False,True
Third Wave Coffee,7164340961350,2025Q4,archive,Speciality Single Origin Chikmagalur Region,third-wave-coffee:7164340961350,1,2023Q3,2023-09-26,False,True
Third Wave Coffee,7164340961350,2026Q2,archive,Speciality Single Origin Chikmagalur Region,third-wave-coffee:7164340961350,1,2023Q3,2023-09-26,False,True
Third Wave Coffee,7164340961350,2026Q3,live,Speciality Single Origin Chikmagalur Region,third-wave-coffee:7164340961350,1,2023Q3,2023-09-26,False,True
