title_similarity,title_changed,process_or_lot_changed,roaster,tier,product_id,product_title,other_titles,product_type,variant_titles,has_description,has_card_text,is_coffee_guess_p2,is_bundle_p2,first_quarter,last_quarter,n_quarters
,False,False,Araku,core,10037727658304,Taste the Terroir: Coffee Sampler Pack,,Coffee,100 gms (each) / Whole Beans | 100 gms (each) / Coarse Grind | 100 gms (each) / Medium Grind | 100 gms (each) / Fine Grind | 100 gms (each) / Very Fine Grind,True,False,True,True,2026Q3,2026Q3,1
,False,False,Araku,core,10165614084416,Monsoon Edit,,,Pouch / 250 gms / Whole Beans | Pouch / 250 gms / Very Fine Grind | Pouch / 250 gms / Fine Grind | Pouch / 250 gms / Coarse Grind | Pouch / 250 gms / Medium Grind,True,False,True,False,2026Q3,2026Q3,1
,False,False,Araku,core,8380902506816,Grand Reserve,,Coffee,Whole Beans / Tin | Whole Beans / Pouch | Very Fine Grind / Tin | Very Fine Grind / Pouch | Fine Grind / Tin | Fine Grind / Pouch | Medium Grind / Tin | Medium Grind / Pouch | Coarse Grind / Tin | Coarse Grind / Pouch | Tin / 250 gms / Whole Beans | Tin / 250 gms / Very Fine Grind | Tin / 250 gms / Fine Grind | Tin / 250 gms / Medium Grind | Tin / 250 gms / Coarse Grind | Pouch / 250 gms / Whole Beans | Pouch / 250 gms / Very Fine Grind | Pouch / 250 gms / Fine Grind | Pouch / 250 gms / Medium Grind | Pouch / 250 gms / Coarse Grind | Tin / 1kg (250 gms X 4) / Whole Beans | Tin / 1kg (250 gms…,True,True,True,False,2023Q4,2026Q3,10
,False,False,Araku,core,8380902539584,Signature,,Coffee,Pouch / 250 gms / Very Fine Grind | Pouch / 250 gms / Whole Beans | Pouch / 250 gms / Fine Grind | Pouch / 250 gms / Medium Grind | Pouch / 250 gms / Coarse Grind | Tin / 250 gms / Very Fine Grind | Tin / 250 gms / Whole Beans | Tin / 250 gms / Fine Grind | Tin / 250 gms / Medium Grind | Tin / 250 gms / Coarse Grind | Pouch / 1kg (250 gms X 4) / Very Fine Grind | Pouch / 1kg (250 gms X 4) / Whole Beans | Pouch / 1kg (250 gms X 4) / Fine Grind | Pouch / 1kg (250 gms X 4) / Medium Grind | Pouch / 1kg (250 gms X 4) / Coarse Grind | Pouch / 500gms (250 gms X 2) / Very Fine Grind | Pouch / 500gms…,True,True,True,False,2023Q4,2026Q3,10
,False,False,Araku,core,8380902572352,Selection,,Coffee,Pouch / 250 gms / Whole Beans | Pouch / 250 gms / Very Fine Grind | Pouch / 250 gms / Fine Grind | Pouch / 250 gms / Medium Grind | Pouch / 250 gms / Coarse Grind | Tin / 250 gms / Whole Beans | Tin / 250 gms / Very Fine Grind | Tin / 250 gms / Fine Grind | Tin / 250 gms / Medium Grind | Tin / 250 gms / Coarse Grind | Pouch / 1kg (250 gms X 4) / Whole Beans | Pouch / 1kg (250 gms X 4) / Very Fine Grind | Pouch / 1kg (250 gms X 4) / Fine Grind | Pouch / 1kg (250 gms X 4) / Medium Grind | Pouch / 1kg (250 gms X 4) / Coarse Grind | Pouch / 500gms (250 gms X 2) / Whole Beans | Pouch / 500gms (250…,True,True,True,False,2023Q4,2026Q3,10
0.5,False,False,Araku,core,8380905947456,Early Harvest - Washed Process,Early Harvest,Coffee,Pouch / 250 gms / Whole Beans | Pouch / 250 gms / Very Fine | Pouch / 250 gms / Fine Grind | Pouch / 250 gms / Medium Grind | Pouch / 250 gms / Coarse Grind,False,True,True,False,2023Q4,2024Q4,5
,False,False,Araku,core,8380906176832,Micro Climate,,Coffee,Pouch / 250 gms / Whole Beans | Pouch / 250 gms / Very Fine Grind | Pouch / 250 gms / Fine Grind | Pouch / 250 gms / Medium Grind | Pouch / 250 gms / Coarse Grind | Tin / 250 gms / Whole Beans | Tin / 250 gms / Very Fine Grind | Tin / 250 gms / Fine Grind | Tin / 250 gms / Medium Grind | Tin / 250 gms / Coarse Grind | Pouch / 1kg (250 gms X 4) / Whole Beans | Pouch / 1kg (250 gms X 4) / Very Fine Grind | Pouch / 1kg (250 gms X 4) / Fine Grind | Pouch / 1kg (250 gms X 4) / Medium Grind | Pouch / 1kg (250 gms X 4) / Coarse Grind | Pouch / 500gms (250 gms X 2) / Whole Beans | Pouch / 500gms (250…,True,True,True,False,2023Q4,2026Q3,10
,False,False,Araku,core,8380915286336,Pocket Brew - Micro Climate,,Coffee,,True,True,True,False,2023Q4,2026Q3,10
,False,False,Araku,core,8380915351872,Pocket Brew - Selection,,Coffee,,True,True,True,False,2023Q4,2026Q3,10
,False,False,Araku,core,8884824703296,Microlot 02.23,,,Whole Beans / 250 gms | Very Fine Grind / 250 gms | Fine Grind / 250 gms | Medium Grind / 250 gms | Coarse Grind / 250 gms,False,True,True,False,2023Q4,2024Q1,2
,False,False,Araku,core,9053797908800,Microlot 03.23,,,Whole Beans / 250 gms | Very Fine Grind / 250 gms | Fine Grind / 250 gms | Medium Grind / 250 gms | Coarse Grind / 250 gms,False,True,True,False,2024Q1,2024Q1,1
,False,False,Araku,core,9421950320960,Microlot 01.24,,Coffee,Whole Beans / 250 gm | Very Fine Grind / 250 gm | Fine Grind / 250 gm | Medium Grind / 250 gm | Coarse Grind / 250 gm,False,True,True,False,2024Q3,2024Q3,1
,False,False,Araku,core,9508897390912,Early Harvest - Natural Process,,Coffee,Pouch / 250 gms / Whole Beans | Pouch / 250 gms / Very Fine | Pouch / 250 gms / Fine Grind | Pouch / 250 gms / Medium Grind | Pouch / 250 gms / Coarse Grind,False,True,True,False,2024Q4,2024Q4,1
,False,False,Araku,core,9613129908544,Pocket Brew - Grand Reserve,,Coffee,,True,True,True,False,2024Q4,2026Q3,6
,False,False,Araku,core,9866704519488,Pocket Brew – Collection,,Coffee,,True,True,True,False,2025Q4,2026Q3,2
,False,False,Araku,core,9876011123008,High Altitude,,Coffee,Pouch / 250 gms / Whole Beans | Pouch / 250 gms / Very Fine Grind | Pouch / 250 gms / Fine Grind | Pouch / 250 gms / Medium Grind | Pouch / 250 gms / Coarse Grind,True,False,True,False,2026Q3,2026Q3,1
,False,False,Black Baza,secondary,2489368739919,Black Baza,,Robusta,250g / Medium | 250g / Whole Bean | 250g / Extra Coarse | 250g / Coarse | 250g / Medium Coarse | 250g / Medium Fine | 250g / Fine | 500g / Medium | 500g / Whole Bean | 500g / Extra Coarse | 500g / Coarse | 500g / Medium Coarse | 500g / Medium Fine | 500g / Fine,False,True,True,False,2023Q1,2025Q1,5
,False,False,Black Baza,secondary,2489368838223,Otter,,Blend,250g / Medium | 250g / Whole Bean | 250g / Extra Coarse | 250g / Coarse | 250g / Medium Coarse | 250g / Medium Fine | 250g / Fine | 500g / Medium | 500g / Whole Bean | 500g / Extra Coarse | 500g / Coarse | 500g / Medium Coarse | 500g / Medium Fine | 500g / Fine,False,True,True,False,2023Q1,2026Q3,12
,False,False,Black Baza,secondary,2489368936527,Whistling Schoolboy,,Blend,250g / Medium Fine | 500g / Medium Fine,False,True,True,False,2023Q1,2026Q3,12
,False,False,Black Baza,secondary,2489369100367,Ficus,,Blend,250g / Whole Bean | 250g / Extra Coarse | 250g / Coarse | 250g / Medium | 250g / Medium Coarse | 250g / Medium Fine | 250g / Fine | 500g / Whole Bean | 500g / Extra Coarse | 500g / Coarse | 500g / Medium | 500g / Medium Coarse | 500g / Medium Fine | 500g / Fine,False,True,True,False,2023Q1,2026Q3,12
,False,False,Black Baza,secondary,2489369264207,Wanderoo,,Arabica,250g / Medium | 250g / Whole Bean | 250g / Extra Coarse | 250g / Coarse | 250g / Medium Coarse | 250g / Medium Fine | 250g / Fine | 500g / Medium | 500g / Whole Bean | 500g / Extra Coarse | 500g / Coarse | 500g / Medium Coarse | 500g / Medium Fine | 500g / Fine,False,True,True,False,2023Q1,2026Q3,12
,False,False,Black Baza,secondary,3692126928975,Coffee Sampler Pack,,Bundles,Medium | Whole Bean | Extra Coarse | Coarse | Medium Coarse | Medium Fine | Fine,True,True,True,True,2023Q1,2026Q3,12
,False,False,Black Baza,secondary,3692128305231,Jumping Ant,,Arabica,250g / Medium | 250g / Whole Bean | 250g / Extra Coarse | 250g / Coarse | 250g / Medium Coarse | 250g / Medium Fine | 250g / Fine | 500g / Medium | 500g / Whole Bean | 500g / Extra Coarse | 500g / Coarse | 500g / Medium Coarse | 500g / Medium Fine | 500g / Fine,False,True,True,False,2023Q1,2026Q2,10
,False,False,Black Baza,secondary,4034302640207,Bird-Friendly Bundle,,Bundles,Medium | Whole Bean | Extra Coarse | Coarse | Medium Coarse | Medium Fine | Fine,True,True,True,True,2023Q1,2026Q3,12
,False,False,Black Baza,secondary,4679965179983,Handloom Pour Over Filters,,Equipment,V60-01 / Pack of 2 | V60-01 / Pack of 5 | V60-02 / Pack of 2 | V60-02 / Pack of 5 | V60-03 / Pack of 2 | V60-03 / Pack of 5,False,True,False,False,2023Q1,2024Q3,2
,False,False,Black Baza,secondary,6071922262198,Loris,,Arabica,250g / Medium | 250g / Whole Bean | 250g / Extra Coarse | 250g / Coarse | 250g / Medium Coarse | 250g / Medium Fine | 250g / Fine | 500g / Medium | 500g / Whole Bean | 500g / Extra Coarse | 500g / Coarse | 500g / Medium Coarse | 500g / Medium Fine | 500g / Fine,False,True,True,False,2023Q1,2026Q3,12
,False,False,Black Baza,secondary,7105422688438,Luna,,Robusta,250g / Medium | 250g / Whole Bean | 250g / Extra Coarse | 250g / Coarse | 250g / Medium Coarse | 250g / Medium Fine | 250g / Fine | 500g / Medium | 500g / Whole Bean | 500g / Extra Coarse | 500g / Coarse | 500g / Medium Coarse | 500g / Medium Fine | 500g / Fine,False,True,True,False,2023Q1,2026Q3,12
,False,False,Black Baza,secondary,7191776264374,Frogmouth,,Arabica,250g / Medium | 250g / Whole Bean | 250g / Extra Coarse | 250g / Coarse | 250g / Medium Coarse | 250g / Medium Fine | 250g / Fine | 500g / Medium | 500g / Whole Bean | 500g / Extra Coarse | 500g / Coarse | 500g / Medium Coarse | 500g / Medium Fine | 500g / Fine,False,True,True,False,2023Q1,2024Q4,6
,False,False,Black Baza,secondary,7290590068918,Ceramic Pour Over,,Equipment,No Cloth Filters | Khadi Filters - Pack of 2 | Khadi Filters - Pack of 5,False,True,False,False,2023Q1,2024Q3,2
,False,False,Black Baza,secondary,7349558902966,Cascara,,Bundles,500g | 250 g | 500 g,False,True,False,False,2023Q1,2024Q3,2
,False,False,Black Baza,secondary,7349591834806,Coffee Flour,,Bundles,500g | 250g,False,True,False,False,2023Q1,2024Q3,2
,False,False,Black Baza,secondary,7405814743222,Specialty Arabica Bundle,,Bundles,Medium | Whole Bean | Extra Coarse | Coarse | Medium Coarse | Medium Fine | Fine,True,True,True,True,2023Q1,2026Q3,7
,False,False,Black Baza,secondary,7417825984694,Galaxy Frog,,Arabica,250g / Medium | 250g / Whole Bean | 250g / Extra Coarse | 250g / Coarse | 250g / Medium Coarse | 250g / Medium Fine | 250g / Fine | 500g / Medium | 500g / Whole Bean | 500g / Extra Coarse | 500g / Coarse | 500g / Medium Coarse | 500g / Medium Fine | 500g / Fine,False,True,True,False,2023Q1,2026Q2,11
,False,False,Black Baza,secondary,7457095844022,Biligiri Black Pepper,,Arabica,100g / Whole Pepper,False,True,False,False,2023Q1,2024Q3,2
,False,False,Black Baza,secondary,7506546819254,Microlot 28 | Whiskey Sub,,Microlot,250g / Whole Bean / 100% Bourbon-Barrel-Aged Arabica | 250g / Whole Bean / Blended with Washed Arabica | 250g / Extra Coarse / 100% Bourbon-Barrel-Aged Arabica | 250g / Extra Coarse / Blended with Washed Arabica | 250g / Coarse / 100% Bourbon-Barrel-Aged Arabica | 250g / Coarse / Blended with Washed Arabica | 250g / Medium Coarse / 100% Bourbon-Barrel-Aged Arabica | 250g / Medium Coarse / Blended with Washed Arabica | 250g / Medium / 100% Bourbon-Barrel-Aged Arabica | 250g / Medium / Blended with Washed Arabica | 250g / Medium Fine / 100% Bourbon-Barrel-Aged Arabica | 250g / Medium Fine / Ble…,False,False,True,False,2023Q1,2023Q1,1
,False,False,Black Baza,secondary,7524003381430,Coffee Canister (Colour: Moss Forest),,Merchandise,Coffee Canister | Mug + Canister,False,False,False,False,2023Q1,2024Q3,2
,False,False,Black Baza,secondary,7524377100470,Coffee Mug (Colour: Yellow Mushroom),,Merchandise,Coffee Mug | Mug + Canister,False,False,False,False,2023Q1,2024Q3,2
,False,False,Black Baza,secondary,7543029301430,Microlot 29 | 'Farm in a Cup',,Microlot,250g / Medium Coarse | 250g / Medium | 250g / Medium Fine | 250g / Fine,False,False,False,False,2023Q1,2023Q1,1
,False,False,Black Baza,secondary,7578608566454,Attihally Cardamom,,Bundles,100g,False,True,False,False,2024Q3,2024Q3,1
,False,False,Black Baza,secondary,7589549965494,Tiger Beetle,,Arabica,250g / Medium | 250g / Whole Bean | 250g / Extra Coarse | 250g / Coarse | 250g / Medium Coarse | 250g / Medium Fine | 250g / Fine | 500g / Medium | 500g / Whole Bean | 500g / Extra Coarse | 500g / Coarse | 500g / Medium Coarse | 500g / Medium Fine | 500g / Fine,False,True,True,False,2023Q4,2026Q3,8
,False,False,Black Baza,secondary,7638372286646,Draco,,Arabica,Draco Coffee / 250g / Whole Bean | Draco Coffee / 250g / Extra Coarse | Draco Coffee / 250g / Coarse | Draco Coffee / 250g / Medium Coarse | Draco Coffee / 250g / Medium | Draco Coffee / 250g / Medium Fine | Draco Coffee / 250g / Fine | Draco Coffee / 500g / Whole Bean | Draco Coffee / 500g / Extra Coarse | Draco Coffee / 500g / Coarse | Draco Coffee / 500g / Medium Coarse | Draco Coffee / 500g / Medium | Draco Coffee / 500g / Medium Fine | Draco Coffee / 500g / Fine | Draco Coffee + Tote / 250g / Whole Bean | Draco Coffee + Tote / 250g / Extra Coarse | Draco Coffee + Tote / 250g / Coarse | D…,False,True,True,False,2024Q3,2026Q3,6
,False,False,Black Baza,secondary,7677321674934,"Coffee, Honey, and Amla Magic: The Nilgiri Festive Fusion",,Bundles,Whole Bean | Extra Coarse | Medium Coarse | Medium | Medium Fine | Fine,False,True,,False,2024Q3,2024Q3,1
,False,False,Black Baza,secondary,7677330686134,Flavours of Festivity Gift Box,,Bundles,Whole Bean | Extra Coarse | Coarse | Medium Coarse | Medium | Medium Fine | Fine,False,True,True,True,2024Q3,2024Q3,1
,False,False,Black Baza,secondary,7694996177078,Chukki,,Arabica,250g / Whole Bean | 250g / Extra Coarse | 250g / Coarse | 250g / Medium Coarse | 250g / Medium | 250g / Medium Fine | 250g / Fine | 500g / Whole Bean | 500g / Extra Coarse | 500g / Coarse | 500g / Medium Coarse | 500g / Medium | 500g / Medium Fine | 500g / Fine,True,True,True,False,2024Q2,2026Q3,8
,False,False,Black Baza,secondary,7748461199542,Dark Jaggery,,Bundles,500g,False,True,False,False,2024Q3,2024Q3,1
,False,False,Black Baza,secondary,7756859277494,Chonky Ant Scoop,,Equipment,,False,True,False,False,2024Q3,2024Q3,1
,False,False,Black Baza,secondary,7762261704886,Potter Wasp,,Arabica,250g / Whole Bean | 250g / Extra Coarse | 250g / Coarse | 250g / Medium Coarse | 250g / Medium | 250g / Medium Fine | 250g / Fine | 500g / Whole Bean | 500g / Extra Coarse | 500g / Coarse | 500g / Medium Coarse | 500g / Medium | 500g / Medium Fine | 500g / Fine,False,True,True,False,2024Q3,2026Q3,6
,False,False,Black Baza,secondary,7791324430518,Coffee Mug,,Merchandise,Coffee Mug | Mug + Canister,False,True,False,False,2024Q3,2024Q3,1
,False,False,Black Baza,secondary,7791558885558,Coffee Canister,,Merchandise,Coffee Canister | Mug + Canister,False,True,False,False,2024Q3,2024Q3,1
,False,False,Black Baza,secondary,7927171252406,Kaati,,Arabica,250g / Whole Bean | 250g / Extra Coarse | 250g / Coarse | 250g / Medium Coarse | 250g / Medium | 250g / Medium Fine | 250g / Fine | 500g / Whole Bean | 500g / Extra Coarse | 500g / Coarse | 500g / Medium Coarse | 500g / Medium | 500g / Medium Fine | 500g / Fine | 250g / Extra coarse | 500g / Extra coarse,False,True,True,False,2024Q3,2026Q3,6
,False,False,Black Baza,secondary,7933615341750,Ceramic Pour Over Sets,,Equipment,Speckled | Critter,False,True,False,False,2024Q3,2024Q3,1
,False,False,Black Baza,secondary,8054363619510,Yellow Honey,,Microlot,250g / Whole Bean | 250g / Extra Coarse | 250g / Coarse | 250g / Medium Coarse | 250g / Medium | 250g / Medium Fine | 250g / Fine | 500g / Whole Bean | 500g / Extra Coarse | 500g / Coarse | 500g / Medium Coarse | 500g / Medium | 500g / Medium Fine | 500g / Fine,False,True,True,False,2024Q3,2024Q3,1
,False,False,Black Baza,secondary,8054376857782,Aged in Oak,,Microlot,250g / Whole Bean | 250g / Extra Coarse | 250g / Coarse | 250g / Medium Coarse | 250g / Medium | 250g / Medium Fine | 250g / Fine | 500g / Whole Bean | 500g / Extra Coarse | 500g / Coarse | 500g / Medium Coarse | 500g / Medium | 500g / Medium Fine | 500g / Fine,False,True,True,False,2024Q3,2024Q3,1
,False,False,Black Baza,secondary,8221677420726,Anaerobic Naturals,,Arabica,250g / Whole Bean | 250g / Extra coarse | 250g / Coarse | 250g / Medium Coarse | 250g / Medium | 250g / Medium Fine | 250g / Fine,False,True,True,False,2025Q3,2025Q3,1
,False,False,Black Baza,secondary,8255114150070,Yellow Honey,,Arabica,250g / Whole Bean | 250g / Extra coarse | 250g / Coarse | 250g / Medium Coarse | 250g / Medium | 250g / Medium Fine | 250g / Fine,False,True,True,False,2025Q3,2025Q3,1
,False,False,Black Baza,secondary,8352913359030,Red Honey,,Microlot,250g / Whole Bean | 250g / Extra coarse | 250g / Coarse | 250g / Medium coarse | 250g / Medium | 250g / Medium fine | 250g / Fine,False,True,True,False,2025Q4,2025Q4,1
,False,False,Black Baza,secondary,8385601503414,Lactic Process,,Microlot,250g / Whole Bean | 250g / Extra coarse | 250g / Coarse | 250g / Medium coarse | 250g / Medium | 250g / Medium fine | 250g / Fine,False,True,True,False,2026Q1,2026Q1,1
,False,False,Black Baza,secondary,8765338714294,Frogmouth,,Arabica,250g / Medium | 250g / Whole Bean | 250g / Extra Coarse | 250g / Coarse | 250g / Medium Coarse | 250g / Medium Fine | 250g / Fine | 500g / Medium | 500g / Whole Bean | 500g / Extra Coarse | 500g / Coarse | 500g / Medium Coarse | 500g / Medium Fine | 500g / Fine,False,True,True,False,2026Q2,2026Q3,2
,False,False,Black Baza,secondary,8765378560182,Kombucha Honey,,Microlot,250g / Whole Bean | 250g / Extra coarse | 250g / Coarse | 250g / Medium coarse | 250g / Medium | 250g / Medium fine | 250g / Fine,False,True,True,False,2026Q2,2026Q2,1
,False,False,Black Baza,secondary,8837542248630,66 Shades,,Arabica,250g / Medium | 250g / Whole Bean | 250g / Extra Coarse | 250g / Coarse | 250g / Medium Coarse | 250g / Medium Fine | 250g / Fine | 500g (250g x 2) / Medium | 500g (250g x 2) / Whole Bean | 500g (250g x 2) / Extra Coarse | 500g (250g x 2) / Coarse | 500g (250g x 2) / Medium Coarse | 500g (250g x 2) / Medium Fine | 500g (250g x 2) / Fine,False,False,True,False,2026Q3,2026Q3,1
,False,False,Black Baza,secondary,8872578777270,Supernaturals,,Arabica,250g / Whole Bean | 250g / Extra coarse | 250g / Coarse | 250g / Medium Coarse | 250g / Medium | 250g / Medium Fine | 250g / Fine,False,False,True,False,2026Q3,2026Q3,1
,False,False,Bloom,secondary,6563619406010,Kenny Ji - The Cold Brew Blend,,variable,250gms / Whole Beans | 250gms / Channi | 250gms / Cold Brew | 500gms / Whole Beans | 500gms / Channi | 500gms / Cold Brew | 1kg / Whole Beans | 1kg / Channi | 1kg / Cold Brew,True,True,True,False,2023Q1,2026Q3,8
,False,False,Bloom,secondary,6563619504314,"A ""lot"" like Christmas - The Christmas Blend - Medium Roast",,variable,250gms / Whole Beans | 250gms / Aeropress | 250gms / Channi | 250gms / Chemex | 250gms / Espresso | 250gms / French Press | 250gms / Moka Pot | 250gms / Pour Over | 250gms / South Indian Filter | 250gms / Cold Brew | 500gms / Whole Beans | 500gms / Aeropress | 500gms / Channi | 500gms / Chemex | 500gms / Espresso | 500gms / French Press | 500gms / Moka Pot | 500gms / Pour Over | 500gms / South Indian Filter | 500gms / Cold Brew,False,True,True,False,2023Q1,2023Q1,1
0.8,False,False,Bloom,secondary,6563740025018,Ro-Busta Rhymes - Dark Roast,Ro-Busta Rhymes - Medium Dark Roast,Coffee,250 gms / Whole Beans | 250 gms / Aeropress | 250 gms / Channi | 250 gms / Chemex | 250 gms / Cold Brew | 250 gms / French Press | 250 gms / Espresso | 250 gms / Moka Pot | 250 gms / Pour Over | 250 gms / South Indian Filter | 500 gms / Whole Beans | 500 gms / Aeropress | 500 gms / Channi | 500 gms / Chemex | 500 gms / Cold Brew | 500 gms / French Press | 500 gms / Espresso | 500 gms / Moka Pot | 500 gms / Pour Over | 500 gms / South Indian Filter | 1 kg / Whole Beans | 1 kg / Aeropress | 1 kg / Channi | 1 kg / Chemex | 1 kg / Cold Brew | 1 kg / French Press | 1 kg / Espresso | 1 kg / Moka Po…,True,True,True,False,2023Q1,2026Q3,8
,False,False,Bloom,secondary,6563766403258,Satchmo - Dark Roast,,,250 gms / Whole Beans | 250 gms / Aeropress | 250 gms / Channi | 250 gms / Chemex | 250 gms / Cold Brew | 250 gms / Espresso | 250 gms / French Press | 250 gms / Moka Pot | 250 gms / Pour Over | 250 gms / South Indian Filter | 500 gms / Whole Beans | 500 gms / Aeropress | 500 gms / Channi | 500 gms / Chemex | 500 gms / Cold Brew | 500 gms / Espresso | 500 gms / French Press | 500 gms / Moka Pot | 500 gms / Pour Over | 500 gms / South Indian Filter | 1 Kg / Whole Beans | 1 Kg / Aeropress | 1 Kg / Channi | 1 Kg / Chemex | 1 Kg / Cold Brew | 1 Kg / Espresso | 1 Kg / French Press | 1 Kg / Moka Po…,True,True,True,False,2023Q1,2026Q3,8
,False,False,Bloom,secondary,6563778035898,Vin Van Gogh - Medium Roast,,,250 gms / Whole Beans | 250 gms / Aeropress | 250 gms / Channi | 250 gms / Chemex | 250 gms / Cold Brew | 250 gms / Espresso | 250 gms / French Press | 250 gms / Moka Pot | 250 gms / Pour Over | 250 gms / South Indian Filter | 500 gms / Whole Beans | 500 gms / Aeropress | 500 gms / Channi | 500 gms / Chemex | 500 gms / Cold Brew | 500 gms / Espresso | 500 gms / French Press | 500 gms / Moka Pot | 500 gms / Pour Over | 500 gms / South Indian Filter | 1Kg / Whole Beans | 1Kg / Aeropress | 1Kg / Channi | 1Kg / Chemex | 1Kg / Cold Brew | 1Kg / Espresso | 1Kg / French Press | 1Kg / Moka Pot | 1Kg…,True,True,True,False,2023Q1,2026Q3,8
,False,False,Bloom,secondary,6563790684346,Venkids Valley Estate – The Yellow Honey - Light Roast,,,1 kg / Whole Beans | 1 kg / Aeropress | 1 kg / Channi | 1 kg / Chemex | 1 kg / Cold Brew | 1 kg / Espresso | 1 kg / French Press | 1 kg / Moka Pot | 1 kg / Pour Over | 1 kg / South Indian Filter | 250 gms / Whole Beans | 250 gms / Aeropress | 250 gms / Channi | 250 gms / Chemex | 250 gms / Cold Brew | 250 gms / Espresso | 250 gms / French Press | 250 gms / Moka Pot | 250 gms / Pour Over | 250 gms / South Indian Filter | 500 gms / Whole Beans | 500 gms / Aeropress | 500 gms / Channi | 500 gms / Chemex | 500 gms / Cold Brew | 500 gms / Espresso | 500 gms / French Press | 500 gms / Moka Pot | 50…,False,True,True,False,2023Q4,2023Q4,1
,False,False,Bloom,secondary,6563812409530,Venkids Valley Estate (Washed) – Coorg - Medium Dark Roast,,,250gm / Whole Beans | 250gm / Aeropress | 250gm / Channi | 250gm / Chemex | 250gm / Cold Brew | 250gm / Espresso | 250gm / French Press | 250gm / Moka Pot | 250gm / Pour Over | 250gm / South Indian Filter | 500gm / Whole Beans | 500gm / Aeropress | 500gm / Channi | 500gm / Chemex | 500gm / Cold Brew | 500gm / Espresso | 500gm / French Press | 500gm / Moka Pot | 500gm / Pour Over | 500gm / South Indian Filter | 1kg / Whole Beans | 1kg / Aeropress | 1kg / Channi | 1kg / Chemex | 1kg / Cold Brew | 1kg / Espresso | 1kg / French Press | 1kg / Moka Pot | 1kg / Pour Over | 1kg / South Indian Filter…,False,True,True,False,2023Q1,2025Q3,7
,False,False,Bloom,secondary,6563822076090,Salawara Estate – Chikmaglur - Dark Roast,,,250gms / Whole Beans | 250gms / Aeropress | 250gms / Channi | 250gms / Chemex | 250gms / Cold Brew | 250gms / Espresso | 250gms / French Press | 250gms / Moka Pot | 250gms / Pour Over | 250gms / South Indian Filter | 500gms / Whole Beans | 500gms / Aeropress | 500gms / Channi | 500gms / Chemex | 500gms / Cold Brew | 500gms / Espresso | 500gms / French Press | 500gms / Moka Pot | 500gms / Pour Over | 500gms / South Indian Filter | 1kg / Whole Beans | 1kg / Aeropress | 1kg / Channi | 1kg / Chemex | 1kg / Cold Brew | 1kg / Espresso | 1kg / French Press | 1kg / Moka Pot | 1kg / Pour Over | 1kg /…,True,True,True,False,2023Q1,2026Q3,8
,False,False,Bloom,secondary,6682190414010,BCR Custom Sample Pack of 3,,Coffee,,False,True,True,True,2023Q1,2025Q3,7
,False,False,Bloom,secondary,6903892279482,Papakuchi Coffee (Washed) - Coorg (Light Roast),,,250gm / Whole Beans | 250gm / Aeropress | 250gm / Channi | 250gm / Chemex | 250gm / Cold Brew | 250gm / Espresso | 250gm / French Press | 250gm / Moka Pot | 250gm / Pour Over | 250gm / South Indian Filter | 500gm / Whole Beans | 500gm / Aeropress | 500gm / Channi | 500gm / Chemex | 500gm / Cold Brew | 500gm / Espresso | 500gm / French Press | 500gm / Moka Pot | 500gm / Pour Over | 500gm / South Indian Filter | 1kg / Whole Beans | 1kg / Aeropress | 1kg / Channi | 1kg / Chemex | 1kg / Cold Brew | 1kg / Espresso | 1kg / French Press | 1kg / Moka Pot | 1kg / Pour Over | 1kg / South Indian Filter…,False,True,True,False,2023Q1,2025Q3,7
,False,False,Bloom,secondary,7096362467514,Unakki Coffee Collective - Agni Naturals - Chikmagalur (Light Roast),,Single,250gms / Whole Beans | 250gms / Aeropress | 250gms / Channi | 250gms / Chemex | 250gms / Espresso | 250gms / French Press | 250gms / Moka Pot | 250gms / Pour Over | 250gms / South Indian Filter | 250gms / Cold Brew,False,True,True,False,2023Q1,2023Q1,1
,False,False,Bloom,secondary,7096363057338,Pulney Coffee (Washed) - Pulney Hills - Medium Roast,,Single,250gms / Whole Beans | 250gms / Aeropress | 250gms / Channi | 250gms / Chemex | 250gms / Espresso | 250gms / French Press | 250gms / Moka Pot | 250gms / Pour Over | 250gms / South Indian Filter | 250gms / Cold Brew | 500gms / Whole Beans | 500gms / Aeropress | 500gms / Channi | 500gms / Chemex | 500gms / Espresso | 500gms / French Press | 500gms / Moka Pot | 500gms / Pour Over | 500gms / South Indian Filter | 500gms / Cold Brew | 1kg / Whole Beans | 1kg / Aeropress | 1kg / Channi | 1kg / Chemex | 1kg / Espresso | 1kg / French Press | 1kg / Moka Pot | 1kg / Pour Over | 1kg / South Indian Filte…,True,True,True,False,2023Q1,2026Q3,8
,False,False,Bloom,secondary,7151892267194,Ratnagiri estate (Lot DP-1 ) - Chikmagalur - Light Roast,,Single,250gms / Whole Beans | 250gms / Aeropress | 250gms / Channi | 250gms / Chemex | 250gms / Espresso | 250gms / French Press | 250gms / Moka Pot | 250gms / Pour Over | 250gms / South Indian Filter | 250gms / Cold Brew,False,True,True,False,2023Q1,2023Q1,1
,False,False,Bloom,secondary,7179675467962,Harley Estate (Naturals) - Sakleshpur - Light Roast,,Single,250gms / Whole Beans | 250gms / Aeropress | 250gms / Channi | 250gms / Chemex | 250gms / Espresso | 250gms / French Press | 250gms / Moka Pot | 250gms / Pour Over | 250gms / South Indian Filter | 250gms / Cold Brew,False,True,True,False,2023Q1,2023Q1,1
,False,False,Bloom,secondary,7185290526906,Cascara (Coffee Cherry Tea) - Salawara Estate - Chikmagalur,,,,False,True,False,False,2023Q1,2025Q3,7
,False,False,Bloom,secondary,7185302945978,Mooleh Manay Estate (Honey) – Coorg - Medium Roast,,,250gm / Whole Beans | 250gm / Aeropress | 250gm / Channi | 250gm / Chemex | 250gm / Cold Brew | 250gm / Espresso | 250gm / French Press | 250gm / Moka Pot | 250gm / Pour Over | 250gm / South Indian Filter,False,True,True,False,2023Q1,2023Q1,1
,False,False,Bloom,secondary,7205679923386,Venkids Valley Estate - The Red Honey - Light Roast,,Single,250gms / Whole Beans | 250gms / Aeropress | 250gms / Channi | 250gms / Chemex | 250gms / Espresso | 250gms / French Press | 250gms / Moka Pot | 250gms / Pour Over | 250gms / South Indian Filter | 250gms / Cold Brew,False,True,True,False,2023Q1,2025Q3,7
,False,False,Bloom,secondary,7252177944762,Salawara Estate - Carbonic Maceration - Light Roast,,Single,250gms / Whole Beans | 250gms / Aeropress | 250gms / Channi | 250gms / Chemex | 250gms / Espresso | 250gms / French Press | 250gms / Moka Pot | 250gms / Pour Over | 250gms / South Indian Filter | 250gms / Cold Brew,False,True,True,False,2023Q1,2023Q1,1
,False,False,Bloom,secondary,7301067014330,Mooleh Manay Estate (Naturals) - Coorg - Light Roast,,,250gm / Whole Beans | 250gm / Aeropress | 250gm / Channi | 250gm / Chemex | 250gm / Cold Brew | 250gm / Espresso | 250gm / French Press | 250gm / Moka Pot | 250gm / Pour Over | 250gm / South Indian Filter,False,True,True,False,2023Q1,2023Q4,2
,False,False,Bloom,secondary,7308398985402,Balanoor Plantations - Kents (Washed) - Chikmagalur - Medium Roast,,variable,250gms / Whole Beans | 250gms / Aeropress | 250gms / Channi | 250gms / Chemex | 250gms / Espresso | 250gms / French Press | 250gms / Moka Pot | 250gms / Pour Over | 250gms / South Indian Filter | 250gms / Cold Brew | 500gms / Whole Beans | 500gms / Aeropress | 500gms / Channi | 500gms / Chemex | 500gms / Espresso | 500gms / French Press | 500gms / Moka Pot | 500gms / Pour Over | 500gms / South Indian Filter | 500gms / Cold Brew | 1 Kg / Whole Beans | 1 Kg / Aeropress | 1 Kg / Channi | 1 Kg / Chemex | 1 Kg / Espresso | 1 Kg / French Press | 1 Kg / Moka Pot | 1 Kg / Pour Over | 1 Kg / South Ind…,False,True,True,False,2023Q1,2024Q4,3
,False,False,Bloom,secondary,7313821860026,Harley Estate (Banana Black Honey) - Sakleshpur - Medium Light Roast,,Single,250gms / Whole Beans | 250gms / Aeropress | 250gms / Channi | 250gms / Chemex | 250gms / Espresso | 250gms / French Press | 250gms / Moka Pot | 250gms / Pour Over | 250gms / South Indian Filter | 250gms / Cold Brew,False,False,True,False,2023Q1,2023Q1,1
,False,False,Bloom,secondary,7320723390650,Harley Estate - Vienna Roast (Naturals) - Sakleshpur,,Single,250gms / Whole Beans | 250gms / Aeropress | 250gms / Channi | 250gms / Chemex | 250gms / Espresso | 250gms / French Press | 250gms / Moka Pot | 250gms / Pour Over | 250gms / South Indian Filter | 250gms / Cold Brew,False,True,True,False,2023Q1,2025Q3,2
,False,False,Bloom,secondary,7346196742330,Krishnagiri Estate (Natural Naturals) - Chikmagalur - Light Roast,,Single,250gms / Whole Beans | 250gms / Aeropress | 250gms / Channi | 250gms / Chemex | 250gms / Espresso | 250gms / French Press | 250gms / Moka Pot | 250gms / Pour Over | 250gms / South Indian Filter | 250gms / Cold Brew,False,True,True,False,2023Q4,2023Q4,1
,False,False,Bloom,secondary,7373158416570,BCR Light Roast Sample Pack,,Coffee,,False,True,True,True,2023Q4,2025Q3,2
,False,False,Bloom,secondary,7385879838906,Meera - Medium Light Roast,,Coffee,1 kg / Whole Beans | 1 kg / Aeropress | 1 kg / Channi | 1 kg / Chemex | 1 kg / Cold Brew | 1 kg / Espresso | 1 kg / French Press | 1 kg / Moka Pot | 1 kg / Pour Over | 1 kg / South Indian Filter | 250 gms / Whole Beans | 250 gms / Aeropress | 250 gms / Channi | 250 gms / Chemex | 250 gms / Cold Brew | 250 gms / Espresso | 250 gms / French Press | 250 gms / Moka Pot | 250 gms / Pour Over | 250 gms / South Indian Filter | 500 gms / Whole Beans | 500 gms / Aeropress | 500 gms / Channi | 500 gms / Chemex | 500 gms / Cold Brew | 500 gms / Espresso | 500 gms / French Press | 500 gms / Moka Pot | 50…,True,True,True,False,2023Q4,2026Q3,3
,False,False,Bloom,secondary,7437536493754,Greenland Estate (Washed) - Valparai (Tamil Nadu) - Medium Roast,,Single,250gms / Whole Beans | 250gms / Aeropress | 250gms / Channi | 250gms / Chemex | 250gms / Espresso | 250gms / French Press | 250gms / Moka Pot | 250gms / Pour Over | 250gms / South Indian Filter | 250gms / Cold Brew | 500gms / Whole Beans | 500gms / Aeropress | 500gms / Channi | 500gms / Chemex | 500gms / Espresso | 500gms / French Press | 500gms / Moka Pot | 500gms / Pour Over | 500gms / South Indian Filter | 500gms / Cold Brew | 1000gms / Whole Beans | 1000gms / Aeropress | 1000gms / Channi | 1000gms / Chemex | 1000gms / Espresso | 1000gms / French Press | 1000gms / Moka Pot | 1000gms / Pour…,False,True,True,False,2023Q4,2025Q3,5
,False,False,Bloom,secondary,7556510941370,Hoysala Estate - Washed - Chikmagalur - Light Roast,,Single,250gms / Whole Beans | 250gms / Aeropress | 250gms / Channi | 250gms / Espresso | 250gms / French Press | 250gms / Moka Pot | 250gms / Pour Over | 250gms / South Indian Filter | 250gms / Cold Brew,False,True,True,False,2025Q3,2025Q3,1
,False,False,Bloom,secondary,7556532797626,Uchangi Estate - Naturals - Sakleshpur - Light Roast,,Single,250gms / Whole Beans,True,False,True,False,2026Q3,2026Q3,1
,False,False,Bloom,secondary,7572392378554,Anai Kadu - Naturals - Coorg - Light Roast,,Single,250gms / Whole Beans | 250gms / Aeropress | 250gms / Channi | 250gms / Chemex | 250gms / Espresso | 250gms / French Press | 250gms / Moka Pot | 250gms / Pour Over | 250gms / South Indian Filter | 250gms / Cold Brew,False,True,True,False,2025Q3,2025Q3,1
,False,False,Bloom,secondary,7722645487802,Hoysala Estate - Naturals - Chikmagalur - Light Roast,,Single,250gms / Whole Beans | 250gms / Aeropress | 250gms / Channi | 250gms / Espresso | 250gms / French Press | 250gms / Moka Pot | 250gms / Pour Over | 250gms / South Indian Filter | 250gms / Cold Brew,False,True,True,False,2025Q3,2025Q3,1
,False,False,Bloom,secondary,7859379699898,Shakti - The Filter Coffee Blend - Dark Roast,,,1Kg / Whole Beans | 1Kg / Aeropress | 1Kg / Channi | 1Kg / Chemex | 1Kg / Cold Brew | 1Kg / Espresso | 1Kg / French Press | 1Kg / Moka Pot | 1Kg / Pour Over | 1Kg / South Indian Filter | 250 gms / Whole Beans | 250 gms / Aeropress | 250 gms / Channi | 250 gms / Chemex | 250 gms / Cold Brew | 250 gms / Espresso | 250 gms / French Press | 250 gms / Moka Pot | 250 gms / Pour Over | 250 gms / South Indian Filter | 500 gms / Whole Beans | 500 gms / Aeropress | 500 gms / Channi | 500 gms / Chemex | 500 gms / Cold Brew | 500 gms / Espresso | 500 gms / French Press | 500 gms / Moka Pot | 500 gms / Po…,False,True,True,False,2025Q3,2025Q3,1
,False,False,Bloom,secondary,8040106197178,Bison Valley Estate - Naturals - Yercaud - Light Roast,,Single,250gms / Whole Beans | 250gms / Aeropress | 250gms / Channi | 250gms / Espresso | 250gms / French Press | 250gms / Moka Pot | 250gms / Pour Over | 250gms / South Indian Filter | 250gms / Cold Brew,False,True,True,False,2025Q3,2025Q3,1
,False,False,Bloom,secondary,8077608845498,Kid Dynamite - Dark Roast,,,1 kg / Whole Beans | 1 kg / Aeropress | 1 kg / Channi | 1 kg / Chemex | 1 kg / Cold Brew | 1 kg / French Press | 1 kg / Espresso | 1 kg / Moka Pot | 1 kg / Pour Over | 1 kg / South Indian Filter | 250 gms / Whole Beans | 250 gms / Aeropress | 250 gms / Channi | 250 gms / Chemex | 250 gms / Cold Brew | 250 gms / French Press | 250 gms / Espresso | 250 gms / Moka Pot | 250 gms / Pour Over | 250 gms / South Indian Filter,True,True,True,False,2025Q3,2026Q3,2
,False,False,Bloom,secondary,8099449700538,Udaigiri Estate - Honey - Chikmagalur - Light Roast,,Single,250gms / Whole Beans | 250gms / Aeropress | 250gms / Channi | 250gms / Chemex | 250gms / Espresso | 250gms / French Press | 250gms / Moka Pot | 250gms / Pour Over | 250gms / South Indian Filter | 250gms / Cold Brew,False,True,True,False,2025Q3,2025Q3,1
,False,False,Bloom,secondary,8113087578298,Salawara Estate - Red Honey - Sakleshpur - Light Roast,,Single,250gms / Whole Beans | 250gms / Aeropress | 250gms / Channi | 250gms / Espresso | 250gms / French Press | 250gms / Moka Pot | 250gms / Pour Over | 250gms / South Indian Filter | 250gms / Cold Brew,False,True,True,False,2025Q3,2025Q3,1
,False,False,Bloom,secondary,8455948402874,Balanoor Plantations - SL 6 - Washed - Chikmagalur - Light Roast,,Coffee,250gms / Whole Beans,True,False,True,False,2026Q3,2026Q3,1
,False,False,Bloom,secondary,8455948435642,Balanoor Plantations - Hybrid - Washed - Chikmagalur - Light Roast,,Coffee,250gms / Whole Beans,True,False,True,False,2026Q3,2026Q3,1
,False,False,Bloom,secondary,8455948468410,Balanoor Plantations - Kents - Washed - Chikmagalur - Medium Roast,,Coffee,250gms / Whole Beans | 1000gms / Whole Beans,True,False,True,False,2026Q3,2026Q3,1
,False,False,Bloom,secondary,8455948501178,Balanoor Plantations - Red Bourbon - Washed - Chikmagalur - Light Roast,,Coffee,250gms / Whole Beans,True,False,True,False,2026Q3,2026Q3,1
,False,False,Bloom,secondary,8455948533946,Balanoor Plantations - SLN9 - Washed - Chikmagalur - Medium Light Roast,,Coffee,250gms / Whole Beans | 1000gms / Whole Beans,True,False,True,False,2026Q3,2026Q3,1
,False,False,Bloom,secondary,8455948566714,Bisal Munti Estate - CM Naturals - Mandya - Light Roast,,Coffee,250gms / Whole Beans,True,False,True,False,2026Q3,2026Q3,1
,False,False,Bloom,secondary,8455948599482,Gungegiri Estate - Cold Soak Naturals - Chikmagalur - Light Roast,,Coffee,250gms / Whole Beans,True,False,True,False,2026Q3,2026Q3,1
,False,False,Bloom,secondary,8455948665018,Hoysala Estate - Washed - Chikmagalur - Medium Dark Roast,,Coffee,250gms / Whole Beans | 1000gms / Whole Beans,True,False,True,False,2026Q3,2026Q3,1
,False,False,Bloom,secondary,8455948697786,Kerehaklu Estate - Blossom Culture Washed - Chikmagalur - Light Roast,,Coffee,250gms / Whole Beans,True,False,True,False,2026Q3,2026Q3,1
,False,False,Bloom,secondary,8455948730554,Moganad Estate - Black Honey - Yercaud - Light Roast,,Coffee,250gms / Whole Beans,True,False,True,False,2026Q3,2026Q3,1
,False,False,Bloom,secondary,8455948796090,Salawara Estate - Bloom Honey - Sakleshpur - Medium Light Roast,,Coffee,250gms / Whole Beans,True,False,True,False,2026Q3,2026Q3,1
,False,False,Bloom,secondary,8455948828858,Salawara Estate - Red Honey - Sakleshpur - Medium Light Roast,,Coffee,250gms / Whole Beans,True,False,True,False,2026Q3,2026Q3,1
,False,False,Bloom,secondary,8455948861626,Salawara Estate - Yellow Honey - Sakleshpur - Medium Dark Roast,,Coffee,250gms / Whole Beans,True,False,True,False,2026Q3,2026Q3,1
,False,False,Bloom,secondary,8455948894394,Salawara Estate - Liberica - Naturals - Sakleshpur - Medium Light Roast,,Coffee,250gms / Whole Beans,True,False,True,False,2026Q3,2026Q3,1
,False,False,Bloom,secondary,8455948927162,Sirangalli Community - Naturals - Coorg - Light Roast,,Coffee,250gms / Whole Beans,True,False,True,False,2026Q3,2026Q3,1
,False,False,Bloom,secondary,8455948959930,Venkids Valley Estate - Yellow Honey - Coorg - Light Roast,,Coffee,250gms / Whole Beans | 1000gms / Whole Beans,True,False,True,False,2026Q3,2026Q3,1
,False,False,Bloom,secondary,8455949025466,Biccode Estate - Naturals - Hassan - Medium Roast,,Coffee,250gms / Whole Beans,True,False,True,False,2026Q3,2026Q3,1
,False,False,Blue Tokai,core,1628720988215,Thogarihunkal Estate,,Single Estate Coffee,250g / Whole Bean | 250g / Aeropress | 250g / Channi | 250g / Coffee Filter | 250g / Cold Brew | 250g / Commercial Espresso | 250g / French Press | 250g / Home Espresso | 250g / Inverted Aeropress | 250g / Moka Pot | 250g / Pourover | 250g / South Indian Filter | 250g / Turkish | 500g / Whole Bean | 500g / Aeropress | 500g / Channi | 500g / Coffee Filter | 500g / Cold Brew | 500g / Commercial Espresso | 500g / French Press | 500g / Home Espresso | 500g / Inverted Aeropress | 500g / Moka Pot | 500g / Pourover | 500g / South Indian Filter | 500g / Turkish | 1Kg / Whole Bean | 1Kg / Aeropress |…,False,True,True,False,2023Q1,2025Q2,8
,False,False,Blue Tokai,core,1698722938935,Customised Sampler Pack,,Single Estate Coffee,Whole Beans | Turkish | Home Espresso | Aeropress | Coffee Filter | Moka Pot | South Indian Filter | Cold Brew | Inverted Aeropress | French Press | Channi | Pourover | Commercial Espresso,True,True,True,True,2023Q1,2026Q3,15
0.0,True,False,Blue Tokai,core,1718179725367,Amaltas Blend,Cold Brew Blend Light,Single Estate Coffee,250g / Whole Bean | 250g / Aeropress | 250g / Channi | 250g / Coffee Filter | 250g / Cold Brew | 250g / Commercial Espresso | 250g / French Press | 250g / Home Espresso | 250g / Moka Pot | 250g / Pourover | 250g / South Indian Filter | 250g / Turkish | 250g / Inverted Aeropress | 500g / Whole Bean | 500g / Aeropress | 500g / Channi | 500g / Coffee Filter | 500g / Cold Brew | 500g / Commercial Espresso | 500g / French Press | 500g / Home Espresso | 500g / Moka Pot | 500g / Pourover | 500g / South Indian Filter | 500g / Turkish | 500g / Inverted Aeropress | 1Kg / Whole Bean | 1Kg / Aeropress |…,True,True,True,False,2023Q1,2026Q3,13
,False,False,Blue Tokai,core,2601862596,Baarbara Estate,,Single Estate Coffee,250g / Aeropress | 250g / Channi | 250g / Coffee Filter | 250g / Cold Brew | 250g / Commercial Espresso | 250g / French Press | 250g / Home Espresso | 250g / Inverted Aeropress | 250g / Moka Pot | 250g / Pourover | 250g / South Indian Filter | 250g / Turkish | 250g / Whole Bean | 500g / Aeropress | 500g / Channi | 500g / Coffee Filter | 500g / Cold Brew | 500g / Commercial Espresso | 500g / French Press | 500g / Home Espresso | 500g / Inverted Aeropress | 500g / Moka Pot | 500g / Pourover | 500g / South Indian Filter | 500g / Turkish | 500g / Whole Bean | 1Kg / Aeropress | 1Kg / Channi | 1Kg…,True,True,True,False,2023Q1,2026Q3,13
,False,False,Blue Tokai,core,400881436,Attikan Estate,,Single Estate Coffee,250g / Whole Bean | 250g / Aeropress | 250g / Channi | 250g / Coffee Filter | 250g / Cold Brew | 250g / Commercial Espresso | 250g / French Press | 250g / Home Espresso | 250g / Inverted Aeropress | 250g / Moka Pot | 250g / Pourover | 250g / South Indian Filter | 250g / Turkish | 500g / Whole Bean | 500g / Aeropress | 500g / Channi | 500g / Coffee Filter | 500g / Cold Brew | 500g / Commercial Espresso | 500g / French Press | 500g / Home Espresso | 500g / Inverted Aeropress | 500g / Moka Pot | 500g / Pourover | 500g / South Indian Filter | 500g / Turkish | 1Kg / Whole Bean | 1Kg / Aeropress |…,True,True,True,False,2023Q1,2026Q3,15
,False,False,Blue Tokai,core,410190640,Vienna Roast,,Single Estate Coffee,250g / Whole Bean | 250g / Aeropress | 250g / Channi | 250g / Coffee Filter | 250g / Cold Brew | 250g / Commercial Espresso | 250g / French Press | 250g / Home Espresso | 250g / Inverted Aeropress | 250g / Moka Pot | 250g / Pourover | 250g / South Indian Filter | 250g / Turkish | 500g / Whole Bean | 500g / Aeropress | 500g / Channi | 500g / Coffee Filter | 500g / Cold Brew | 500g / Commercial Espresso | 500g / French Press | 500g / Home Espresso | 500g / Inverted Aeropress | 500g / Moka Pot | 500g / Pourover | 500g / South Indian Filter | 500g / Turkish | 1Kg / Whole Bean | 1Kg / Aeropress |…,True,True,True,False,2023Q1,2026Q3,15
,False,False,Blue Tokai,core,425316984,M.S. Estate,,Single Estate Coffee,250g / Whole Bean | 250g / Aeropress | 250g / Channi | 250g / Coffee Filter | 250g / Cold Brew | 250g / Commercial Espresso | 250g / French Press | 250g / Home Espresso | 250g / Inverted Aeropress | 250g / Moka Pot | 250g / Pourover | 250g / South Indian Filter | 250g / Turkish | 500g / Whole Bean | 500g / Aeropress | 500g / Channi | 500g / Coffee Filter | 500g / Cold Brew | 500g / Commercial Espresso | 500g / French Press | 500g / Home Espresso | 500g / Inverted Aeropress | 500g / Moka Pot | 500g / Pourover | 500g / South Indian Filter | 500g / Turkish | 1Kg / Whole Bean | 1Kg / Aeropress |…,True,True,True,False,2023Q3,2026Q3,8
,False,False,Blue Tokai,core,436795904,Kalledevarapura Estate - Pulp Sun Dried,,Single Estate Coffee,250g / Whole Bean | 250g / Aeropress | 250g / Channi | 250g / Coffee Filter | 250g / Cold Brew | 250g / Commercial Espresso | 250g / French Press | 250g / Home Espresso | 250g / Inverted Aeropress | 250g / Moka Pot | 250g / Pourover | 250g / South Indian Filter | 250g / Turkish | 500g / Whole Bean | 500g / Aeropress | 500g / Channi | 500g / Coffee Filter | 500g / Cold Brew | 500g / Commercial Espresso | 500g / French Press | 500g / Home Espresso | 500g / Inverted Aeropress | 500g / Moka Pot | 500g / Pourover | 500g / South Indian Filter | 500g / Turkish | 1Kg / Whole Bean | 1Kg / Aeropress |…,True,True,True,False,2023Q3,2026Q3,12
0.5,False,False,Blue Tokai,core,4480736919607,Silver Oak Café Blend,Silver Oak Cafe Blend,Single Estate Coffee,250g / Whole Bean | 250g / Aeropress | 250g / Channi | 250g / Coffee Filter | 250g / Cold Brew | 250g / Commercial Espresso | 250g / French Press | 250g / Home Espresso | 250g / Inverted Aeropress | 250g / Moka Pot | 250g / Pourover | 250g / South Indian Filter | 250g / Turkish | 500g / Whole Bean | 500g / Aeropress | 500g / Channi | 500g / Coffee Filter | 500g / Cold Brew | 500g / Commercial Espresso | 500g / French Press | 500g / Home Espresso | 500g / Inverted Aeropress | 500g / Moka Pot | 500g / Pourover | 500g / South Indian Filter | 500g / Turkish | 1Kg / Whole Bean | 1Kg / Aeropress |…,True,True,True,False,2023Q1,2026Q3,14
,False,False,Blue Tokai,core,456367752,French Roast,,Single Estate Coffee,250g / Whole Bean | 250g / Aeropress | 250g / Channi | 250g / Coffee Filter | 250g / Cold Brew | 250g / Commercial Espresso | 250g / French Press | 250g / Home Espresso | 250g / Inverted Aeropress | 250g / Moka Pot | 250g / Pourover | 250g / South Indian Filter | 250g / Turkish | 500g / Whole Bean | 500g / Aeropress | 500g / Channi | 500g / Coffee Filter | 500g / Cold Brew | 500g / Commercial Espresso | 500g / French Press | 500g / Home Espresso | 500g / Inverted Aeropress | 500g / Moka Pot | 500g / Pourover | 500g / South Indian Filter | 500g / Turkish | 1Kg / Whole Bean | 1Kg / Aeropress |…,True,True,True,False,2023Q1,2026Q3,14
,False,False,Blue Tokai,core,456368360,Monsoon Malabar AA- Hoysala Estate,,Single Estate Coffee,250g | 500g | 1Kg | 250g / Whole Bean | 250g / Aeropress | 250g / Channi | 250g / Coffee Filter | 250g / Cold Brew | 250g / Commercial Espresso | 250g / French Press | 250g / Home Espresso | 250g / Inverted Aeropress | 250g / Moka Pot | 250g / Pourover | 250g / South Indian Filter | 250g / Turkish | 500g / Whole Bean | 500g / Aeropress | 500g / Channi | 500g / Coffee Filter | 500g / Cold Brew | 500g / Commercial Espresso | 500g / French Press | 500g / Home Espresso | 500g / Inverted Aeropress | 500g / Moka Pot | 500g / Pourover | 500g / South Indian Filter | 500g / Turkish | 1Kg / Whole Bean…,True,True,True,False,2023Q2,2026Q3,9
0.667,False,False,Blue Tokai,core,4615386857527,Orchardale Estate - Natural,Orchardale Estate,Single Estate Coffee,250g / Whole Bean | 250g / Aeropress | 250g / Channi | 250g / Coffee Filter | 250g / Cold Brew | 250g / Commercial Espresso | 250g / French Press | 250g / Home Espresso | 250g / Inverted Aeropress | 250g / Moka Pot | 250g / Pourover | 250g / South Indian Filter | 250g / Turkish | 500g / Whole Bean | 500g / Aeropress | 500g / Channi | 500g / Coffee Filter | 500g / Cold Brew | 500g / Commercial Espresso | 500g / French Press | 500g / Home Espresso | 500g / Inverted Aeropress | 500g / Moka Pot | 500g / Pourover | 500g / South Indian Filter | 500g / Turkish | 1000g / Whole Bean | 1000g / Aeropres…,False,False,True,False,2023Q1,2023Q4,3
,False,False,Blue Tokai,core,6547929530423,Dhak Blend,,Single Estate Coffee,250g / Whole Bean | 250g / Aeropress | 250g / Channi | 250g / Coffee Filter | 250g / Cold Brew | 250g / Commercial Espresso | 250g / French Press | 250g / Home Espresso | 250g / Inverted Aeropress | 250g / Moka Pot | 250g / Pourover | 250g / South Indian Filter | 250g / Turkish | 500g / Whole Bean | 500g / Aeropress | 500g / Channi | 500g / Coffee Filter | 500g / Cold Brew | 500g / Commercial Espresso | 500g / French Press | 500g / Home Espresso | 500g / Inverted Aeropress | 500g / Moka Pot | 500g / Pourover | 500g / South Indian Filter | 500g / Turkish | 1000g / Whole Bean | 1000g / Aeropres…,True,True,True,False,2023Q1,2026Q3,15
,False,False,Blue Tokai,core,6556397502519,Sandalwood Estate,,Single Estate Coffee,250g / Whole Bean | 250g / Aeropress | 250g / Channi | 250g / Coffee Filter | 250g / Cold Brew | 250g / Commercial Espresso | 250g / French Press | 250g / Home Espresso | 250g / Inverted Aeropress | 250g / Moka Pot | 250g / Pourover | 250g / South Indian Filter | 250g / Turkish | 500g / Whole Bean | 500g / Aeropress | 500g / Channi | 500g / Coffee Filter | 500g / Cold Brew | 500g / Commercial Espresso | 500g / French Press | 500g / Home Espresso | 500g / Inverted Aeropress | 500g / Moka Pot | 500g / Pourover | 500g / South Indian Filter | 500g / Turkish | 1000g / Whole Bean | 1000g / Aeropres…,True,True,True,False,2023Q3,2026Q3,9
,False,False,Blue Tokai,core,6568026243127,Howdia Estate,,Single Estate Coffee,250g / Whole Bean | 250g / Aeropress | 250g / Channi | 250g / Coffee Filter | 250g / Cold Brew | 250g / Commercial Espresso | 250g / French Press | 250g / Home Espresso | 250g / Inverted Aeropress | 250g / Moka Pot | 250g / Pourover | 250g / South Indian Filter | 250g / Turkish | 500g / Whole Bean | 500g / Aeropress | 500g / Channi | 500g / Coffee Filter | 500g / Cold Brew | 500g / Commercial Espresso | 500g / French Press | 500g / Home Espresso | 500g / Inverted Aeropress | 500g / Moka Pot | 500g / Pourover | 500g / South Indian Filter | 500g / Turkish | 1000g / Whole Bean | 1000g / Aeropres…,True,True,True,False,2023Q3,2026Q3,3
,False,False,Blue Tokai,core,6601531981879,Riverdale Estate N72,,Single Estate Coffee,250g / Whole Bean | 250g / Aeropress | 250g / Channi | 250g / Coffee Filter | 250g / Cold Brew | 250g / Commercial Espresso | 250g / French Press | 250g / Home Espresso | 250g / Inverted Aeropress | 250g / Moka Pot | 250g / Pourover | 250g / South Indian Filter | 250g / Turkish | 500g / Whole Bean | 500g / Aeropress | 500g / Channi | 500g / Coffee Filter | 500g / Cold Brew | 500g / Commercial Espresso | 500g / French Press | 500g / Home Espresso | 500g / Inverted Aeropress | 500g / Moka Pot | 500g / Pourover | 500g / South Indian Filter | 500g / Turkish | 1000g / Whole Bean | 1000g / Aeropres…,False,True,True,False,2025Q3,2025Q3,1
,False,False,Blue Tokai,core,6611250282551,Kerehaklu Estate - Robusta,,Single Estate Coffee,250g / Whole Bean | 250g / Aeropress | 250g / Channi | 250g / Coffee Filter | 250g / Cold Brew | 250g / Commercial Espresso | 250g / French Press | 250g / Home Espresso | 250g / Inverted Aeropress | 250g / Moka Pot | 250g / Pourover | 250g / South Indian Filter | 250g / Turkish | 500g / Whole Bean | 500g / Aeropress | 500g / Channi | 500g / Coffee Filter | 500g / Cold Brew | 500g / Commercial Espresso | 500g / French Press | 500g / Home Espresso | 500g / Inverted Aeropress | 500g / Moka Pot | 500g / Pourover | 500g / South Indian Filter | 500g / Turkish | 1000g / Whole Bean | 1000g / Aeropres…,False,False,True,False,2023Q1,2023Q4,4
,False,False,Blue Tokai,core,6623009177655,South Indian Filter Blend,,Single Estate Coffee,250g / Whole Bean | 250g / Aeropress | 250g / Channi | 250g / Coffee Filter | 250g / Cold Brew | 250g / Commercial Espresso | 250g / French Press | 250g / Home Espresso | 250g / Inverted Aeropress | 250g / Moka Pot | 250g / Pourover | 250g / South Indian Filter | 250g / Turkish | 500g / Whole Bean | 500g / Aeropress | 500g / Channi | 500g / Coffee Filter | 500g / Cold Brew | 500g / Commercial Espresso | 500g / French Press | 500g / Home Espresso | 500g / Inverted Aeropress | 500g / Moka Pot | 500g / Pourover | 500g / South Indian Filter | 500g / Turkish | 1000g / Whole Bean | 1000g / Aeropres…,False,True,True,False,2023Q1,2024Q3,6
,False,False,Blue Tokai,core,6624803225655,10th Birthday Blend,,Single Estate Coffee,250g | 500g | 1000g,False,True,True,False,2023Q1,2023Q2,2
0.667,False,False,Blue Tokai,core,6659934912567,Kerehaklu Estate,Kerehaklu Estate - Washed,Single Estate Coffee,250g / Whole Bean | 250g / Aeropress | 250g / Channi | 250g / Coffee Filter | 250g / Cold Brew | 250g / Commercial Espresso | 250g / French Press | 250g / Home Espresso | 250g / Inverted Aeropress | 250g / Moka Pot | 250g / Pourover | 250g / South Indian Filter | 250g / Turkish | 500g / Whole Bean | 500g / Aeropress | 500g / Channi | 500g / Coffee Filter | 500g / Cold Brew | 500g / Commercial Espresso | 500g / French Press | 500g / Home Espresso | 500g / Inverted Aeropress | 500g / Moka Pot | 500g / Pourover | 500g / South Indian Filter | 500g / Turkish | 1000g / Whole Bean | 1000g / Aeropres…,True,True,True,False,2023Q4,2026Q3,6
,False,False,Blue Tokai,core,6669349519415,Yelnoorkhan Estate,,Single Estate Coffee,250g / Whole Bean | 250g / Aeropress | 250g / Channi | 250g / Coffee Filter | 250g / Cold Brew | 250g / Commercial Espresso | 250g / French Press | 250g / Home Espresso | 250g / Inverted Aeropress | 250g / Moka Pot | 250g / Pourover | 250g / South Indian Filter | 250g / Turkish | 500g / Whole Bean | 500g / Aeropress | 500g / Channi | 500g / Coffee Filter | 500g / Cold Brew | 500g / Commercial Espresso | 500g / French Press | 500g / Home Espresso | 500g / Inverted Aeropress | 500g / Moka Pot | 500g / Pourover | 500g / South Indian Filter | 500g / Turkish | 1000g / Whole Bean | 1000g / Aeropres…,False,True,True,False,2023Q3,2025Q1,3
,False,False,Blue Tokai,core,6669351354423,Loyola Estate,,Single Estate Coffee,250g / Whole Bean | 250g / Aeropress | 250g / Channi | 250g / Coffee Filter | 250g / Cold Brew | 250g / Commercial Espresso | 250g / French Press | 250g / Home Espresso | 250g / Inverted Aeropress | 250g / Moka Pot | 250g / Pourover | 250g / South Indian Filter | 250g / Turkish | 500g / Whole Bean | 500g / Aeropress | 500g / Channi | 500g / Coffee Filter | 500g / Cold Brew | 500g / Commercial Espresso | 500g / French Press | 500g / Home Espresso | 500g / Inverted Aeropress | 500g / Moka Pot | 500g / Pourover | 500g / South Indian Filter | 500g / Turkish | 1000g / Whole Bean | 1000g / Aeropres…,False,False,True,False,2023Q1,2023Q2,2
,False,False,Blue Tokai,core,6676414398519,Kolli Berri Estate,,Single Estate Coffee,250g / Whole Bean | 250g / Aeropress | 250g / Channi | 250g / Coffee Filter | 250g / Cold Brew | 250g / Commercial Espresso | 250g / French Press | 250g / Home Espresso | 250g / Inverted Aeropress | 250g / Moka Pot | 250g / Pourover | 250g / South Indian Filter | 250g / Turkish | 500g / Whole Bean | 500g / Aeropress | 500g / Channi | 500g / Coffee Filter | 500g / Cold Brew | 500g / Commercial Espresso | 500g / French Press | 500g / Home Espresso | 500g / Inverted Aeropress | 500g / Moka Pot | 500g / Pourover | 500g / South Indian Filter | 500g / Turkish | 1000g / Whole Bean | 1000g / Aeropres…,True,True,True,False,2023Q3,2026Q3,12
1.0,False,False,Blue Tokai,core,6705415159863,Thogarihunkal Estate - HSD,Thogarihunkal Estate HSD,Single Estate Coffee,250g / Whole Bean | 250g / Aeropress | 250g / Channi | 250g / Coffee Filter | 250g / Cold Brew | 250g / Commercial Espresso | 250g / French Press | 250g / Home Espresso | 250g / Inverted Aeropress | 250g / Moka Pot | 250g / Pourover | 250g / South Indian Filter | 250g / Turkish | 500g / Whole Bean | 500g / Aeropress | 500g / Channi | 500g / Coffee Filter | 500g / Cold Brew | 500g / Commercial Espresso | 500g / French Press | 500g / Home Espresso | 500g / Inverted Aeropress | 500g / Moka Pot | 500g / Pourover | 500g / South Indian Filter | 500g / Turkish | 1000g / Whole Bean | 1000g / Aeropres…,False,True,True,False,2023Q1,2024Q2,5
,False,False,Blue Tokai,core,6719156650039,Shivagange Estate,,Single Estate Coffee,250g / Whole Bean | 250g / Aeropress | 250g / Channi | 250g / Coffee Filter | 250g / Cold Brew | 250g / Commercial Espresso | 250g / French Press | 250g / Home Espresso | 250g / Inverted Aeropress | 250g / Moka Pot | 250g / Pourover | 250g / South Indian Filter | 250g / Turkish | 500g / Whole Bean | 500g / Aeropress | 500g / Channi | 500g / Coffee Filter | 500g / Cold Brew | 500g / Commercial Espresso | 500g / French Press | 500g / Home Espresso | 500g / Inverted Aeropress | 500g / Moka Pot | 500g / Pourover | 500g / South Indian Filter | 500g / Turkish | 1000g / Whole Bean | 1000g / Aeropres…,False,True,True,False,2023Q4,2024Q1,2
,False,False,Blue Tokai,core,6725619482679,Stanmore Estate,,Single Estate Coffee,250g / Whole Bean | 250g / Aeropress | 250g / Channi | 250g / Coffee Filter | 250g / Cold Brew | 250g / Commercial Espresso | 250g / French Press | 250g / Home Espresso | 250g / Inverted Aeropress | 250g / Moka Pot | 250g / Pourover | 250g / South Indian Filter | 250g / Turkish | 500g / Whole Bean | 500g / Aeropress | 500g / Channi | 500g / Coffee Filter | 500g / Cold Brew | 500g / Commercial Espresso | 500g / French Press | 500g / Home Espresso | 500g / Inverted Aeropress | 500g / Moka Pot | 500g / Pourover | 500g / South Indian Filter | 500g / Turkish | 1000g / Whole Bean | 1000g / Aeropres…,False,True,True,False,2023Q1,2024Q1,4
0.667,False,False,Blue Tokai,core,6731348017207,Unakki Estate,Unakki Estate - Washed,Single Estate Coffee,250g / Whole Bean | 250g / Aeropress | 250g / Channi | 250g / Coffee Filter | 250g / Cold Brew | 250g / Commercial Espresso | 250g / French Press | 250g / Home Espresso | 250g / Inverted Aeropress | 250g / Moka Pot | 250g / Pourover | 250g / South Indian Filter | 250g / Turkish | 500g / Whole Bean | 500g / Aeropress | 500g / Channi | 500g / Coffee Filter | 500g / Cold Brew | 500g / Commercial Espresso | 500g / French Press | 500g / Home Espresso | 500g / Inverted Aeropress | 500g / Moka Pot | 500g / Pourover | 500g / South Indian Filter | 500g / Turkish | 1000g / Whole Bean | 1000g / Aeropres…,True,True,True,False,2023Q3,2026Q3,6
,False,False,Blue Tokai,core,6733033734199,Sampigehoney Estate,,Single Estate Coffee,250g / Whole Bean | 250g / Aeropress | 250g / Channi | 250g / Coffee Filter | 250g / Cold Brew | 250g / Commercial Espresso | 250g / French Press | 250g / Home Espresso | 250g / Inverted Aeropress | 250g / Moka Pot | 250g / Pourover | 250g / South Indian Filter | 250g / Turkish | 500g / Whole Bean | 500g / Aeropress | 500g / Channi | 500g / Coffee Filter | 500g / Cold Brew | 500g / Commercial Espresso | 500g / French Press | 500g / Home Espresso | 500g / Inverted Aeropress | 500g / Moka Pot | 500g / Pourover | 500g / South Indian Filter | 500g / Turkish | 1000g / Whole Bean | 1000g / Aeropres…,True,True,True,False,2023Q1,2026Q3,8
,False,False,Blue Tokai,core,6748258172983,Central Washing Station Coffees (Pack of 3),,Gifting,3 Pack Coffee Bundle,False,True,True,True,2023Q1,2023Q2,2
,False,False,Blue Tokai,core,6748328984631,Central Washing Station Coffees (Pack of 5),,Gifting,5 Pack Coffee Bundle,False,True,True,True,2023Q1,2023Q2,2
,False,False,Blue Tokai,core,6774577135671,Hidden Falls Estate,,Single Estate Coffee,250g / Whole Beans | 250g / Aeropress | 250g / Channi | 250g / Coffee Filter | 250g / Cold Brew | 250g / Commercial Espresso | 250g / French Press | 250g / Home Espresso | 250g / Inverted Aeropress | 250g / Moka Pot | 250g / Pourover | 250g / South Indian Filter | 250g / Turkish | 500g / Whole Beans | 500g / Aeropress | 500g / Channi | 500g / Coffee Filter | 500g / Cold Brew | 500g / Commercial Espresso | 500g / French Press | 500g / Home Espresso | 500g / Inverted Aeropress | 500g / Moka Pot | 500g / Pourover | 500g / South Indian Filter | 500g / Turkish | 1000g / Whole Beans | 1000g / Aerop…,False,True,True,False,2023Q1,2025Q1,3
0.667,False,False,Blue Tokai,core,6812836823095,Seethargundu Estate,Seethargundu Estate - Light,Single Estate Coffee,250g / Whole Bean | 250g / Aeropress | 250g / Channi | 250g / Coffee Filter | 250g / Cold Brew | 250g / Commercial Espresso | 250g / French Press | 250g / Home Espresso | 250g / Inverted Aeropress | 250g / Moka Pot | 250g / Pourover | 250g / South Indian Filter | 250g / Turkish | 500g / Whole Bean | 500g / Aeropress | 500g / Channi | 500g / Coffee Filter | 500g / Cold Brew | 500g / Commercial Espresso | 500g / French Press | 500g / Home Espresso | 500g / Inverted Aeropress | 500g / Moka Pot | 500g / Pourover | 500g / South Indian Filter | 500g / Turkish | 1Kg / Whole Bean | 1Kg / Aeropress |…,False,True,True,False,2023Q3,2025Q4,7
,False,False,Blue Tokai,core,6814187094071,Basankhan Estate,,Single Estate Coffee,250g / Whole Bean | 250g / Aeropress | 250g / Channi | 250g / Coffee Filter | 250g / Cold Brew | 250g / Commercial Espresso | 250g / French Press | 250g / Home Espresso | 250g / Inverted Aeropress | 250g / Moka Pot | 250g / Pourover | 250g / South Indian Filter | 250g / Turkish | 500g / Whole Bean | 500g / Aeropress | 500g / Channi | 500g / Coffee Filter | 500g / Cold Brew | 500g / Commercial Espresso | 500g / French Press | 500g / Home Espresso | 500g / Inverted Aeropress | 500g / Moka Pot | 500g / Pourover | 500g / South Indian Filter | 500g / Turkish | 1000g / Whole Bean | 1000g / Aeropres…,True,True,True,False,2023Q3,2026Q3,10
,False,False,Blue Tokai,core,6820236689463,Hoysala Estate - Natural,,Single Estate Coffee,250g / Aeropress | 250g / Channi | 250g / Coffee Filter | 250g / Cold Brew | 250g / Commercial Espresso | 250g / French Press | 250g / Home Espresso | 250g / Inverted Aeropress | 250g / Moka Pot | 250g / Pourover | 250g / South Indian Filter | 250g / Turkish | 250g / Whole Bean | 500g / Aeropress | 500g / Channi | 500g / Coffee Filter | 500g / Cold Brew | 500g / Commercial Espresso | 500g / French Press | 500g / Home Espresso | 500g / Inverted Aeropress | 500g / Moka Pot | 500g / Pourover | 500g / South Indian Filter | 500g / Turkish | 500g / Whole Bean | 1000g / Aeropress | 1000g / Channi |…,False,True,True,False,2023Q3,2024Q2,3
,False,False,Blue Tokai,core,6820237279287,Baarbara Estate - Intenso Yeast,,,200g / Aeropress | 200g / Channi | 200g / Coffee Filter | 200g / Cold Brew | 200g / Commercial Espresso | 200g / French Press | 200g / Home Espresso | 200g / Inverted Aeropress | 200g / Moka Pot | 200g / Pourover | 200g / South Indian Filter | 200g / Turkish | 200g / Whole Beans,False,True,True,False,2023Q3,2023Q3,1
1.0,False,False,Blue Tokai,core,6835135709239,The Rich & Bold Trio Pack-Coffee beans,The Rich & Bold Trio Pack,Single Estate Coffee,Whole Bean | Aeropress | Channi | Coffee Filter | Cold Brew | Commercial Espresso | French Press | Home Espresso | Inverted Aeropress | Moka Pot | Pourover | South Indian Filter | Turkish,True,True,True,True,2023Q4,2026Q3,12
,False,False,Blue Tokai,core,6838185590839,Bettadamalali Estate - Natural,,Single Estate Coffee,250g / Aeropress | 250g / Channi | 250g / Coffee Filter | 250g / Cold Brew | 250g / Commercial Espresso | 250g / French Press | 250g / Home Espresso | 250g / Inverted Aeropress | 250g / Moka Pot | 250g / Pourover | 250g / South Indian Filter | 250g / Turkish | 250g / Whole Bean | 500g / Aeropress | 500g / Channi | 500g / Coffee Filter | 500g / Cold Brew | 500g / Commercial Espresso | 500g / French Press | 500g / Home Espresso | 500g / Inverted Aeropress | 500g / Moka Pot | 500g / Pourover | 500g / South Indian Filter | 500g / Turkish | 500g / Whole Bean | 1000g / Aeropress | 1000g / Channi |…,False,True,True,False,2023Q4,2023Q4,1
,False,False,Blue Tokai,core,6840509825079,Riverdale Estate - Aroma,,Single Estate Coffee,250g / Aeropress | 250g / Channi | 250g / Coffee Filter | 250g / Cold Brew | 250g / Commercial Espresso | 250g / French Press | 250g / Home Espresso | 250g / Inverted Aeropress | 250g / Moka Pot | 250g / Pourover | 250g / South Indian Filter | 250g / Turkish | 250g / Whole Bean | 500g / Aeropress | 500g / Channi | 500g / Coffee Filter | 500g / Cold Brew | 500g / Commercial Espresso | 500g / French Press | 500g / Home Espresso | 500g / Inverted Aeropress | 500g / Moka Pot | 500g / Pourover | 500g / South Indian Filter | 500g / Turkish | 500g / Whole Bean | 1000g / Aeropress | 1000g / Channi |…,False,True,True,False,2023Q4,2025Q4,2
,False,False,Blue Tokai,core,6848137658423,Diwali Blend,,Single Estate Coffee,250g / Aeropress | 250g / Channi | 250g / Coffee Filter | 250g / Cold Brew | 250g / Commercial Espresso | 250g / French Press | 250g / Home Espresso | 250g / Inverted Aeropress | 250g / Moka Pot | 250g / Pourover | 250g / South Indian Filter | 250g / Turkish | 250g / Whole Bean | 500g / Aeropress | 500g / Channi | 500g / Coffee Filter | 500g / Cold Brew | 500g / Commercial Espresso | 500g / French Press | 500g / Home Espresso | 500g / Inverted Aeropress | 500g / Moka Pot | 500g / Pourover | 500g / South Indian Filter | 500g / Turkish | 500g / Whole Bean | 1000g / Aeropress | 1000g / Channi |…,False,True,True,False,2023Q4,2025Q4,3
,False,False,Blue Tokai,core,6848144670775,Salawara Estate - Robusta,,Single Estate Coffee,250g / Aeropress | 250g / Channi | 250g / Coffee Filter | 250g / Cold Brew | 250g / Commercial Espresso | 250g / French Press | 250g / Home Espresso | 250g / Inverted Aeropress | 250g / Moka Pot | 250g / Pourover | 250g / South Indian Filter | 250g / Turkish | 250g / Whole Bean | 500g / Aeropress | 500g / Channi | 500g / Coffee Filter | 500g / Cold Brew | 500g / Commercial Espresso | 500g / French Press | 500g / Home Espresso | 500g / Inverted Aeropress | 500g / Moka Pot | 500g / Pourover | 500g / South Indian Filter | 500g / Turkish | 500g / Whole Bean | 1000g / Aeropress | 1000g / Channi |…,False,True,True,False,2023Q4,2023Q4,1
,False,False,Blue Tokai,core,6853329846327,MSP Orchardale: Natural,,Producer Series,200g,False,True,True,False,2023Q4,2023Q4,1
,False,False,Blue Tokai,core,6869837054007,Krishnagiri Estate,,,250g / Aeropress | 250g / Channi | 250g / Coffee Filter | 250g / Cold Brew | 250g / Commercial Espresso | 250g / French Press | 250g / Home Espresso | 250g / Inverted Aeropress | 250g / Moka Pot | 250g / Pourover | 250g / South Indian Filter | 250g / Turkish | 250g / Whole Bean | 500g / Aeropress | 500g / Channi | 500g / Coffee Filter | 500g / Cold Brew | 500g / Commercial Espresso | 500g / French Press | 500g / Home Espresso | 500g / Inverted Aeropress | 500g / Moka Pot | 500g / Pourover | 500g / South Indian Filter | 500g / Turkish | 500g / Whole Bean | 1000g / Aeropress | 1000g / Channi |…,False,True,True,False,2023Q4,2023Q4,1
,False,False,Blue Tokai,core,6878196498487,Riverdale Estate – 3xNaturals,,Producer Series,75gx3,False,True,,False,2023Q4,2023Q4,1
,False,False,Blue Tokai,core,6879017762871,Gundikhan Estate,,,250g / Aeropress | 250g / Channi | 250g / Coffee Filter | 250g / Cold Brew | 250g / Commercial Espresso | 250g / French Press | 250g / Home Espresso | 250g / Inverted Aeropress | 250g / Moka Pot | 250g / Pourover | 250g / South Indian Filter | 250g / Turkish | 250g / Whole Bean | 500g / Aeropress | 500g / Channi | 500g / Coffee Filter | 500g / Cold Brew | 500g / Commercial Espresso | 500g / French Press | 500g / Home Espresso | 500g / Inverted Aeropress | 500g / Moka Pot | 500g / Pourover | 500g / South Indian Filter | 500g / Turkish | 500g / Whole Bean | 1000g / Aeropress | 1000g / Channi |…,False,True,True,False,2023Q4,2023Q4,1
,False,False,Blue Tokai,core,6882611265591,Koraput- Madhu Agro Plantation,,Single Estate Coffee,250g / Aeropress | 250g / Channi | 250g / Coffee Filter | 250g / Cold Brew | 250g / Commercial Espresso | 250g / French Press | 250g / Home Espresso | 250g / Inverted Aeropress | 250g / Moka Pot | 250g / Pourover | 250g / South Indian Filter | 250g / Turkish | 250g / Whole Bean | 500g / Aeropress | 500g / Channi | 500g / Coffee Filter | 500g / Cold Brew | 500g / Commercial Espresso | 500g / French Press | 500g / Home Espresso | 500g / Inverted Aeropress | 500g / Moka Pot | 500g / Pourover | 500g / South Indian Filter | 500g / Turkish | 500g / Whole Bean | 1000g / Aeropress | 1000g / Channi |…,False,True,True,False,2023Q4,2023Q4,1
,False,False,Blue Tokai,core,6904075485239,11th Birthday Blend,,Single Estate Coffee,250g / Aeropress | 250g / Channi | 250g / Coffee Filter | 250g / Cold Brew | 250g / Commercial Espresso | 250g / French Press | 250g / Home Espresso | 250g / Inverted Aeropress | 250g / Moka Pot | 250g / Pourover | 250g / South Indian Filter | 250g / Turkish | 250g / Whole Bean | 500g / Aeropress | 500g / Channi | 500g / Coffee Filter | 500g / Cold Brew | 500g / Commercial Espresso | 500g / French Press | 500g / Home Espresso | 500g / Inverted Aeropress | 500g / Moka Pot | 500g / Pourover | 500g / South Indian Filter | 500g / Turkish | 500g / Whole Bean | 1000g / Aeropress | 1000g / Channi |…,False,True,True,False,2024Q1,2024Q1,1
,False,False,Blue Tokai,core,6904312660023,SICC - Sirangalli Community,,Single Estate Coffee,250g / Aeropress | 250g / Channi | 250g / Coffee Filter | 250g / Cold Brew | 250g / Commercial Espresso | 250g / French Press | 250g / Home Espresso | 250g / Inverted Aeropress | 250g / Moka Pot | 250g / Pourover | 250g / South Indian Filter | 250g / Turkish | 250g / Whole Bean | 500g / Aeropress | 500g / Channi | 500g / Coffee Filter | 500g / Cold Brew | 500g / Commercial Espresso | 500g / French Press | 500g / Home Espresso | 500g / Inverted Aeropress | 500g / Moka Pot | 500g / Pourover | 500g / South Indian Filter | 500g / Turkish | 500g / Whole Bean | 1000g / Aeropress | 1000g / Channi |…,False,True,True,False,2024Q1,2024Q1,1
,False,False,Blue Tokai,core,6916026892343,Central Washing Station,,Gifting,3 Pack Coffee Bundle,False,True,,False,2024Q1,2024Q1,1
,False,False,Blue Tokai,core,6920318943287,Sampigehoney Estate | Medium Dark Roast - Single Serve,,sachet,Whole Beans | Home Espresso and Aeropress | French Press and Channi,False,True,,False,2024Q1,2024Q1,1
,False,False,Blue Tokai,core,6920334147639,Silver Oak Blend  | Medium Roast - Single Serve,,sachet,Whole Beans | Home Espresso and Aeropress | French Press and Channi,False,False,,False,2024Q1,2024Q1,1
,False,False,Blue Tokai,core,6953214869559,5-in-1 Explorer Pack,,Single Estate Coffee,Whole Bean | Aeropress | Channi | Coffee Filter | Cold Brew | Commercial Espresso | French Press | Home Espresso | Inverted Aeropress | Moka Pot | Pourover | South Indian Filter | Turkish,True,True,True,True,2024Q2,2026Q3,10
,False,False,Blue Tokai,core,7128277778487,Kerehaklu Estate – Thermal Shock,,Producer Series,200g / Aeropress | 200g / Channi | 200g / Coffee Filter | 200g / Cold Brew | 200g / Commercial Espresso | 200g / French Press | 200g / Home Espresso | 200g / Inverted Aeropress | 200g / Moka Pot | 200g / Pourover | 200g / South Indian Filter | 200g / Turkish | 200g / Whole Bean,False,True,True,False,2024Q3,2024Q3,1
,False,False,Blue Tokai,core,7141857198135,Yellikodige Estate,,Single Estate Coffee,250g / Aeropress | 250g / Channi | 250g / Coffee Filter | 250g / Cold Brew | 250g / Commercial Espresso | 250g / French Press | 250g / Home Espresso | 250g / Inverted Aeropress | 250g / Moka Pot | 250g / Pourover | 250g / South Indian Filter | 250g / Turkish | 250g / Whole Bean | 500g / Aeropress | 500g / Channi | 500g / Coffee Filter | 500g / Cold Brew | 500g / Commercial Espresso | 500g / French Press | 500g / Home Espresso | 500g / Inverted Aeropress | 500g / Moka Pot | 500g / Pourover | 500g / South Indian Filter | 500g / Turkish | 500g / Whole Bean | 1000g / Aeropress | 1000g / Channi |…,False,True,True,False,2024Q3,2025Q1,3
,False,False,Blue Tokai,core,7151179563063,Monsoon Blend,,,250g / Aeropress | 250g / Channi | 250g / Coffee Filter | 250g / Cold Brew | 250g / Commercial Espresso | 250g / French Press | 250g / Home Espresso | 250g / Inverted Aeropress | 250g / Moka Pot | 250g / Pourover | 250g / South Indian Filter | 250g / Turkish | 250g / Whole Bean | 500g / Aeropress | 500g / Channi | 500g / Coffee Filter | 500g / Cold Brew | 500g / Commercial Espresso | 500g / French Press | 500g / Home Espresso | 500g / Inverted Aeropress | 500g / Moka Pot | 500g / Pourover | 500g / South Indian Filter | 500g / Turkish | 500g / Whole Bean | 1000g / Aeropress | 1000g / Channi |…,False,True,True,False,2024Q3,2024Q3,1
,False,False,Blue Tokai,core,7180851380279,Origin Unhurried: Chikmagalur Pack,,Single Estate Coffee,Whole Bean | Aeropress | Channi | Coffee Filter | Cold Brew | Commercial Espresso | French Press | Home Espresso | Inverted Aeropress | Moka Pot | Pourover | South Indian Filter | Turkish,False,True,True,True,2024Q4,2024Q4,1
,False,False,Blue Tokai,core,7201269973047,Amruthavarshini Estate,,Single Estate Coffee,250g / Whole Bean | 250g / Aeropress | 250g / Channi | 250g / Coffee Filter | 250g / Cold Brew | 250g / Commercial Espresso | 250g / French Press | 250g / Home Espresso | 250g / Inverted Aeropress | 250g / Moka Pot | 250g / Pourover | 250g / South Indian Filter | 250g / Turkish | 500g / Whole Bean | 500g / Aeropress | 500g / Channi | 500g / Coffee Filter | 500g / Cold Brew | 500g / Commercial Espresso | 500g / French Press | 500g / Home Espresso | 500g / Inverted Aeropress | 500g / Moka Pot | 500g / Pourover | 500g / South Indian Filter | 500g / Turkish | 1000g / Whole Bean | 1000g / Aeropres…,True,True,True,False,2024Q4,2026Q3,4
,False,False,Blue Tokai,core,7203513761847,Origin Unhurried: Araku Valley Pack,,Single Estate Coffee,Whole Bean | Aeropress | Channi | Coffee Filter | Cold Brew | Commercial Espresso | French Press | Home Espresso | Inverted Aeropress | Moka Pot | Pourover | South Indian Filter | Turkish,False,True,True,True,2024Q4,2024Q4,1
,False,False,Blue Tokai,core,7204001185847,Winter Blend,,Single Estate Coffee,250g / Aeropress | 250g / Channi | 250g / Coffee Filter | 250g / Cold Brew | 250g / Commercial Espresso | 250g / French Press | 250g / Home Espresso | 250g / Inverted Aeropress | 250g / Moka Pot | 250g / Pourover | 250g / South Indian Filter | 250g / Turkish | 250g / Whole Bean | 500g / Aeropress | 500g / Channi | 500g / Coffee Filter | 500g / Cold Brew | 500g / Commercial Espresso | 500g / French Press | 500g / Home Espresso | 500g / Inverted Aeropress | 500g / Moka Pot | 500g / Pourover | 500g / South Indian Filter | 500g / Turkish | 500g / Whole Bean | 1000g / Aeropress | 1000g / Channi |…,True,True,True,False,2024Q4,2026Q3,4
,False,False,Blue Tokai,core,7208527298615,Riverdale Estate – Gesha Natural,,Nano,150g,False,True,True,False,2025Q1,2025Q1,1
,False,False,Blue Tokai,core,7210364895287,Wine Barrel Aged Coffee,,,250g,False,True,True,False,2025Q1,2025Q1,1
,False,False,Blue Tokai,core,7213329088567,Salawara Estate - Lot 1418,,Single Estate Coffee,250g,False,True,True,False,2025Q1,2025Q1,1
0.5,False,False,Blue Tokai,core,7215158755383,Raxidi Lobo Estate - Anaerobic Natural,Raxidi Estate - Natural | Raxidi Lobo Estate,,250g | 250g / Whole Bean | 250g / Aeropress | 250g / Channi | 250g / Coffee Filter | 250g / Cold Brew | 250g / Commercial Espresso | 250g / French Press | 250g / Home Espresso | 250g / Inverted Aeropress | 250g / Moka Pot | 250g / Pourover | 250g / South Indian Filter | 250g / Turkish | 500g / Whole Bean | 500g / Aeropress | 500g / Channi | 500g / Coffee Filter | 500g / Cold Brew | 500g / Commercial Espresso | 500g / French Press | 500g / Home Espresso | 500g / Inverted Aeropress | 500g / Moka Pot | 500g / Pourover | 500g / South Indian Filter | 500g / Turkish | 1kg / Whole Bean | 1kg / Aerop…,True,True,True,False,2025Q1,2026Q3,3
,False,False,Blue Tokai,core,7284647002167,St. Joseph Estate,,Single Estate Coffee,250g / Whole Bean | 250g / Aeropress | 250g / Channi | 250g / Coffee Filter | 250g / Cold Brew | 250g / Commercial Espresso | 250g / French Press | 250g / Home Espresso | 250g / Inverted Aeropress | 250g / Moka Pot | 250g / Pourover | 250g / South Indian Filter | 250g / Turkish | 500g / Whole Bean | 500g / Aeropress | 500g / Channi | 500g / Coffee Filter | 500g / Cold Brew | 500g / Commercial Espresso | 500g / French Press | 500g / Home Espresso | 500g / Inverted Aeropress | 500g / Moka Pot | 500g / Pourover | 500g / South Indian Filter | 500g / Turkish | 1kg / Whole Bean | 1kg / Aeropress |…,True,True,True,False,2025Q3,2026Q3,5
,False,False,Blue Tokai,core,7291051016247,Riverdale Estate – Fruit Punch,,Producer Series,200g,False,True,True,False,2025Q3,2025Q3,1
,False,False,Blue Tokai,core,7292888285239,Krishnagiri Estate,,Single Estate Coffee,250g / Whole Bean | 250g / Aeropress | 250g / Channi | 250g / Coffee Filter | 250g / Cold Brew | 250g / Commercial Espresso | 250g / French Press | 250g / Home Espresso | 250g / Inverted Aeropress | 250g / Moka Pot | 250g / Pourover | 250g / South Indian Filter | 250g / Turkish | 500g / Whole Bean | 500g / Aeropress | 500g / Channi | 500g / Coffee Filter | 500g / Cold Brew | 500g / Commercial Espresso | 500g / French Press | 500g / Home Espresso | 500g / Inverted Aeropress | 500g / Moka Pot | 500g / Pourover | 500g / South Indian Filter | 500g / Turkish | 1kg / Whole Bean | 1kg / Aeropress |…,True,True,True,False,2025Q3,2026Q3,5
,False,False,Blue Tokai,core,7308826279991,Warsanlyngdoh Coffee Collective,,Single Estate Coffee,250g / Whole Bean | 250g / Aeropress | 250g / Channi | 250g / Coffee Filter | 250g / Cold Brew | 250g / Commercial Espresso | 250g / French Press | 250g / Home Espresso | 250g / Inverted Aeropress | 250g / Moka Pot | 250g / Pourover | 250g / South Indian Filter | 250g / Turkish | 500g / Whole Bean | 500g / Aeropress | 500g / Channi | 500g / Coffee Filter | 500g / Cold Brew | 500g / Commercial Espresso | 500g / French Press | 500g / Home Espresso | 500g / Inverted Aeropress | 500g / Moka Pot | 500g / Pourover | 500g / South Indian Filter | 500g / Turkish | 1000g / Whole Bean | 1000g / Aeropres…,True,True,True,False,2025Q3,2026Q3,5
,False,False,Blue Tokai,core,7314532401207,Mooleh Manay Estate – CM Natural,,Producer Series,200g,True,True,True,False,2025Q4,2026Q3,4
,False,False,Blue Tokai,core,7314721898551,The Monsoon Trio,,Single Estate Coffee,Whole Bean | Aeropress | Channi | Coffee Filter | Cold Brew | Commercial Espresso | French Press | Home Espresso | Inverted Aeropress | Moka Pot | Pourover | South Indian Filter | Turkish,True,True,True,True,2025Q3,2026Q3,2
,False,False,Blue Tokai,core,7320180424759,SKIA Coffee (Pack of 2),,,200g,True,True,True,False,2025Q3,2026Q3,5
,False,False,Blue Tokai,core,7326021877815,Kuttinkhan Upper Estate,,Single Estate Coffee,250g / Whole Bean | 250g / Aeropress | 250g / Channi | 250g / Coffee Filter | 250g / Cold Brew | 250g / Commercial Espresso | 250g / French Press | 250g / Home Espresso | 250g / Inverted Aeropress | 250g / Moka Pot | 250g / Pourover | 250g / South Indian Filter | 250g / Turkish | 500g / Whole Bean | 500g / Aeropress | 500g / Channi | 500g / Coffee Filter | 500g / Cold Brew | 500g / Commercial Espresso | 500g / French Press | 500g / Home Espresso | 500g / Inverted Aeropress | 500g / Moka Pot | 500g / Pourover | 500g / South Indian Filter | 500g / Turkish | 1kg / Whole Bean | 1kg / Aeropress |…,False,True,True,False,2025Q4,2025Q4,1
,False,False,Blue Tokai,core,7364722491447,SICC - Excelsa,,Nano,100gms,False,True,True,False,2025Q4,2025Q4,1
,False,False,Blue Tokai,core,7376323903543,Half - Caff,,,100g | 200g,True,True,True,False,2026Q1,2026Q3,3
,False,False,Blue Tokai,core,7390307024951,13th Birthday Blend,,,250g / Whole Bean | 250g / Aeropress | 250g / Channi | 250g / Coffee Filter | 250g / Cold Brew | 250g / Commercial Espresso | 250g / French Press | 250g / Home Espresso | 250g / Inverted Aeropress | 250g / Moka Pot | 250g / Pourover | 250g / South Indian Filter | 250g / Turkish | 500g / Whole Bean | 500g / Aeropress | 500g / Channi | 500g / Coffee Filter | 500g / Cold Brew | 500g / Commercial Espresso | 500g / French Press | 500g / Home Espresso | 500g / Inverted Aeropress | 500g / Moka Pot | 500g / Pourover | 500g / South Indian Filter | 500g / Turkish | 1000g / Whole Bean | 1000g / Aeropres…,True,True,True,False,2026Q1,2026Q3,3
,False,False,Blue Tokai,core,7390307090487,Ratnagiri Estate - Dark Room Natural,,Nano,100gms,False,True,True,False,2026Q1,2026Q2,2
,False,False,Blue Tokai,core,7398919602231,Kalledevarapura Estate - The Fermentation Edit,,Nano,250gms,False,True,True,False,2026Q1,2026Q2,2
,False,False,Blue Tokai,core,7407376695351,Riverdale Estate - White Rose,,,200g,False,True,True,False,2026Q1,2026Q2,2
,False,False,Blue Tokai,core,7412302413879,The Teenage Trail - Box of 13 Coffees,,,390g,True,True,True,True,2026Q1,2026Q3,3
,False,False,Blue Tokai,core,7455042928695,Araku - Viishalakshi FPC,,,250g | 500g | 1000g,True,False,True,False,2026Q3,2026Q3,1
,False,False,Blue Tokai,core,7458772779063,Elkhill Estates,,,250g | 500g | 1000g,True,False,True,False,2026Q3,2026Q3,1
,False,False,Blue Tokai,core,7465918988343,Kerehaklu Estate - Blossom Culture,,,200g,True,False,True,False,2026Q3,2026Q3,1
,False,False,Blue Tokai,core,7473689788471,Salawara Estate,,Single Estate Coffee,250g | 500g | 1000g,True,False,True,False,2026Q3,2026Q3,1
,False,False,Blue Tokai,core,7490953216055,Raxidi Lobo Estate - Pichia Yeast,,,200g,True,False,True,False,2026Q3,2026Q3,1
,False,False,Blue Tokai,core,7507895812151,Riverdale Estate - Mosto,,Producer Series,200g,True,False,True,False,2026Q3,2026Q3,1
,False,False,Blue Tokai,core,7512628527159,Baarbara Estate - Whiskey Barrel Aged,,Single Estate Coffee,250g,True,False,True,False,2026Q3,2026Q3,1
,False,False,Blue Tokai,core,7521686945847,Excelsa by Mooleh Manay Estate,,Nano,100g,True,False,True,False,2026Q3,2026Q3,1
,False,False,Blue Tokai,core,7525386813495,Terroir Culture by Ratnagiri Estate,,Producer Series,200g,True,False,True,False,2026Q3,2026Q3,1
,False,False,Blue Tokai,core,9516855880,Cold Brew Blend Bold,,Single Estate Coffee,250g / Whole Bean | 250g / Aeropress | 250g / Channi | 250g / Coffee Filter | 250g / Cold Brew | 250g / Commercial Espresso | 250g / French Press | 250g / Home Espresso | 250g / Inverted Aeropress | 250g / Moka Pot | 250g / Pourover | 250g / South Indian Filter | 250g / Turkish | 500g / Whole Bean | 500g / Aeropress | 500g / Channi | 500g / Coffee Filter | 500g / Cold Brew | 500g / Commercial Espresso | 500g / French Press | 500g / Home Espresso | 500g / Inverted Aeropress | 500g / Moka Pot | 500g / Pourover | 500g / South Indian Filter | 500g / Turkish | 1Kg / Whole Bean | 1Kg / Aeropress |…,True,True,True,False,2023Q1,2026Q3,13
,False,False,Corridor Seven,core,2040943575097,Baarbara Estate Washed Process,,,DRIP MACHINE / 250g | DRIP MACHINE / 500g | DRIP MACHINE / 1kg | Home Espresso Machine / 250g | Home Espresso Machine / 500g | Home Espresso Machine / 1kg | Commercial Espresso Machine / 250g | Commercial Espresso Machine / 500g | Commercial Espresso Machine / 1kg | Regular Aeropress / 250g | Regular Aeropress / 500g | Regular Aeropress / 1kg | Inverted Aeropress / 250g | Inverted Aeropress / 500g | Inverted Aeropress / 1kg | Moka pot / 250g | Moka pot / 500g | Moka pot / 1kg | South indian filter / 250g | South indian filter / 500g | South indian filter / 1kg | Turkish / 250g | Turkish / 500…,True,True,True,False,2023Q1,2026Q3,5
,False,False,Corridor Seven,core,2040988500025,Vienna Roast,,,Whole beans / 250g | Whole beans / 500g | Whole beans / 1kg | Home Espresso Machine / 250g | Home Espresso Machine / 500g | Home Espresso Machine / 1kg | Commercial Espresso Machine / 250g | Commercial Espresso Machine / 500g | Commercial Espresso Machine / 1kg | Regular Aeropress / 250g | Regular Aeropress / 500g | Regular Aeropress / 1kg | Inverted Aeropress / 250g | Inverted Aeropress / 500g | Inverted Aeropress / 1kg | Channi ( Tea Strainer ) / 250g | Channi ( Tea Strainer ) / 500g | Channi ( Tea Strainer ) / 1kg | Moka pot / 250g | Moka pot / 500g | Moka pot / 1kg | South india filter /…,True,True,True,False,2023Q1,2026Q3,6
,False,False,Corridor Seven,core,2045063856185,French Roast,,,Whole beans / 250g | Whole beans / 500g | Whole beans / 1kg | HOME ESPRESSO MACHINE / 250g | HOME ESPRESSO MACHINE / 500g | HOME ESPRESSO MACHINE / 1kg | Commercial ESPRESSO MACHINE / 250g | Commercial ESPRESSO MACHINE / 500g | Commercial ESPRESSO MACHINE / 1kg | Regular Aeropress / 250g | Regular Aeropress / 500g | Regular Aeropress / 1kg | Inverted Aeropress / 250g | Inverted Aeropress / 500g | Inverted Aeropress / 1kg | Channi ( Tea Strainer ) / 250g | Channi ( Tea Strainer ) / 500g | Channi ( Tea Strainer ) / 1kg | Moka pot / 250g | Moka pot / 500g | Moka pot / 1kg | South india filter /…,True,True,True,False,2023Q1,2026Q3,6
,False,False,Corridor Seven,core,2229869412409,SAMPLER PACK,,,DRIP MACHINE / 75gm*3 | HOME ESPRESSO MACHINE / 75gm*3 | Commercial ESPRESSO MACHINE / 75gm*3 | REGULAR AEROPRESS / 75gm*3 | INVERTED AEROPRESS / 75gm*3 | MOKA POT / 75gm*3 | SOUTH INDIAN FILTER / 75gm*3 | TURKISH / 75gm*3 | COLD BREW / 75gm*3 | WHOLE BEANS / 75gm*3 | Channi ( Tea Strainer ) / 75gm*3 | FRENCH PRESS / 75gm*3 | MANUAL BREWING ( POUROVER V-60 / CHEMEX) / 75gm*3 | TRINITY ZERO / 75gm*3 | Brew It Like Tea / 75gm*3,True,True,True,True,2023Q1,2026Q3,6
1.0,False,False,Corridor Seven,core,2236821733433,Cold Brew Blend - Regular (March Mellow),March Mellow ( Cold Brew Blend ) | Cold Brew Blend - Regular ( March Mellow),,DRIP MACHINE / 250g | DRIP MACHINE / 500g | DRIP MACHINE / 1kg | HOME ESPRESSO MACHINE / 250g | HOME ESPRESSO MACHINE / 500g | HOME ESPRESSO MACHINE / 1kg | Commercial ESPRESSO MACHINE / 250g | Commercial ESPRESSO MACHINE / 500g | Commercial ESPRESSO MACHINE / 1kg | Regular Aeropress / 250g | Regular Aeropress / 500g | Regular Aeropress / 1kg | Inverted Aeropress / 250g | Inverted Aeropress / 500g | Inverted Aeropress / 1kg | Moka pot / 250g | Moka pot / 500g | Moka pot / 1kg | South Indian filter / 250g | South Indian filter / 500g | South Indian filter / 1kg | Turkish / 250g | Turkish / 500…,True,True,True,False,2023Q1,2026Q3,6
,False,False,Corridor Seven,core,4411052359703,FRENCH PRESS,,,Black | White,True,False,,False,2026Q3,2026Q3,1
,False,False,Corridor Seven,core,4411053473815,Hario Dripper Filter Paper - Size 02,,,,True,False,False,False,2026Q3,2026Q3,1
,False,False,Corridor Seven,core,4452844175383,AeroPress Coffee Maker- (The better coffee press),,,,True,False,,False,2026Q3,2026Q3,1
,False,False,Corridor Seven,core,4837884330007,August Rush Blend,,Coffee,DRIP MACHINE / 250g | DRIP MACHINE / 500g | DRIP MACHINE / 1kg | HOME ESPRESSO MACHINE / 250g | HOME ESPRESSO MACHINE / 500g | HOME ESPRESSO MACHINE / 1kg | Commercial ESPRESSO MACHINE / 250g | Commercial ESPRESSO MACHINE / 500g | Commercial ESPRESSO MACHINE / 1kg | REGULAR AEROPRESS / 250g | REGULAR AEROPRESS / 500g | REGULAR AEROPRESS / 1kg | INVERTED AEROPRESS / 250g | INVERTED AEROPRESS / 500g | INVERTED AEROPRESS / 1kg | MOKA POT / 250g | MOKA POT / 500g | MOKA POT / 1kg | SOUTH INDIAN FILTER / 250g | SOUTH INDIAN FILTER / 500g | SOUTH INDIAN FILTER / 1kg | TURKISH / 250g | TURKISH / 500…,True,True,True,False,2023Q1,2026Q3,6
,False,False,Corridor Seven,core,6551841898519,Aeropress Filters,,,,True,False,,False,2026Q3,2026Q3,1
0.667,False,False,Corridor Seven,core,6566620463127,Ratnagiri Estate Washed Process,Ratnagiri Estate Washed Process - 2022 Launch,,Drip Machine / 250g | Drip Machine / 500g | Drip Machine / 1kg | Home Espresso Machine / 250g | Home Espresso Machine / 500g | Home Espresso Machine / 1kg | Commercial Espresso Machine / 250g | Commercial Espresso Machine / 500g | Commercial Espresso Machine / 1kg | Pourover V-60 / Chemex / 250g | Pourover V-60 / Chemex / 500g | Pourover V-60 / Chemex / 1kg | Inverted Aeropress / 250g | Inverted Aeropress / 500g | Inverted Aeropress / 1kg | Moka Pot / 250g | Moka Pot / 500g | Moka Pot / 1kg | French Press / 250g | French Press / 500g | French Press / 1kg | Whole Beans / 250g | Whole Beans / 5…,True,True,True,False,2023Q1,2026Q3,6
,False,False,Corridor Seven,core,6566751698967,Gift Card,,Gift Cards,"₹100 | ₹250 | ₹500 | ₹1,000 | ₹2,500 | ₹5,000",True,False,False,False,2026Q3,2026Q3,1
,False,False,Corridor Seven,core,6579892518935,Riverdale Estate Washed Process ( Per Diem Profile ),,Coffee,DRIP MACHINE / 250g | DRIP MACHINE / 500g | DRIP MACHINE / 1kg | HOME ESPRESSO MACHINE / 250g | HOME ESPRESSO MACHINE / 500g | HOME ESPRESSO MACHINE / 1kg | COMMERCIAL ESPRESSO MACHINE / 250g | COMMERCIAL ESPRESSO MACHINE / 500g | COMMERCIAL ESPRESSO MACHINE / 1kg | REGULAR AEROPRESS / 250g | REGULAR AEROPRESS / 500g | REGULAR AEROPRESS / 1kg | INVERTED AEROPRESS / 250g | INVERTED AEROPRESS / 500g | INVERTED AEROPRESS / 1kg | MOKA POT / 250g | MOKA POT / 500g | MOKA POT / 1kg | SOUTH INDIAN FILTER / 250g | SOUTH INDIAN FILTER / 500g | SOUTH INDIAN FILTER / 1kg | TURKISH / 250g | TURKISH / 500…,False,True,True,False,2023Q3,2024Q2,3
,False,False,Corridor Seven,core,6702476066839,Riverdale Estate N - 72 Fermentation Process,,Coffee,DRIP MACHINE / 250g | DRIP MACHINE / 500g | DRIP MACHINE / 1kg | Home Espresso Machine / 250g | Home Espresso Machine / 500g | Home Espresso Machine / 1kg | Commercial Espresso Machine / 250g | Commercial Espresso Machine / 500g | Commercial Espresso Machine / 1kg | Regular Aeropress / 250g | Regular Aeropress / 500g | Regular Aeropress / 1kg | Inverted Aeropress / 250g | Inverted Aeropress / 500g | Inverted Aeropress / 1kg | Moka pot / 250g | Moka pot / 500g | Moka pot / 1kg | South indian filter / 250g | South indian filter / 500g | South indian filter / 1kg | Turkish / 250g | Turkish / 500…,False,True,True,False,2023Q3,2023Q3,1
,False,False,Corridor Seven,core,6712151048215,Mokapot ( 3 Cup ),,,,True,False,False,False,2026Q3,2026Q3,1
,False,False,Corridor Seven,core,6781825908759,Barista Forte Blend,,Coffee,DRIP MACHINE / 250g | DRIP MACHINE / 500g | DRIP MACHINE / 1kg | HOME ESPRESSO MACHINE / 250g | HOME ESPRESSO MACHINE / 500g | HOME ESPRESSO MACHINE / 1kg | Commercial ESPRESSO MACHINE / 250g | Commercial ESPRESSO MACHINE / 500g | Commercial ESPRESSO MACHINE / 1kg | REGULAR AEROPRESS / 250g | REGULAR AEROPRESS / 500g | REGULAR AEROPRESS / 1kg | INVERTED AEROPRESS / 250g | INVERTED AEROPRESS / 500g | INVERTED AEROPRESS / 1kg | MOKA POT / 250g | MOKA POT / 500g | MOKA POT / 1kg | SOUTH INDIAN FILTER / 250g | SOUTH INDIAN FILTER / 500g | SOUTH INDIAN FILTER / 1kg | TURKISH / 250g | TURKISH / 500…,True,True,True,False,2023Q3,2026Q3,5
,False,False,Corridor Seven,core,6853063835671,Riverdale Estate Peach Fermentation Process,,Coffee,DRIP MACHINE / 250g | DRIP MACHINE / 500g | DRIP MACHINE / 1kg | REGULAR AEROPRESS / 250g | REGULAR AEROPRESS / 500g | REGULAR AEROPRESS / 1kg | INVERTED AEROPRESS / 250g | INVERTED AEROPRESS / 500g | INVERTED AEROPRESS / 1kg | MOKA POT / 250g | MOKA POT / 500g | MOKA POT / 1kg | SOUTH INDIAN FILTER / 250g | SOUTH INDIAN FILTER / 500g | SOUTH INDIAN FILTER / 1kg | TURKISH / 250g | TURKISH / 500g | TURKISH / 1kg | COLD BREW / 250g | COLD BREW / 500g | COLD BREW / 1kg | WHOLE BEANS / 250g | WHOLE BEANS / 500g | WHOLE BEANS / 1kg | CHANNI (TEA STRAINER) / 250g | CHANNI (TEA STRAINER) / 500g | CH…,False,True,True,False,2023Q1,2023Q1,1
,False,False,Corridor Seven,core,6856398635031,Ratnagiri Estate Carbonic Maceration Process,,Coffee,DRIP MACHINE / 250g | DRIP MACHINE / 500g | DRIP MACHINE / 1kg | REGULAR AEROPRESS / 250g | REGULAR AEROPRESS / 500g | REGULAR AEROPRESS / 1kg | INVERTED AEROPRESS / 250g | INVERTED AEROPRESS / 500g | INVERTED AEROPRESS / 1kg | MOKA POT / 250g | MOKA POT / 500g | MOKA POT / 1kg | SOUTH INDIAN FILTER / 250g | SOUTH INDIAN FILTER / 500g | SOUTH INDIAN FILTER / 1kg | TURKISH / 250g | TURKISH / 500g | TURKISH / 1kg | COLD BREW / 250g | COLD BREW / 500g | COLD BREW / 1kg | WHOLE BEANS / 250g | WHOLE BEANS / 500g | WHOLE BEANS / 1kg | CHANNI (TEA STRAINER) / 250g | CHANNI (TEA STRAINER) / 500g | CH…,False,True,True,False,2023Q1,2023Q1,1
,False,False,Corridor Seven,core,6856400240663,Ratnagiri Estate Anaerobic Naturals Process ( SLN - 9 ),,Coffee,DRIP MACHINE / 250g | DRIP MACHINE / 500g | DRIP MACHINE / 1kg | REGULAR AEROPRESS / 250g | REGULAR AEROPRESS / 500g | REGULAR AEROPRESS / 1kg | INVERTED AEROPRESS / 250g | INVERTED AEROPRESS / 500g | INVERTED AEROPRESS / 1kg | MOKA POT / 250g | MOKA POT / 500g | MOKA POT / 1kg | SOUTH INDIAN FILTER / 250g | SOUTH INDIAN FILTER / 500g | SOUTH INDIAN FILTER / 1kg | TURKISH / 250g | TURKISH / 500g | TURKISH / 1kg | COLD BREW / 250g | COLD BREW / 500g | COLD BREW / 1kg | WHOLE BEANS / 250g | WHOLE BEANS / 500g | WHOLE BEANS / 1kg | CHANNI (TEA STRAINER) / 250g | CHANNI (TEA STRAINER) / 500g | CH…,False,True,True,False,2023Q1,2023Q1,1
,False,False,Corridor Seven,core,6859083808791,Peach Espresso Blend,,Coffee,DRIP MACHINE / 250g | DRIP MACHINE / 500g | DRIP MACHINE / 1kg | HOME ESPRESSO MACHINE / 250g | HOME ESPRESSO MACHINE / 500g | HOME ESPRESSO MACHINE / 1kg | Commercial ESPRESSO MACHINE / 250g | Commercial ESPRESSO MACHINE / 500g | Commercial ESPRESSO MACHINE / 1kg | REGULAR AEROPRESS / 250g | REGULAR AEROPRESS / 500g | REGULAR AEROPRESS / 1kg | INVERTED AEROPRESS / 250g | INVERTED AEROPRESS / 500g | INVERTED AEROPRESS / 1kg | MOKA POT / 250g | MOKA POT / 500g | MOKA POT / 1kg | SOUTH INDIAN FILTER / 250g | SOUTH INDIAN FILTER / 500g | SOUTH INDIAN FILTER / 1kg | TURKISH / 250g | TURKISH / 500…,False,True,True,False,2023Q1,2023Q1,1
,False,False,Corridor Seven,core,6859655282711,Espresso Bundle,,Coffee,DRIP MACHINE / 250g * 3 | REGULAR AEROPRESS / 250g * 3 | INVERTED AEROPRESS / 250g * 3 | MOKA POT / 250g * 3 | SOUTH INDIAN FILTER / 250g * 3 | TURKISH / 250g * 3 | COLD BREW / 250g * 3 | WHOLE BEANS / 250g * 3 | CHANNI (TEA STRAINER) / 250g * 3 | FRENCH PRESS / 250g * 3 | POUROVER V-60 / CHEMEX / 250g * 3 | HOME ESPRESSO MACHINE / 250g * 3 | COMMERCIAL ESPRESSO MACHINE / 250g * 3 | TRINITY ZERO / 250g * 3,False,True,True,True,2023Q1,2023Q1,1
,False,False,Corridor Seven,core,6869517959191,Riverdale Estate Grape Fermentation Process,,,WHOLE BEANS / 250g | Home Espresso Machine / 250g | Commercial Espresso Machine / 250g | Regular Aeropress / 250g | Inverted Aeropress / 250g | Moka pot / 250g | POUROVER V-60 / CHEMEX / 250g | Trinity Zero / 250g | Drip Machine / 250g | MANUAL BREWING ( POUROVER V-60 / CHEMEX) / 250g | FRENCH PRESS / 250g | CHANNI (HOME EQUIPMENT) / 250g | Cold brew / 250g | Turkish / 250g | South indian filter / 250g,False,False,True,False,2023Q1,2023Q1,1
,False,False,Corridor Seven,core,6897757126679,Balmaadi Estate Organic Natural Process - 2023 Launch,,Coffee,DRIP MACHINE / 250g | DRIP MACHINE / 500g | DRIP MACHINE / 1kg | HOME ESPRESSO MACHINE / 250g | HOME ESPRESSO MACHINE / 500g | HOME ESPRESSO MACHINE / 1kg | COMMERCIAL ESPRESSO MACHINE / 250g | COMMERCIAL ESPRESSO MACHINE / 500g | COMMERCIAL ESPRESSO MACHINE / 1kg | REGULAR AEROPRESS / 250g | REGULAR AEROPRESS / 500g | REGULAR AEROPRESS / 1kg | INVERTED AEROPRESS / 250g | INVERTED AEROPRESS / 500g | INVERTED AEROPRESS / 1kg | MOKA POT / 250g | MOKA POT / 500g | MOKA POT / 1kg | SOUTH INDIAN FILTER / 250g | SOUTH INDIAN FILTER / 500g | SOUTH INDIAN FILTER / 1kg | TURKISH / 250g | TURKISH / 500…,False,True,True,False,2023Q3,2023Q3,1
,False,False,Corridor Seven,core,6919383908375,Ratnagiri Estate Orange Fermentation Honey Process - 2023 Launch,,Coffee,DRIP MACHINE / 250g | DRIP MACHINE / 500g | DRIP MACHINE / 1kg | HOME ESPRESSO MACHINE / 250g | HOME ESPRESSO MACHINE / 500g | HOME ESPRESSO MACHINE / 1kg | COMMERCIAL ESPRESSO MACHINE / 250g | COMMERCIAL ESPRESSO MACHINE / 500g | COMMERCIAL ESPRESSO MACHINE / 1kg | REGULAR AEROPRESS / 250g | REGULAR AEROPRESS / 500g | REGULAR AEROPRESS / 1kg | INVERTED AEROPRESS / 250g | INVERTED AEROPRESS / 500g | INVERTED AEROPRESS / 1kg | MOKA POT / 250g | MOKA POT / 500g | MOKA POT / 1kg | SOUTH INDIAN FILTER / 250g | SOUTH INDIAN FILTER / 500g | SOUTH INDIAN FILTER / 1kg | TURKISH / 250g | TURKISH / 500…,False,True,True,False,2023Q3,2023Q3,1
,False,False,Corridor Seven,core,6919383973911,Ratnagiri Estate Carbonic Naturals - 2023 Launch,,Coffee,DRIP MACHINE / 250g | DRIP MACHINE / 500g | DRIP MACHINE / 1kg | HOME ESPRESSO MACHINE / 250g | HOME ESPRESSO MACHINE / 500g | HOME ESPRESSO MACHINE / 1kg | COMMERCIAL ESPRESSO MACHINE / 250g | COMMERCIAL ESPRESSO MACHINE / 500g | COMMERCIAL ESPRESSO MACHINE / 1kg | REGULAR AEROPRESS / 250g | REGULAR AEROPRESS / 500g | REGULAR AEROPRESS / 1kg | INVERTED AEROPRESS / 250g | INVERTED AEROPRESS / 500g | INVERTED AEROPRESS / 1kg | MOKA POT / 250g | MOKA POT / 500g | MOKA POT / 1kg | SOUTH INDIAN FILTER / 250g | SOUTH INDIAN FILTER / 500g | SOUTH INDIAN FILTER / 1kg | TURKISH / 250g | TURKISH / 500…,False,True,True,False,2024Q1,2024Q1,1
,False,False,Corridor Seven,core,6932112637975,Melkodige Estate - 60hrs Anaerobic Naturals,,Coffee,DRIP MACHINE / 250g | DRIP MACHINE / 500g | DRIP MACHINE / 1kg | HOME ESPRESSO MACHINE / 250g | HOME ESPRESSO MACHINE / 500g | HOME ESPRESSO MACHINE / 1kg | COMMERCIAL ESPRESSO MACHINE / 250g | COMMERCIAL ESPRESSO MACHINE / 500g | COMMERCIAL ESPRESSO MACHINE / 1kg | REGULAR AEROPRESS / 250g | REGULAR AEROPRESS / 500g | REGULAR AEROPRESS / 1kg | INVERTED AEROPRESS / 250g | INVERTED AEROPRESS / 500g | INVERTED AEROPRESS / 1kg | MOKA POT / 250g | MOKA POT / 500g | MOKA POT / 1kg | SOUTH INDIAN FILTER / 250g | SOUTH INDIAN FILTER / 500g | SOUTH INDIAN FILTER / 1kg | TURKISH / 250g | TURKISH / 500…,False,True,True,False,2024Q1,2024Q1,1
,False,False,Corridor Seven,core,6933418082327,Riverdale Estate Watermelon Process,,Coffee,DRIP MACHINE / 250g | DRIP MACHINE / 500g | DRIP MACHINE / 1kg | HOME ESPRESSO MACHINE / 250g | HOME ESPRESSO MACHINE / 500g | HOME ESPRESSO MACHINE / 1kg | COMMERCIAL ESPRESSO MACHINE / 250g | COMMERCIAL ESPRESSO MACHINE / 500g | COMMERCIAL ESPRESSO MACHINE / 1kg | REGULAR AEROPRESS / 250g | REGULAR AEROPRESS / 500g | REGULAR AEROPRESS / 1kg | INVERTED AEROPRESS / 250g | INVERTED AEROPRESS / 500g | INVERTED AEROPRESS / 1kg | MOKA POT / 250g | MOKA POT / 500g | MOKA POT / 1kg | SOUTH INDIAN FILTER / 250g | SOUTH INDIAN FILTER / 500g | SOUTH INDIAN FILTER / 1kg | TURKISH / 250g | TURKISH / 500…,False,True,True,False,2025Q3,2025Q3,1
,False,False,Corridor Seven,core,7029070987287,Riverdale Estate - Natural 48Hrs Fermentation,,Coffee,DRIP MACHINE / 250g | DRIP MACHINE / 500g | DRIP MACHINE / 1kg | Home Espresso Machine / 250g | Home Espresso Machine / 500g | Home Espresso Machine / 1kg | Commercial Espresso Machine / 250g | Commercial Espresso Machine / 500g | Commercial Espresso Machine / 1kg | Regular Aeropress / 250g | Regular Aeropress / 500g | Regular Aeropress / 1kg | Inverted Aeropress / 250g | Inverted Aeropress / 500g | Inverted Aeropress / 1kg | Moka pot / 250g | Moka pot / 500g | Moka pot / 1kg | South indian filter / 250g | South indian filter / 500g | South indian filter / 1kg | Turkish / 250g | Turkish / 500…,False,True,True,False,2024Q1,2024Q1,1
,False,False,Corridor Seven,core,7036998582295,Sangameshwar Estate - Honey Process,,Coffee,DRIP MACHINE / 250g | DRIP MACHINE / 500g | DRIP MACHINE / 1kg | Home Espresso Machine / 250g | Home Espresso Machine / 500g | Home Espresso Machine / 1kg | Commercial Espresso Machine / 250g | Commercial Espresso Machine / 500g | Commercial Espresso Machine / 1kg | Regular Aeropress / 250g | Regular Aeropress / 500g | Regular Aeropress / 1kg | Inverted Aeropress / 250g | Inverted Aeropress / 500g | Inverted Aeropress / 1kg | Moka pot / 250g | Moka pot / 500g | Moka pot / 1kg | South indian filter / 250g | South indian filter / 500g | South indian filter / 1kg | Turkish / 250g | Turkish / 500…,False,True,True,False,2024Q1,2024Q1,1
,False,False,Corridor Seven,core,7088861610007,Ratnagiri Estate Naturals,,Coffee,DRIP MACHINE / 250g | DRIP MACHINE / 500g | DRIP MACHINE / 1kg | REGULAR AEROPRESS / 250g | REGULAR AEROPRESS / 500g | REGULAR AEROPRESS / 1kg | INVERTED AEROPRESS / 250g | INVERTED AEROPRESS / 500g | INVERTED AEROPRESS / 1kg | MOKA POT / 250g | MOKA POT / 500g | MOKA POT / 1kg | SOUTH INDIAN FILTER / 250g | SOUTH INDIAN FILTER / 500g | SOUTH INDIAN FILTER / 1kg | TURKISH / 250g | TURKISH / 500g | TURKISH / 1kg | COLD BREW / 250g | COLD BREW / 500g | COLD BREW / 1kg | WHOLE BEANS / 250g | WHOLE BEANS / 500g | WHOLE BEANS / 1kg | CHANNI (TEA STRAINER) / 250g | CHANNI (TEA STRAINER) / 500g | CH…,False,True,True,False,2024Q2,2025Q3,4
,False,False,Corridor Seven,core,7168258310167,Riverdale Estate - Geisha,,Coffee,DRIP MACHINE / 75g | HOME ESPRESSO MACHINE / 75g | COMMERCIAL ESPRESSO MACHINE / 75g | REGULAR AEROPRESS / 75g | INVERTED AEROPRESS / 75g | MOKA POT / 75g | SOUTH INDIAN FILTER / 75g | TURKISH / 75g | COLD BREW / 75g | WHOLE BEANS / 75g | CHANNI (TEA STRAINER) / 75g | FRENCH PRESS / 75g | POUROVER V-60 / CHEMEX / 75g | TRINITY ZERO / 75g,False,True,True,False,2024Q3,2025Q3,2
,False,False,Corridor Seven,core,7249230823447,Gungegiri Estate - Honey Sundried Process,,,250g / DRIP MACHINE | 250g / ESPRESSO MACHINE | 250g / REGULAR AEROPRESS | 250g / INVERTED AEROPRESS | 250g / MOKA POT | 250g / SOUTH INDIAN FILTER | 250g / TURKISH | 250g / COLD BREW | 250g / WHOLE BEANS | 250g / Brew It Like Tea | 250g / FRENCH PRESS | 250g / POUROVER V-60 / CHEMEX | 250g / TRINITY ZERO | 500g / DRIP MACHINE | 500g / ESPRESSO MACHINE | 500g / REGULAR AEROPRESS | 500g / INVERTED AEROPRESS | 500g / MOKA POT | 500g / SOUTH INDIAN FILTER | 500g / TURKISH | 500g / COLD BREW | 500g / WHOLE BEANS | 500g / Brew It Like Tea | 500g / FRENCH PRESS | 500g / POUROVER V-60 / CHEMEX | 500…,False,True,True,False,2024Q3,2025Q3,2
,False,False,Corridor Seven,core,7257502285847,Cold Brew Blend - Light,,,DRIP MACHINE / 250g | DRIP MACHINE / 500g | DRIP MACHINE / 1kg | HOME ESPRESSO MACHINE / 250g | HOME ESPRESSO MACHINE / 500g | HOME ESPRESSO MACHINE / 1kg | Commercial ESPRESSO MACHINE / 250g | Commercial ESPRESSO MACHINE / 500g | Commercial ESPRESSO MACHINE / 1kg | Regular Aeropress / 250g | Regular Aeropress / 500g | Regular Aeropress / 1kg | Inverted Aeropress / 250g | Inverted Aeropress / 500g | Inverted Aeropress / 1kg | Moka pot / 250g | Moka pot / 500g | Moka pot / 1kg | South Indian filter / 250g | South Indian filter / 500g | South Indian filter / 1kg | Turkish / 250g | Turkish / 500…,False,True,True,False,2024Q3,2025Q3,2
,False,False,Corridor Seven,core,7257553371159,Cold Brew Blend - BOLD,,,DRIP MACHINE / 250g | DRIP MACHINE / 500g | DRIP MACHINE / 1kg | HOME ESPRESSO MACHINE / 250g | HOME ESPRESSO MACHINE / 500g | HOME ESPRESSO MACHINE / 1kg | Commercial ESPRESSO MACHINE / 250g | Commercial ESPRESSO MACHINE / 500g | Commercial ESPRESSO MACHINE / 1kg | Regular Aeropress / 250g | Regular Aeropress / 500g | Regular Aeropress / 1kg | Inverted Aeropress / 250g | Inverted Aeropress / 500g | Inverted Aeropress / 1kg | Moka pot / 250g | Moka pot / 500g | Moka pot / 1kg | South Indian filter / 250g | South Indian filter / 500g | South Indian filter / 1kg | Turkish / 250g | Turkish / 500…,True,True,True,False,2024Q3,2026Q3,3
,False,False,Corridor Seven,core,7258971799575,LEAN Blend,,,DRIP MACHINE / 250g | DRIP MACHINE / 500g | DRIP MACHINE / 1kg | HOME ESPRESSO MACHINE / 250g | HOME ESPRESSO MACHINE / 500g | HOME ESPRESSO MACHINE / 1kg | Commercial ESPRESSO MACHINE / 250g | Commercial ESPRESSO MACHINE / 500g | Commercial ESPRESSO MACHINE / 1kg | Regular Aeropress / 250g | Regular Aeropress / 500g | Regular Aeropress / 1kg | Inverted Aeropress / 250g | Inverted Aeropress / 500g | Inverted Aeropress / 1kg | Moka pot / 250g | Moka pot / 500g | Moka pot / 1kg | South Indian filter / 250g | South Indian filter / 500g | South Indian filter / 1kg | Turkish / 250g | Turkish / 500…,True,True,True,False,2024Q3,2026Q3,3
,False,False,Corridor Seven,core,7258977075223,BR!M Blend,,,DRIP MACHINE / 250g | DRIP MACHINE / 500g | DRIP MACHINE / 1kg | HOME ESPRESSO MACHINE / 250g | HOME ESPRESSO MACHINE / 500g | HOME ESPRESSO MACHINE / 1kg | Commercial ESPRESSO MACHINE / 250g | Commercial ESPRESSO MACHINE / 500g | Commercial ESPRESSO MACHINE / 1kg | Regular Aeropress / 250g | Regular Aeropress / 500g | Regular Aeropress / 1kg | Inverted Aeropress / 250g | Inverted Aeropress / 500g | Inverted Aeropress / 1kg | Moka pot / 250g | Moka pot / 500g | Moka pot / 1kg | South Indian filter / 250g | South Indian filter / 500g | South Indian filter / 1kg | Turkish / 250g | Turkish / 500…,False,True,True,False,2024Q3,2025Q3,2
,False,False,Corridor Seven,core,7261598220311,Item Customizations,,SHOPSTORM_HIDDEN_PRODUCT,Default,True,False,,False,2026Q3,2026Q3,1
,False,False,Corridor Seven,core,7271585218583,Anughraha Estate Organic Natural Process,,Coffee,DRIP MACHINE / 250g | DRIP MACHINE / 500g | DRIP MACHINE / 1kg | HOME ESPRESSO MACHINE / 250g | HOME ESPRESSO MACHINE / 500g | HOME ESPRESSO MACHINE / 1kg | COMMERCIAL ESPRESSO MACHINE / 250g | COMMERCIAL ESPRESSO MACHINE / 500g | COMMERCIAL ESPRESSO MACHINE / 1kg | REGULAR AEROPRESS / 250g | REGULAR AEROPRESS / 500g | REGULAR AEROPRESS / 1kg | INVERTED AEROPRESS / 250g | INVERTED AEROPRESS / 500g | INVERTED AEROPRESS / 1kg | MOKA POT / 250g | MOKA POT / 500g | MOKA POT / 1kg | SOUTH INDIAN FILTER / 250g | SOUTH INDIAN FILTER / 500g | SOUTH INDIAN FILTER / 1kg | TURKISH / 250g | TURKISH / 500…,False,True,True,False,2024Q3,2025Q3,2
,False,False,Corridor Seven,core,7291013955607,Riverdale Estate Per Diem Profile,,Coffee,DRIP MACHINE / 250g | DRIP MACHINE / 500g | DRIP MACHINE / 1kg | HOME ESPRESSO MACHINE / 250g | HOME ESPRESSO MACHINE / 500g | HOME ESPRESSO MACHINE / 1kg | COMMERCIAL ESPRESSO MACHINE / 250g | COMMERCIAL ESPRESSO MACHINE / 500g | COMMERCIAL ESPRESSO MACHINE / 1kg | REGULAR AEROPRESS / 250g | REGULAR AEROPRESS / 500g | REGULAR AEROPRESS / 1kg | INVERTED AEROPRESS / 250g | INVERTED AEROPRESS / 500g | INVERTED AEROPRESS / 1kg | MOKA POT / 250g | MOKA POT / 500g | MOKA POT / 1kg | SOUTH INDIAN FILTER / 250g | SOUTH INDIAN FILTER / 500g | SOUTH INDIAN FILTER / 1kg | TURKISH / 250g | TURKISH / 500…,False,True,True,False,2024Q3,2024Q3,1
,False,False,Corridor Seven,core,7306943430679,Melkodige Estate - Anaerobic Naturals,,Coffee,DRIP MACHINE / 250g | DRIP MACHINE / 500g | DRIP MACHINE / 1kg | HOME ESPRESSO MACHINE / 250g | HOME ESPRESSO MACHINE / 500g | HOME ESPRESSO MACHINE / 1kg | COMMERCIAL ESPRESSO MACHINE / 250g | COMMERCIAL ESPRESSO MACHINE / 500g | COMMERCIAL ESPRESSO MACHINE / 1kg | REGULAR AEROPRESS / 250g | REGULAR AEROPRESS / 500g | REGULAR AEROPRESS / 1kg | INVERTED AEROPRESS / 250g | INVERTED AEROPRESS / 500g | INVERTED AEROPRESS / 1kg | MOKA POT / 250g | MOKA POT / 500g | MOKA POT / 1kg | SOUTH INDIAN FILTER / 250g | SOUTH INDIAN FILTER / 500g | SOUTH INDIAN FILTER / 1kg | TURKISH / 250g | TURKISH / 500…,False,True,True,False,2024Q3,2024Q3,1
,False,False,Corridor Seven,core,7307425775639,Melkodige Estate - LORD 1385/1386,,Coffee,DRIP MACHINE / 250g | DRIP MACHINE / 500g | DRIP MACHINE / 1kg | HOME ESPRESSO MACHINE / 250g | HOME ESPRESSO MACHINE / 500g | HOME ESPRESSO MACHINE / 1kg | COMMERCIAL ESPRESSO MACHINE / 250g | COMMERCIAL ESPRESSO MACHINE / 500g | COMMERCIAL ESPRESSO MACHINE / 1kg | REGULAR AEROPRESS / 250g | REGULAR AEROPRESS / 500g | REGULAR AEROPRESS / 1kg | INVERTED AEROPRESS / 250g | INVERTED AEROPRESS / 500g | INVERTED AEROPRESS / 1kg | MOKA POT / 250g | MOKA POT / 500g | MOKA POT / 1kg | SOUTH INDIAN FILTER / 250g | SOUTH INDIAN FILTER / 500g | SOUTH INDIAN FILTER / 1kg | TURKISH / 250g | TURKISH / 500…,False,True,True,False,2024Q3,2024Q3,1
,False,False,Corridor Seven,core,7316934688791,Kudiraipanjan Estate Lactic Fermentation Natural (110 Hrs),,Coffee,DRIP MACHINE / 250g | DRIP MACHINE / 500g | DRIP MACHINE / 1kg | HOME ESPRESSO MACHINE / 250g | HOME ESPRESSO MACHINE / 500g | HOME ESPRESSO MACHINE / 1kg | COMMERCIAL ESPRESSO MACHINE / 250g | COMMERCIAL ESPRESSO MACHINE / 500g | COMMERCIAL ESPRESSO MACHINE / 1kg | REGULAR AEROPRESS / 250g | REGULAR AEROPRESS / 500g | REGULAR AEROPRESS / 1kg | INVERTED AEROPRESS / 250g | INVERTED AEROPRESS / 500g | INVERTED AEROPRESS / 1kg | MOKA POT / 250g | MOKA POT / 500g | MOKA POT / 1kg | SOUTH INDIAN FILTER / 250g | SOUTH INDIAN FILTER / 500g | SOUTH INDIAN FILTER / 1kg | TURKISH / 250g | TURKISH / 500…,False,True,True,False,2024Q3,2025Q3,2
,False,False,Corridor Seven,core,7316941045783,Kudiraipanjan Estate Anaerobic Natural 96 Hours,,Coffee,DRIP MACHINE / 250g | DRIP MACHINE / 500g | DRIP MACHINE / 1kg | HOME ESPRESSO MACHINE / 250g | HOME ESPRESSO MACHINE / 500g | HOME ESPRESSO MACHINE / 1kg | COMMERCIAL ESPRESSO MACHINE / 250g | COMMERCIAL ESPRESSO MACHINE / 500g | COMMERCIAL ESPRESSO MACHINE / 1kg | REGULAR AEROPRESS / 250g | REGULAR AEROPRESS / 500g | REGULAR AEROPRESS / 1kg | INVERTED AEROPRESS / 250g | INVERTED AEROPRESS / 500g | INVERTED AEROPRESS / 1kg | MOKA POT / 250g | MOKA POT / 500g | MOKA POT / 1kg | SOUTH INDIAN FILTER / 250g | SOUTH INDIAN FILTER / 500g | SOUTH INDIAN FILTER / 1kg | TURKISH / 250g | TURKISH / 500…,False,True,True,False,2024Q3,2025Q3,2
,False,False,Corridor Seven,core,7378396479511,Salawara Estate 48hr Anaerobic Fermentation - Honey Process,,Coffee,DRIP MACHINE / 250g | DRIP MACHINE / 500g | DRIP MACHINE / 1kg | HOME ESPRESSO MACHINE / 250g | HOME ESPRESSO MACHINE / 500g | HOME ESPRESSO MACHINE / 1kg | COMMERCIAL ESPRESSO MACHINE / 250g | COMMERCIAL ESPRESSO MACHINE / 500g | COMMERCIAL ESPRESSO MACHINE / 1kg | REGULAR AEROPRESS / 250g | REGULAR AEROPRESS / 500g | REGULAR AEROPRESS / 1kg | INVERTED AEROPRESS / 250g | INVERTED AEROPRESS / 500g | INVERTED AEROPRESS / 1kg | MOKA POT / 250g | MOKA POT / 500g | MOKA POT / 1kg | SOUTH INDIAN FILTER / 250g | SOUTH INDIAN FILTER / 500g | SOUTH INDIAN FILTER / 1kg | TURKISH / 250g | TURKISH / 500…,False,True,True,False,2025Q1,2025Q3,3
,False,False,Corridor Seven,core,7378540560407,Salawara Estate 72hr Anaerobic Fermentation - Red Wine Honey Process,,Coffee,DRIP MACHINE / 250g | DRIP MACHINE / 500g | DRIP MACHINE / 1kg | HOME ESPRESSO MACHINE / 250g | HOME ESPRESSO MACHINE / 500g | HOME ESPRESSO MACHINE / 1kg | COMMERCIAL ESPRESSO MACHINE / 250g | COMMERCIAL ESPRESSO MACHINE / 500g | COMMERCIAL ESPRESSO MACHINE / 1kg | REGULAR AEROPRESS / 250g | REGULAR AEROPRESS / 500g | REGULAR AEROPRESS / 1kg | INVERTED AEROPRESS / 250g | INVERTED AEROPRESS / 500g | INVERTED AEROPRESS / 1kg | MOKA POT / 250g | MOKA POT / 500g | MOKA POT / 1kg | SOUTH INDIAN FILTER / 250g | SOUTH INDIAN FILTER / 500g | SOUTH INDIAN FILTER / 1kg | TURKISH / 250g | TURKISH / 500…,False,True,True,False,2025Q1,2025Q3,3
,False,False,Corridor Seven,core,7378597478423,Salawara Estate 75hr Anaerobic Fermentation - Naturals,,Coffee,DRIP MACHINE / 250g | DRIP MACHINE / 500g | DRIP MACHINE / 1kg | HOME ESPRESSO MACHINE / 250g | HOME ESPRESSO MACHINE / 500g | HOME ESPRESSO MACHINE / 1kg | COMMERCIAL ESPRESSO MACHINE / 250g | COMMERCIAL ESPRESSO MACHINE / 500g | COMMERCIAL ESPRESSO MACHINE / 1kg | REGULAR AEROPRESS / 250g | REGULAR AEROPRESS / 500g | REGULAR AEROPRESS / 1kg | INVERTED AEROPRESS / 250g | INVERTED AEROPRESS / 500g | INVERTED AEROPRESS / 1kg | MOKA POT / 250g | MOKA POT / 500g | MOKA POT / 1kg | SOUTH INDIAN FILTER / 250g | SOUTH INDIAN FILTER / 500g | SOUTH INDIAN FILTER / 1kg | TURKISH / 250g | TURKISH / 500…,False,True,True,False,2025Q1,2025Q3,3
,False,False,Corridor Seven,core,7378616221719,Salawara Estate 72hr Anaerobic Fermentation - Natural Experimental,,Coffee,DRIP MACHINE / 250g | DRIP MACHINE / 500g | DRIP MACHINE / 1kg | HOME ESPRESSO MACHINE / 250g | HOME ESPRESSO MACHINE / 500g | HOME ESPRESSO MACHINE / 1kg | COMMERCIAL ESPRESSO MACHINE / 250g | COMMERCIAL ESPRESSO MACHINE / 500g | COMMERCIAL ESPRESSO MACHINE / 1kg | REGULAR AEROPRESS / 250g | REGULAR AEROPRESS / 500g | REGULAR AEROPRESS / 1kg | INVERTED AEROPRESS / 250g | INVERTED AEROPRESS / 500g | INVERTED AEROPRESS / 1kg | MOKA POT / 250g | MOKA POT / 500g | MOKA POT / 1kg | SOUTH INDIAN FILTER / 250g | SOUTH INDIAN FILTER / 500g | SOUTH INDIAN FILTER / 1kg | TURKISH / 250g | TURKISH / 500…,False,True,True,False,2025Q1,2025Q3,3
,False,False,Corridor Seven,core,7378671632407,Salawara Estate 72hr Anaerobic Fermentation - Natural,,Coffee,DRIP MACHINE / 250g | DRIP MACHINE / 500g | DRIP MACHINE / 1kg | HOME ESPRESSO MACHINE / 250g | HOME ESPRESSO MACHINE / 500g | HOME ESPRESSO MACHINE / 1kg | COMMERCIAL ESPRESSO MACHINE / 250g | COMMERCIAL ESPRESSO MACHINE / 500g | COMMERCIAL ESPRESSO MACHINE / 1kg | REGULAR AEROPRESS / 250g | REGULAR AEROPRESS / 500g | REGULAR AEROPRESS / 1kg | INVERTED AEROPRESS / 250g | INVERTED AEROPRESS / 500g | INVERTED AEROPRESS / 1kg | MOKA POT / 250g | MOKA POT / 500g | MOKA POT / 1kg | SOUTH INDIAN FILTER / 250g | SOUTH INDIAN FILTER / 500g | SOUTH INDIAN FILTER / 1kg | TURKISH / 250g | TURKISH / 500…,False,True,True,False,2025Q1,2025Q3,3
,False,False,Corridor Seven,core,7378715672599,Ratnagiri Estate 76hr Culture Washed Process,,Coffee,Drip Machine / 250g | Drip Machine / 500g | Drip Machine / 1kg | Home Espresso Machine / 250g | Home Espresso Machine / 500g | Home Espresso Machine / 1kg | Commercial Espresso Machine / 250g | Commercial Espresso Machine / 500g | Commercial Espresso Machine / 1kg | Pourover V-60 / Chemex / 250g | Pourover V-60 / Chemex / 500g | Pourover V-60 / Chemex / 1kg | Inverted Aeropress / 250g | Inverted Aeropress / 500g | Inverted Aeropress / 1kg | Moka Pot / 250g | Moka Pot / 500g | Moka Pot / 1kg | French Press / 250g | French Press / 500g | French Press / 1kg | Whole Beans / 250g | Whole Beans / 5…,False,True,True,False,2025Q1,2025Q3,3
,False,False,Corridor Seven,core,7380692598807,Ratnagiri Estate 80hr Culture Natural Process,,Coffee,Whole Beans / 250g | Whole Beans / 500g | Whole Beans / 1kg | Drip Machine / 250g | Drip Machine / 500g | Drip Machine / 1kg | Home Espresso Machine / 250g | Home Espresso Machine / 500g | Home Espresso Machine / 1kg | Commercial Espresso Machine / 250g | Commercial Espresso Machine / 500g | Commercial Espresso Machine / 1kg | Pourover V-60 / Chemex / 250g | Pourover V-60 / Chemex / 500g | Pourover V-60 / Chemex / 1kg | Inverted Aeropress / 250g | Inverted Aeropress / 500g | Inverted Aeropress / 1kg | Moka Pot / 250g | Moka Pot / 500g | Moka Pot / 1kg | French Press / 250g | French Press / 50…,False,True,True,False,2025Q1,2025Q3,3
,False,False,Corridor Seven,core,7380741062679,"Dima Hasao, Assam -Naturals",,Coffee,DRIP MACHINE / 250g | DRIP MACHINE / 500g | DRIP MACHINE / 1kg | HOME ESPRESSO MACHINE / 250g | HOME ESPRESSO MACHINE / 500g | HOME ESPRESSO MACHINE / 1kg | COMMERCIAL ESPRESSO MACHINE / 250g | COMMERCIAL ESPRESSO MACHINE / 500g | COMMERCIAL ESPRESSO MACHINE / 1kg | REGULAR AEROPRESS / 250g | REGULAR AEROPRESS / 500g | REGULAR AEROPRESS / 1kg | INVERTED AEROPRESS / 250g | INVERTED AEROPRESS / 500g | INVERTED AEROPRESS / 1kg | MOKA POT / 250g | MOKA POT / 500g | MOKA POT / 1kg | SOUTH INDIAN FILTER / 250g | SOUTH INDIAN FILTER / 500g | SOUTH INDIAN FILTER / 1kg | TURKISH / 250g | TURKISH / 500…,False,True,True,False,2025Q1,2025Q3,3
,False,False,Corridor Seven,core,7413648654359,Salawara Estate Bundle,,Coffee,WHOLE BEANS / 750g | DRIP MACHINE / 750g | HOME ESPRESSO MACHINE / 750g | COMMERCIAL ESPRESSO MACHINE / 750g | REGULAR AEROPRESS / 750g | INVERTED AEROPRESS / 750g | MOKA POT / 750g | SOUTH INDIAN FILTER / 750g | TURKISH / 750g | COLD BREW / 750g | CHANNI (TEA STRAINER) / 750g | FRENCH PRESS / 750g | POUROVER V-60 / CHEMEX / 750g | TRINITY ZERO / 750g,False,True,True,True,2025Q1,2025Q3,3
,False,False,Corridor Seven,core,7427901554711,Shipping Protection,,,,True,False,,False,2026Q3,2026Q3,1
,False,False,Corridor Seven,core,7439422849047,Christmas Blend,,Coffee,WHOLE BEANS / 250g | DRIP MACHINE / 250g | HOME ESPRESSO MACHINE / 250g | COMMERCIAL ESPRESSO MACHINE / 250g | REGULAR AEROPRESS / 250g | INVERTED AEROPRESS / 250g | MOKA POT / 250g | SOUTH INDIAN FILTER / 250g | TURKISH / 250g | COLD BREW / 250g | BREW IT LIKE TEA / 250g | FRENCH PRESS / 250g | POUROVER V-60 / CHEMEX / 250g | TRINITY ZERO / 250g,False,True,True,False,2025Q1,2025Q2,2
,False,False,Corridor Seven,core,7440512811031,"Nongryniang, Meghalaya - Naturals",,Coffee,DRIP MACHINE / 250g | DRIP MACHINE / 500g | DRIP MACHINE / 1kg | HOME ESPRESSO MACHINE / 250g | HOME ESPRESSO MACHINE / 500g | HOME ESPRESSO MACHINE / 1kg | COMMERCIAL ESPRESSO MACHINE / 250g | COMMERCIAL ESPRESSO MACHINE / 500g | COMMERCIAL ESPRESSO MACHINE / 1kg | REGULAR AEROPRESS / 250g | REGULAR AEROPRESS / 500g | REGULAR AEROPRESS / 1kg | INVERTED AEROPRESS / 250g | INVERTED AEROPRESS / 500g | INVERTED AEROPRESS / 1kg | MOKA POT / 250g | MOKA POT / 500g | MOKA POT / 1kg | SOUTH INDIAN FILTER / 250g | SOUTH INDIAN FILTER / 500g | SOUTH INDIAN FILTER / 1kg | TURKISH / 250g | TURKISH / 500…,False,True,True,False,2025Q1,2025Q2,2
,False,False,Corridor Seven,core,7561893740567,Riverdale Estate Champagne Cold Soak,,Coffee,Whole Beans / 250g | Whole Beans / 500g | Whole Beans / 1kg | Drip Machine / 250g | Drip Machine / 500g | Drip Machine / 1kg | Home Espresso Machine / 250g | Home Espresso Machine / 500g | Home Espresso Machine / 1kg | Commercial Espresso Machine / 250g | Commercial Espresso Machine / 500g | Commercial Espresso Machine / 1kg | Regular Aeropress / 250g | Regular Aeropress / 500g | Regular Aeropress / 1kg | Inverted Aeropress / 250g | Inverted Aeropress / 500g | Inverted Aeropress / 1kg | Pourover V-60 / Chemex / 250g | Pourover V-60 / Chemex / 500g | Pourover V-60 / Chemex / 1kg | Moka pot / 2…,False,True,True,False,2025Q3,2025Q3,1
,False,False,Corridor Seven,core,7582622744599,Riverdale Estate Lactic Carbonic Maceration,,Coffee,Whole Beans / 250g | Whole Beans / 500g | Whole Beans / 1kg | Drip Machine / 250g | Drip Machine / 500g | Drip Machine / 1kg | Home Espresso Machine / 250g | Home Espresso Machine / 500g | Home Espresso Machine / 1kg | Commercial Espresso Machine / 250g | Commercial Espresso Machine / 500g | Commercial Espresso Machine / 1kg | Regular Aeropress / 250g | Regular Aeropress / 500g | Regular Aeropress / 1kg | Inverted Aeropress / 250g | Inverted Aeropress / 500g | Inverted Aeropress / 1kg | Pourover V-60 / Chemex / 250g | Pourover V-60 / Chemex / 500g | Pourover V-60 / Chemex / 1kg | Moka pot / 2…,False,True,True,False,2025Q3,2025Q3,1
,False,False,Corridor Seven,core,7601434984471,Anai Kadu Estate Aerobic Naturals,,Coffee,Whole Beans / 250g | Whole Beans / 500g | Whole Beans / 1kg | Drip Machine / 250g | Drip Machine / 500g | Drip Machine / 1kg | Home Espresso Machine / 250g | Home Espresso Machine / 500g | Home Espresso Machine / 1kg | Commercial Espresso Machine / 250g | Commercial Espresso Machine / 500g | Commercial Espresso Machine / 1kg | Regular Aeropress / 250g | Regular Aeropress / 500g | Regular Aeropress / 1kg | Inverted Aeropress / 250g | Inverted Aeropress / 500g | Inverted Aeropress / 1kg | Pourover V-60 / Chemex / 250g | Pourover V-60 / Chemex / 500g | Pourover V-60 / Chemex / 1kg | Moka pot / 2…,False,True,True,False,2025Q3,2025Q3,1
,False,False,Corridor Seven,core,7945356181527,Champion’s Table – Coffee Omakase Experience,,Event,21st SEPT 2025 - 5:30PM to 6:00PM -NAGPUR | 21st SEPT 2025 - 6:30PM to 7:00PM -NAGPUR | 21st SEPT 2025 - 7:30PM to 8:00PM -NAGPUR,True,False,False,False,2026Q3,2026Q3,1
,False,False,Corridor Seven,core,8197067374615,SCA Brewing Professional Course,,,16-17-18 October 2026 | 20-21-22 November 2026,True,False,False,False,2026Q3,2026Q3,1
,False,False,Corridor Seven,core,8207156445207,Latte Art: Pour and Practice,,,,True,False,,False,2026Q3,2026Q3,1
,False,False,Corridor Seven,core,8635014119447,The Second Pour at Brim,,,,True,False,,False,2026Q3,2026Q3,1
,False,False,Corridor Seven,core,8640007471127,SCA Brewing Foundation Course,,,12 October 2026 | 16 November 2026,True,False,False,False,2026Q3,2026Q3,1
,False,False,Corridor Seven,core,8640008388631,SCA Brewing Intermediate Course,,,13-14 October 2026 | 17-18 November 2026,True,False,False,False,2026Q3,2026Q3,1
,False,False,Corridor Seven,core,8680521367575,UFO – Coffee Drip Bags (August Rush Blend),,Coffee,,True,False,False,False,2026Q3,2026Q3,1
,False,False,Corridor Seven,core,8680521990167,UFO – Coffee Drip Bags (Ratnagiri Estate Washed Process),,Coffee,,True,False,False,False,2026Q3,2026Q3,1
,False,False,Corridor Seven,core,8680985264151,Basankhan Estate,,Coffee,WHOLE BEANS / 250g | WHOLE BEANS / 500g | WHOLE BEANS / 1kg | DRIP MACHINE / 250g | DRIP MACHINE / 500g | DRIP MACHINE / 1kg | HOME ESPRESSO MACHINE / 250g | HOME ESPRESSO MACHINE / 500g | HOME ESPRESSO MACHINE / 1kg | COMMERCIAL ESPRESSO MACHINE / 250g | COMMERCIAL ESPRESSO MACHINE / 500g | COMMERCIAL ESPRESSO MACHINE / 1kg | REGULAR AEROPRESS / 250g | REGULAR AEROPRESS / 500g | REGULAR AEROPRESS / 1kg | INVERTED AEROPRESS / 250g | INVERTED AEROPRESS / 500g | INVERTED AEROPRESS / 1kg | MOKA POT / 250g | MOKA POT / 500g | MOKA POT / 1kg | SOUTH INDIAN FILTER / 250g | SOUTH INDIAN FILTER / 500…,True,False,True,False,2026Q3,2026Q3,1
,False,False,Corridor Seven,core,8767038521367,Coffee Tasting Sessions,,,9 June - Abhyankar Nagar,True,False,,False,2026Q3,2026Q3,1
,False,False,Corridor Seven,core,8828573909015,UFO – Coffee Drip Bags (Vienna Roast),,Coffee,,True,False,False,False,2026Q3,2026Q3,1
,False,False,Corridor Seven,core,8861662052375,SCA COURSES,,,October | November,True,False,,False,2026Q3,2026Q3,1
,False,False,Corridor Seven,core,8900102062103,Ratnagiri Peaberry,,Coffee,WHOLE BEANS / 250g | WHOLE BEANS / 500g | WHOLE BEANS / 1kg | DRIP MACHINE / 250g | DRIP MACHINE / 500g | DRIP MACHINE / 1kg | HOME ESPRESSO MACHINE / 250g | HOME ESPRESSO MACHINE / 500g | HOME ESPRESSO MACHINE / 1kg | COMMERCIAL ESPRESSO MACHINE / 250g | COMMERCIAL ESPRESSO MACHINE / 500g | COMMERCIAL ESPRESSO MACHINE / 1kg | REGULAR AEROPRESS / 250g | REGULAR AEROPRESS / 500g | REGULAR AEROPRESS / 1kg | INVERTED AEROPRESS / 250g | INVERTED AEROPRESS / 500g | INVERTED AEROPRESS / 1kg | MOKA POT / 250g | MOKA POT / 500g | MOKA POT / 1kg | SOUTH INDIAN FILTER / 250g | SOUTH INDIAN FILTER / 500…,True,False,True,False,2026Q3,2026Q3,1
,False,False,Corridor Seven,core,8907065491479,Decaf,,Coffee,WHOLE BEANS / 250g | WHOLE BEANS / 500g | WHOLE BEANS / 1kg | DRIP MACHINE / 250g | DRIP MACHINE / 500g | DRIP MACHINE / 1kg | HOME ESPRESSO MACHINE / 250g | HOME ESPRESSO MACHINE / 500g | HOME ESPRESSO MACHINE / 1kg | COMMERCIAL ESPRESSO MACHINE / 250g | COMMERCIAL ESPRESSO MACHINE / 500g | COMMERCIAL ESPRESSO MACHINE / 1kg | REGULAR AEROPRESS / 250g | REGULAR AEROPRESS / 500g | REGULAR AEROPRESS / 1kg | INVERTED AEROPRESS / 250g | INVERTED AEROPRESS / 500g | INVERTED AEROPRESS / 1kg | MOKA POT / 250g | MOKA POT / 500g | MOKA POT / 1kg | SOUTH INDIAN FILTER / 250g | SOUTH INDIAN FILTER / 500…,True,False,True,False,2026Q3,2026Q3,1
,False,False,Corridor Seven,core,8926097440791,Melkodige Estate,,Coffee,WHOLE BEANS / 250g | WHOLE BEANS / 500g | WHOLE BEANS / 1kg | DRIP MACHINE / 250g | DRIP MACHINE / 500g | DRIP MACHINE / 1kg | HOME ESPRESSO MACHINE / 250g | HOME ESPRESSO MACHINE / 500g | HOME ESPRESSO MACHINE / 1kg | COMMERCIAL ESPRESSO MACHINE / 250g | COMMERCIAL ESPRESSO MACHINE / 500g | COMMERCIAL ESPRESSO MACHINE / 1kg | REGULAR AEROPRESS / 250g | REGULAR AEROPRESS / 500g | REGULAR AEROPRESS / 1kg | INVERTED AEROPRESS / 250g | INVERTED AEROPRESS / 500g | INVERTED AEROPRESS / 1kg | MOKA POT / 250g | MOKA POT / 500g | MOKA POT / 1kg | SOUTH INDIAN FILTER / 250g | SOUTH INDIAN FILTER / 500…,True,False,True,False,2026Q3,2026Q3,1
,False,False,Corridor Seven,core,8935810826263,The Brim Run,,,,True,False,,False,2026Q3,2026Q3,1
,False,False,Corridor Seven,core,8937546219543,Open Coffee Tasting Sessions,,,22 September · Manish Nagar | 29 September · Nandanvan,True,False,,False,2026Q3,2026Q3,1
,False,False,Corridor Seven,core,8945423024151,"Tribal farms from Koraput, Odisii Coffee",,Coffee,WHOLE BEANS / 250g | WHOLE BEANS / 500g | WHOLE BEANS / 1kg | DRIP MACHINE / 250g | DRIP MACHINE / 500g | DRIP MACHINE / 1kg | HOME ESPRESSO MACHINE / 250g | HOME ESPRESSO MACHINE / 500g | HOME ESPRESSO MACHINE / 1kg | COMMERCIAL ESPRESSO MACHINE / 250g | COMMERCIAL ESPRESSO MACHINE / 500g | COMMERCIAL ESPRESSO MACHINE / 1kg | REGULAR AEROPRESS / 250g | REGULAR AEROPRESS / 500g | REGULAR AEROPRESS / 1kg | INVERTED AEROPRESS / 250g | INVERTED AEROPRESS / 500g | INVERTED AEROPRESS / 1kg | MOKA POT / 250g | MOKA POT / 500g | MOKA POT / 1kg | SOUTH INDIAN FILTER / 250g | SOUTH INDIAN FILTER / 500…,True,False,True,False,2026Q3,2026Q3,1
,False,False,Corridor Seven,core,8948195524631,The Shape of Grief,,,,True,False,,False,2026Q3,2026Q3,1
,False,False,Corridor Seven,core,8948735672343,Salawara Estate - Mosto Honey Sun Dried,,Coffee,WHOLE BEANS / 250g | WHOLE BEANS / 500g | WHOLE BEANS / 1kg | DRIP MACHINE / 250g | DRIP MACHINE / 500g | DRIP MACHINE / 1kg | HOME ESPRESSO MACHINE / 250g | HOME ESPRESSO MACHINE / 500g | HOME ESPRESSO MACHINE / 1kg | COMMERCIAL ESPRESSO MACHINE / 250g | COMMERCIAL ESPRESSO MACHINE / 500g | COMMERCIAL ESPRESSO MACHINE / 1kg | REGULAR AEROPRESS / 250g | REGULAR AEROPRESS / 500g | REGULAR AEROPRESS / 1kg | INVERTED AEROPRESS / 250g | INVERTED AEROPRESS / 500g | INVERTED AEROPRESS / 1kg | MOKA POT / 250g | MOKA POT / 500g | MOKA POT / 1kg | SOUTH INDIAN FILTER / 250g | SOUTH INDIAN FILTER / 500…,True,False,True,False,2026Q3,2026Q3,1
,False,False,Devans,core,6657596850355,Cold Brew Coffee Bags - Original,,Coffee,200g,False,True,False,False,2023Q1,2023Q4,4
,False,False,Devans,core,6657597145267,Organic Arabica Coffee,,Coffee,250g / Whole Beans | 250g / Percolator | 250g / Ibrik-Turkish | 250g / Moka Pots | 250g / French Press / Cafetiere | 250g / Paper Filter | 250g / Aero Press | 250g / South Indian Filter | 250g / Espresso Machine | 250g / Cold Brew | 500g / Whole Beans | 500g / Percolator | 500g / Ibrik-Turkish | 500g / Moka Pots | 500g / French Press / Cafetiere | 500g / Paper Filter | 500g / Aero Press | 500g / South Indian Filter | 500g / Espresso Machine | 500g / Cold Brew | 250g / Paper Filter / Pour Over | 500g / Paper Filter / Pour Over,False,True,True,False,2023Q1,2023Q4,4
,False,False,Devans,core,6657597309107,Arabica Plantation-AAA - Mysore Nuggets Extra Bold,,Coffee,250g / Whole Beans | 250g / Percolator | 250g / Ibrik-Turkish | 250g / Moka Pots | 250g / French Press / Cafetiere | 250g / Paper Filter | 250g / Aero Press | 250g / South Indian Filter | 250g / Espresso Machine | 250g / Cold Brew | 500g / Whole Beans | 500g / Percolator | 500g / Ibrik-Turkish | 500g / Moka Pots | 500g / French Press / Cafetiere | 500g / Paper Filter | 500g / Aero Press | 500g / South Indian Filter | 500g / Espresso Machine | 500g / Cold Brew | 250g / Paper Filter / Pour Over | 500g / Paper Filter / Pour Over,False,True,True,False,2023Q1,2023Q4,4
,False,False,Devans,core,6657597440179,Special Blend,,Coffee,250g / Whole Beans | 250g / Percolator | 250g / Ibrik-Turkish | 250g / Moka Pots | 250g / French Press / Cafetiere | 250g / Paper Filter | 250g / Aero Press | 250g / South Indian Filter | 250g / Espresso Machine | 250g / Cold Brew | 500g / Whole Beans | 500g / Percolator | 500g / Ibrik-Turkish | 500g / Moka Pots | 500g / French Press / Cafetiere | 500g / Paper Filter | 500g / Aero Press | 500g / South Indian Filter | 500g / Espresso Machine | 500g / Cold Brew | 250g / Paper Filter / Pour Over | 500g / Paper Filter / Pour Over,False,True,True,False,2023Q1,2023Q4,4
,False,False,Devans,core,6657597669555,Monsooned Malabar Arabica AA,,Coffee,250g / Whole Beans | 250g / Percolator | 250g / Ibrik-Turkish | 250g / Moka Pots | 250g / French Press / Cafetiere | 250g / Paper Filter | 250g / Aero Press | 250g / South Indian Filter | 250g / Espresso Machine | 250g / Cold Brew | 500g / Whole Beans | 500g / Percolator | 500g / Ibrik-Turkish | 500g / Moka Pots | 500g / French Press / Cafetiere | 500g / Paper Filter | 500g / Aero Press | 500g / South Indian Filter | 500g / Espresso Machine | 500g / Cold Brew | 250g / Paper Filter / Pour Over | 500g / Paper Filter / Pour Over,False,True,True,False,2023Q1,2023Q4,4
,False,False,Devans,core,6657597767859,Robusta Kaapi Royale,,Coffee,250g / Whole Beans | 250g / Percolator | 250g / Ibrik-Turkish | 250g / Moka Pots | 250g / French Press / Cafetiere | 250g / Paper Filter | 250g / Aero Press | 250g / South Indian Filter | 250g / Espresso Machine | 250g / Cold Brew | 500g / Whole Beans | 500g / Percolator | 500g / Ibrik-Turkish | 500g / Moka Pots | 500g / French Press / Cafetiere | 500g / Paper Filter | 500g / Aero Press | 500g / South Indian Filter | 500g / Espresso Machine | 500g / Cold Brew | 250g / Paper Filter / Pour Over | 500g / Paper Filter / Pour Over,False,True,True,False,2023Q1,2023Q4,4
,False,False,Devans,core,6657597997235,Oriental Espresso Blend,,Coffee,250g / Whole Beans | 250g / Percolator | 250g / Ibrik-Turkish | 250g / Moka Pots | 250g / French Press / Cafetiere | 250g / Paper Filter | 250g / Aero Press | 250g / South Indian Filter | 250g / Espresso Machine | 250g / Cold Brew | 500g / Whole Beans | 500g / Percolator | 500g / Ibrik-Turkish | 500g / Moka Pots | 500g / French Press / Cafetiere | 500g / Paper Filter | 500g / Aero Press | 500g / South Indian Filter | 500g / Espresso Machine | 500g / Cold Brew | 250g / Paper Filter / Pour Over | 500g / Paper Filter / Pour Over,False,True,True,False,2023Q1,2023Q4,4
,False,False,Devans,core,6657598095539,Viennese Blend,,Coffee,250g / Whole Beans | 250g / Percolator | 250g / Ibrik-Turkish | 250g / Moka Pots | 250g / French Press / Cafetiere | 250g / Paper Filter | 250g / Aero Press | 250g / South Indian Filter | 250g / Espresso Machine | 250g / Cold Brew | 500g / Whole Beans | 500g / Percolator | 500g / Ibrik-Turkish | 500g / Moka Pots | 500g / French Press / Cafetiere | 500g / Paper Filter | 500g / Aero Press | 500g / South Indian Filter | 500g / Espresso Machine | 500g / Cold Brew | 250g / Paper Filter / Pour Over | 500g / Paper Filter / Pour Over,False,True,True,False,2023Q1,2023Q4,4
,False,False,Devans,core,6657598259379,Arabica French Roast,,Coffee,250g / Whole Beans | 250g / Percolator | 250g / Ibrik-Turkish | 250g / Moka Pots | 250g / French Press / Cafetiere | 250g / Paper Filter | 250g / Aero Press | 250g / South Indian Filter | 250g / Espresso Machine | 250g / Cold Brew | 500g / Whole Beans | 500g / Percolator | 500g / Ibrik-Turkish | 500g / Moka Pots | 500g / French Press / Cafetiere | 500g / Paper Filter | 500g / Aero Press | 500g / South Indian Filter | 500g / Espresso Machine | 500g / Cold Brew | 250g / Paper Filter / Pour Over | 500g / Paper Filter / Pour Over,False,True,True,False,2023Q1,2023Q4,4
,False,False,Devans,core,6657600356531,Cold Brew Coffee Bags (Cinnamon),,Coffee,200g,False,True,False,False,2023Q1,2023Q4,4
,False,False,Devans,core,6657600487603,The Lodhi Blend,,Coffee,250g / Whole Beans | 250g / Percolator | 250g / Ibrik-Turkish | 250g / Moka Pots | 250g / French Press / Cafetiere | 250g / Paper Filter | 250g / Aero Press | 250g / South Indian Filter | 250g / Espresso Machine | 250g / Cold Brew | 500g / Whole Beans | 500g / Percolator | 500g / Ibrik-Turkish | 500g / Moka Pots | 500g / French Press / Cafetiere | 500g / Paper Filter | 500g / Aero Press | 500g / South Indian Filter | 500g / Espresso Machine | 500g / Cold Brew | 250g / Paper Filter / Pour Over | 500g / Paper Filter / Pour Over,False,True,True,False,2023Q1,2023Q4,4
,False,False,Devans,core,6657600716979,Colombian Supremo Arabica Coffee,,Coffee,100g / Whole Beans | 100g / Percolator | 100g / Ibrik-Turkish | 100g / Moka Pots | 100g / French Press / Cafetiere | 100g / Paper Filter | 100g / Aero Press | 100g / South Indian Filter | 100g / Espresso Machine | 100g / Cold Brew | 250g / Whole Beans | 250g / Percolator | 250g / Ibrik-Turkish | 250g / Moka Pots | 250g / French Press / Cafetiere | 250g / Paper Filter | 250g / Aero Press | 250g / South Indian Filter | 250g / Espresso Machine | 250g / Cold Brew | 500g / Whole Beans | 500g / Percolator | 500g / Ibrik-Turkish | 500g / Moka Pots | 500g / French Press / Cafetiere | 500g / Paper Fil…,False,True,True,False,2023Q2,2023Q4,3
,False,False,Devans,core,6657600880819,Vietnamese Robusta,,Coffee,100g / Whole Beans | 100g / Percolator | 100g / Ibrik-Turkish | 100g / Moka Pots | 100g / French Press / Cafetiere | 100g / Paper Filter | 100g / Aero Press | 100g / South Indian Filter | 100g / Espresso Machine | 100g / Cold Brew | 250g / Whole Beans | 250g / Percolator | 250g / Ibrik-Turkish | 250g / Moka Pots | 250g / French Press / Cafetiere | 250g / Paper Filter | 250g / Aero Press | 250g / South Indian Filter | 250g / Espresso Machine | 250g / Cold Brew | 500g / Whole Beans | 500g / Percolator | 500g / Ibrik-Turkish | 500g / Moka Pots | 500g / French Press / Cafetiere | 500g / Paper Fil…,False,True,True,False,2023Q1,2023Q4,4
0.0,True,False,Devans,core,6657601274035,Mexico Altura Superior Chiapas Adelita,PERÙ - Washed Gr.1 Tres Mosqueteros,Coffee,100g / Whole Beans | 100g / Percolator | 100g / Ibrik-Turkish | 100g / Moka Pots | 100g / French Press / Cafetiere | 100g / Paper Filter | 100g / Aero Press | 100g / South Indian Filter | 100g / Espresso Machine | 100g / Cold Brew | 250g / Whole Beans | 250g / Percolator | 250g / Ibrik-Turkish | 250g / Moka Pots | 250g / French Press / Cafetiere | 250g / Paper Filter | 250g / Aero Press | 250g / South Indian Filter | 250g / Espresso Machine | 250g / Cold Brew | 500g / Whole Beans | 500g / Percolator | 500g / Ibrik-Turkish | 500g / Moka Pots | 500g / French Press / Cafetiere | 500g / Paper Fil…,False,True,True,False,2023Q1,2023Q3,3
,False,False,Devans,core,6657601470643,Arabica Plantation-AA,,Coffee,250g / Whole Beans | 250g / Percolator | 250g / Ibrik-Turkish | 250g / Moka Pots | 250g / French Press / Cafetiere | 250g / Paper Filter | 250g / Aero Press | 250g / South Indian Filter | 250g / Espresso Machine | 250g / Cold Brew | 500g / Whole Beans | 500g / Percolator | 500g / Ibrik-Turkish | 500g / Moka Pots | 500g / French Press / Cafetiere | 500g / Paper Filter | 500g / Aero Press | 500g / South Indian Filter | 500g / Espresso Machine | 500g / Cold Brew | 250g / Paper Filter / Pour Over | 500g / Paper Filter / Pour Over,False,True,True,False,2023Q1,2023Q4,4
,False,False,Devans,core,6657601601715,Devans Natraj (70% coffee + 30% chicory),,Coffee,250g / Whole Beans | 250g / Percolator | 250g / Ibrik-Turkish | 250g / Moka Pots | 250g / French Press / Cafetiere | 250g / Paper Filter | 250g / Aero Press | 250g / South Indian Filter | 250g / Espresso Machine | 250g / Cold Brew | 500g / Whole Beans | 500g / Percolator | 500g / Ibrik-Turkish | 500g / Moka Pots | 500g / French Press / Cafetiere | 500g / Paper Filter | 500g / Aero Press | 500g / South Indian Filter | 500g / Espresso Machine | 500g / Cold Brew | 250g / Paper Filter / Pour Over | 500g / Paper Filter / Pour Over,False,True,False,False,2023Q1,2023Q4,4
,False,False,Devans,core,6657601765555,Devans Premium Blend,,Coffee,250g / Whole Beans | 250g / Percolator | 250g / Ibrik-Turkish | 250g / Moka Pots | 250g / French Press / Cafetiere | 250g / Paper Filter | 250g / Aero Press | 250g / South Indian Filter | 250g / Espresso Machine | 250g / Cold Brew | 500g / Whole Beans | 500g / Percolator | 500g / Ibrik-Turkish | 500g / Moka Pots | 500g / French Press / Cafetiere | 500g / Paper Filter | 500g / Aero Press | 500g / South Indian Filter | 500g / Espresso Machine | 500g / Cold Brew | 250g / Paper Filter / Pour Over | 500g / Paper Filter / Pour Over,False,True,True,False,2023Q1,2023Q4,4
,False,False,Devans,core,6657601929395,Devans Gayathri (60% coffee +40% chicory),,Coffee,250g / Whole Beans | 250g / Percolator | 250g / Ibrik-Turkish | 250g / Moka Pots | 250g / French Press / Cafetiere | 250g / Paper Filter | 250g / Aero Press | 250g / South Indian Filter | 250g / Espresso Machine | 250g / Cold Brew | 500g / Whole Beans | 500g / Percolator | 500g / Ibrik-Turkish | 500g / Moka Pots | 500g / French Press / Cafetiere | 500g / Paper Filter | 500g / Aero Press | 500g / South Indian Filter | 500g / Espresso Machine | 500g / Cold Brew | 250g / Paper Filter / Pour Over | 500g / Paper Filter / Pour Over,False,True,False,False,2023Q1,2023Q4,4
,False,False,Devans,core,6657602093235,Arabica Peaberry Dark Roast,,Coffee,250g / Whole Beans | 250g / Percolator | 250g / Ibrik-Turkish | 250g / Moka Pots | 250g / French Press / Cafetiere | 250g / Paper Filter | 250g / Aero Press | 250g / South Indian Filter | 250g / Espresso Machine | 250g / Cold Brew | 500g / Whole Beans | 500g / Percolator | 500g / Ibrik-Turkish | 500g / Moka Pots | 500g / French Press / Cafetiere | 500g / Paper Filter | 500g / Aero Press | 500g / South Indian Filter | 500g / Espresso Machine | 500g / Cold Brew | 250g / Paper Filter / Pour Over | 500g / Paper Filter / Pour Over,False,True,True,False,2023Q1,2023Q4,4
,False,False,Devans,core,6657602388147,Arabica Plantation-AAA (Dark Roast),,Coffee,250g / Whole Beans | 250g / Percolator | 250g / Ibrik-Turkish | 250g / Moka Pots | 250g / French Press / Cafetiere | 250g / Paper Filter | 250g / Aero Press | 250g / South Indian Filter | 250g / Espresso Machine | 250g / Cold Brew | 500g / Whole Beans | 500g / Percolator | 500g / Ibrik-Turkish | 500g / Moka Pots | 500g / French Press / Cafetiere | 500g / Paper Filter | 500g / Aero Press | 500g / South Indian Filter | 500g / Espresso Machine | 500g / Cold Brew | 250g / Paper Filter / Pour Over | 500g / Paper Filter / Pour Over,False,True,True,False,2023Q1,2023Q4,4
,False,False,Devans,core,6657985937587,Arabica Peaberry,,Coffee,250g / Whole Beans | 250g / Percolator | 250g / Ibrik-Turkish | 250g / Moka Pots | 250g / French Press / Cafetiere | 250g / Paper Filter | 250g / Aero Press | 250g / South Indian Filter | 250g / Espresso Machine | 250g / Cold Brew | 500g / Whole Beans | 500g / Percolator | 500g / Ibrik-Turkish | 500g / Moka Pots | 500g / French Press / Cafetiere | 500g / Paper Filter | 500g / Aero Press | 500g / South Indian Filter | 500g / Espresso Machine | 500g / Cold Brew | 250g / Paper Filter / Pour Over | 500g / Paper Filter / Pour Over,False,True,True,False,2023Q1,2023Q4,4
,False,False,Devans,core,6731526144179,Chicory Powder,,Coffee,,False,True,False,False,2023Q1,2023Q4,4
,False,False,Devans,core,6747522007219,Filter Coffee Concentrate,,Coffee,250ml,False,True,False,False,2023Q1,2023Q4,3
,False,False,Devans,core,7772623929564,Celebration Blend,,Coffee,250g / Whole Beans | 250g / Percolator | 250g / Ibrik-Turkish | 250g / Moka Pots | 250g / French Press / Cafetiere | 250g / Paper Filter | 250g / Aero Press | 250g / South Indian Filter | 250g / Espresso Machine | 250g / Cold Brew | 500g / Whole Beans | 500g / Percolator | 500g / Ibrik-Turkish | 500g / Moka Pots | 500g / French Press / Cafetiere | 500g / Paper Filter | 500g / Aero Press | 500g / South Indian Filter | 500g / Espresso Machine | 500g / Cold Brew | 250g / Paper Filter / Pour Over | 500g / Paper Filter / Pour Over,False,True,True,False,2023Q2,2023Q4,3
,False,False,Devans,core,8038868615388,Ethiopian djimmah Jasmine,,Coffee,100g / Whole Beans | 100g / Percolator | 100g / Ibrik-Turkish | 100g / Moka Pots | 100g / French Press / Cafetiere | 100g / Paper Filter / Pour Over | 100g / Aero Press | 100g / South Indian Filter | 100g / Espresso Machine | 100g / Cold Brew | 250g / Whole Beans | 250g / Percolator | 250g / Ibrik-Turkish | 250g / Moka Pots | 250g / French Press / Cafetiere | 250g / Paper Filter / Pour Over | 250g / Aero Press | 250g / South Indian Filter | 250g / Espresso Machine | 250g / Cold Brew,False,True,True,False,2023Q3,2023Q4,2
,False,False,Devans,core,8067709042908,Coffee Bags Dip & Sip,,Coffee,,False,True,False,False,2023Q4,2023Q4,1
,False,False,Devans,core,8067709862108,Coffee Bags  Dip & Sip,,Coffee,,False,False,False,False,2023Q4,2023Q4,1
,False,False,Devans,core,8083117867228,Black Honey Coffee,,Coffee,250g / Whole Beans | 250g / Percolator | 250g / Ibrik-Turkish | 250g / Moka Pots | 250g / French Press / Cafetiere | 250g / Paper Filter / Pour Over | 250g / Aero Press | 250g / South Indian Filter | 250g / Espresso Machine | 250g / Cold Brew | 500g / Whole Beans | 500g / Percolator | 500g / Ibrik-Turkish | 500g / Moka Pots | 500g / French Press / Cafetiere | 500g / Paper Filter / Pour Over | 500g / Aero Press | 500g / South Indian Filter | 500g / Espresso Machine | 500g / Cold Brew,False,True,True,False,2023Q4,2023Q4,1
,False,False,Devans,core,8144553017564,Copy of Arabica Peaberry,,Coffee,250g / Whole Beans | 250g / Percolator | 250g / Ibrik-Turkish | 250g / Moka Pots | 250g / French Press / Cafetiere | 250g / Paper Filter / Pour Over | 250g / Aero Press | 250g / South Indian Filter | 250g / Espresso Machine | 250g / Cold Brew | 500g / Whole Beans | 500g / Percolator | 500g / Ibrik-Turkish | 500g / Moka Pots | 500g / French Press / Cafetiere | 500g / Paper Filter / Pour Over | 500g / Aero Press | 500g / South Indian Filter | 500g / Espresso Machine | 500g / Cold Brew,False,True,True,False,2023Q4,2023Q4,1
,False,False,Devans,core,8414013391068,DEVANS PREMIUM BLEND,,Coffee,250g / Whole Beans | 250g / Percolator | 250g / Ibrik-Turkish | 250g / Moka Pots | 250g / French Press / Cafetiere | 250g / Paper Filter / Pour Over | 250g / Aero Press | 250g / South Indian Filter | 250g / Espresso Machine | 250g / Cold Brew | 500g / Whole Beans | 500g / Percolator | 500g / Ibrik-Turkish | 500g / Moka Pots | 500g / French Press / Cafetiere | 500g / Paper Filter / Pour Over | 500g / Aero Press | 500g / South Indian Filter | 500g / Espresso Machine | 500g / Cold Brew,True,True,True,False,2024Q2,2026Q3,8
,False,False,Devans,core,8414028234972,BLACK HONEY COFFEE,,Coffee,250g / Whole Beans | 250g / Percolator | 250g / Ibrik-Turkish | 250g / Moka Pots | 250g / French Press / Cafetiere | 250g / Paper Filter / Pour Over | 250g / Aero Press | 250g / South Indian Filter | 250g / Espresso Machine | 250g / Cold Brew | 500g / Whole Beans | 500g / Percolator | 500g / Ibrik-Turkish | 500g / Moka Pots | 500g / French Press / Cafetiere | 500g / Paper Filter / Pour Over | 500g / Aero Press | 500g / South Indian Filter | 500g / Espresso Machine | 500g / Cold Brew,True,True,True,False,2024Q2,2026Q3,8
0.8,False,False,Devans,core,8414028333276,Dip n Sip Coffee Bags -  (LODHI BLEND),COFFEE BAGS - DIP &SIP (LODHI BLEND),Coffee,,True,False,False,False,2024Q2,2026Q3,8
,False,False,Devans,core,8414028398812,ETHIOPIAN DJIMMAH JASMINE COFFEE,,Coffee,100g / Whole Beans | 100g / Percolator | 100g / Ibrik-Turkish | 100g / Moka Pots | 100g / French Press / Cafetiere | 100g / Paper Filter / Pour Over | 100g / Aero Press | 100g / South Indian Filter | 100g / Espresso Machine | 100g / Cold Brew | 250g / Whole Beans | 250g / Percolator | 250g / Ibrik-Turkish | 250g / Moka Pots | 250g / French Press / Cafetiere | 250g / Paper Filter / Pour Over | 250g / Aero Press | 250g / South Indian Filter | 250g / Espresso Machine | 250g / Cold Brew,True,True,True,False,2024Q2,2026Q3,6
,False,False,Devans,core,8414028529884,CELEBRATION BLEND,,Coffee,250g / Whole Beans | 250g / Percolator | 250g / Ibrik-Turkish | 250g / Moka Pots | 250g / French Press / Cafetiere | 250g / Paper Filter / Pour Over | 250g / Aero Press | 250g / South Indian Filter | 250g / Espresso Machine | 250g / Cold Brew | 500g / Whole Beans | 500g / Percolator | 500g / Ibrik-Turkish | 500g / Moka Pots | 500g / French Press / Cafetiere | 500g / Paper Filter / Pour Over | 500g / Aero Press | 500g / South Indian Filter | 500g / Espresso Machine | 500g / Cold Brew,True,True,True,False,2024Q2,2026Q3,7
,False,False,Devans,core,8414028595420,Filter Coffee Concentrate,,Coffee,250ml,False,True,False,False,2024Q2,2024Q3,2
,False,False,Devans,core,8414028660956,CHICORY POWDER,,Coffee,,True,True,False,False,2024Q2,2026Q3,8
,False,False,Devans,core,8414028759260,ARABICA PEABERRY COFFEE,,Coffee,250g / Whole Beans | 250g / Percolator | 250g / Ibrik-Turkish | 250g / Moka Pots | 250g / French Press / Cafetiere | 250g / Paper Filter / Pour Over | 250g / Aero Press | 250g / South Indian Filter | 250g / Espresso Machine | 250g / Cold Brew | 500g / Whole Beans | 500g / Percolator | 500g / Ibrik-Turkish | 500g / Moka Pots | 500g / French Press / Cafetiere | 500g / Paper Filter / Pour Over | 500g / Aero Press | 500g / South Indian Filter | 500g / Espresso Machine | 500g / Cold Brew,True,True,True,False,2024Q2,2026Q3,8
,False,False,Devans,core,8414028890332,ARABICA PLANTATION -AAA COFFEE (Dark Roast),,Coffee,250g / Whole Beans | 250g / Percolator | 250g / Ibrik-Turkish | 250g / Moka Pots | 250g / French Press / Cafetiere | 250g / Paper Filter / Pour Over | 250g / Aero Press | 250g / South Indian Filter | 250g / Espresso Machine | 250g / Cold Brew | 500g / Whole Beans | 500g / Percolator | 500g / Ibrik-Turkish | 500g / Moka Pots | 500g / French Press / Cafetiere | 500g / Paper Filter / Pour Over | 500g / Aero Press | 500g / South Indian Filter | 500g / Espresso Machine | 500g / Cold Brew,True,True,True,False,2024Q2,2026Q3,8
,False,False,Devans,core,8414029021404,ARABICA PEABERRY DARK ROAST COFFEE,,Coffee,250g / Whole Beans | 250g / Percolator | 250g / Ibrik-Turkish | 250g / Moka Pots | 250g / French Press / Cafetiere | 250g / Paper Filter / Pour Over | 250g / Aero Press | 250g / South Indian Filter | 250g / Espresso Machine | 250g / Cold Brew | 500g / Whole Beans | 500g / Percolator | 500g / Ibrik-Turkish | 500g / Moka Pots | 500g / French Press / Cafetiere | 500g / Paper Filter / Pour Over | 500g / Aero Press | 500g / South Indian Filter | 500g / Espresso Machine | 500g / Cold Brew,True,True,True,False,2024Q2,2026Q3,8
,False,False,Devans,core,8414029119708,DEVANS NATRAJ COFFEE ( 70% coffee + 30% chicory),,Coffee,250g / Whole Beans | 250g / Percolator | 250g / Ibrik-Turkish | 250g / Moka Pots | 250g / French Press / Cafetiere | 250g / Paper Filter / Pour Over | 250g / Aero Press | 250g / South Indian Filter | 250g / Espresso Machine | 250g / Cold Brew | 500g / Whole Beans | 500g / Percolator | 500g / Ibrik-Turkish | 500g / Moka Pots | 500g / French Press / Cafetiere | 500g / Paper Filter / Pour Over | 500g / Aero Press | 500g / South Indian Filter | 500g / Espresso Machine | 500g / Cold Brew,True,True,False,False,2024Q2,2026Q3,8
,False,False,Devans,core,8414029250780,ARABICA PLANTATION - AA COFFEE,,Coffee,250g / Whole Beans | 250g / Percolator | 250g / Ibrik-Turkish | 250g / Moka Pots | 250g / French Press / Cafetiere | 250g / Paper Filter / Pour Over | 250g / Aero Press | 250g / South Indian Filter | 250g / Espresso Machine | 250g / Cold Brew | 500g / Whole Beans | 500g / Percolator | 500g / Ibrik-Turkish | 500g / Moka Pots | 500g / French Press / Cafetiere | 500g / Paper Filter / Pour Over | 500g / Aero Press | 500g / South Indian Filter | 500g / Espresso Machine | 500g / Cold Brew,True,True,True,False,2024Q2,2026Q3,8
0.0,True,False,Devans,core,8414029316316,COLOMBIAN ARABICA COFFEE,VIETNAMESE ROBUSTA COFFEE,Coffee,100g / Whole Beans | 100g / Percolator | 100g / Ibrik-Turkish | 100g / Moka Pots | 100g / French Press / Cafetiere | 100g / Paper Filter / Pour Over | 100g / Aero Press | 100g / South Indian Filter | 100g / Espresso Machine | 100g / Cold Brew | 250g / Whole Beans | 250g / Percolator | 250g / Ibrik-Turkish | 250g / Moka Pots | 250g / French Press / Cafetiere | 250g / Paper Filter / Pour Over | 250g / Aero Press | 250g / South Indian Filter | 250g / Espresso Machine | 250g / Cold Brew | 500g / Whole Beans | 500g / Percolator | 500g / Ibrik-Turkish | 500g / Moka Pots | 500g / French Press / Cafe…,False,True,True,False,2024Q2,2025Q2,5
,False,False,Devans,core,8414029447388,ARABICA AA TANGA- TANZANIA,,Coffee,100g / Whole Beans | 100g / Percolator | 100g / Ibrik-Turkish | 100g / Moka Pots | 100g / French Press / Cafetiere | 100g / Paper Filter / Pour Over | 100g / Aero Press | 100g / South Indian Filter | 100g / Espresso Machine | 100g / Cold Brew | 250g / Whole Beans | 250g / Percolator | 250g / Ibrik-Turkish | 250g / Moka Pots | 250g / French Press / Cafetiere | 250g / Paper Filter / Pour Over | 250g / Aero Press | 250g / South Indian Filter | 250g / Espresso Machine | 250g / Cold Brew | 500g / Whole Beans | 500g / Percolator | 500g / Ibrik-Turkish | 500g / Moka Pots | 500g / French Press / Cafe…,False,True,True,False,2024Q2,2024Q3,2
,False,False,Devans,core,8414029545692,LODHI BLEND,,Coffee,250g / Whole Beans | 250g / Percolator | 250g / Ibrik-Turkish | 250g / Moka Pots | 250g / French Press / Cafetiere | 250g / Paper Filter / Pour Over | 250g / Aero Press | 250g / South Indian Filter | 250g / Espresso Machine | 250g / Cold Brew | 500g / Whole Beans | 500g / Percolator | 500g / Ibrik-Turkish | 500g / Moka Pots | 500g / French Press / Cafetiere | 500g / Paper Filter / Pour Over | 500g / Aero Press | 500g / South Indian Filter | 500g / Espresso Machine | 500g / Cold Brew,True,True,True,False,2024Q2,2026Q3,8
,False,False,Devans,core,8414029643996,COLD BREW COFFEE BAGS (CINNAMON),,Coffee,200g,False,True,False,False,2024Q2,2024Q2,1
,False,False,Devans,core,8414029775068,ARABICA FRENCH ROAST COFFEE,,Coffee,250g / Whole Beans | 250g / Percolator | 250g / Ibrik-Turkish | 250g / Moka Pots | 250g / French Press / Cafetiere | 250g / Paper Filter / Pour Over | 250g / Aero Press | 250g / South Indian Filter | 250g / Espresso Machine | 250g / Cold Brew | 500g / Whole Beans | 500g / Percolator | 500g / Ibrik-Turkish | 500g / Moka Pots | 500g / French Press / Cafetiere | 500g / Paper Filter / Pour Over | 500g / Aero Press | 500g / South Indian Filter | 500g / Espresso Machine | 500g / Cold Brew,True,True,True,False,2024Q2,2026Q3,8
,False,False,Devans,core,8414029873372,VIENNESE BLEND,,Coffee,250g / Whole Beans | 250g / Percolator | 250g / Ibrik-Turkish | 250g / Moka Pots | 250g / French Press / Cafetiere | 250g / Paper Filter / Pour Over | 250g / Aero Press | 250g / South Indian Filter | 250g / Espresso Machine | 250g / Cold Brew | 500g / Whole Beans | 500g / Percolator | 500g / Ibrik-Turkish | 500g / Moka Pots | 500g / French Press / Cafetiere | 500g / Paper Filter / Pour Over | 500g / Aero Press | 500g / South Indian Filter | 500g / Espresso Machine | 500g / Cold Brew,True,True,True,False,2024Q2,2026Q3,8
,False,False,Devans,core,8414029938908,ORIENTAL ESPRESSO BLEND,,Coffee,250g / Whole Beans | 250g / Percolator | 250g / Ibrik-Turkish | 250g / Moka Pots | 250g / French Press / Cafetiere | 250g / Paper Filter / Pour Over | 250g / Aero Press | 250g / South Indian Filter | 250g / Espresso Machine | 250g / Cold Brew | 500g / Whole Beans | 500g / Percolator | 500g / Ibrik-Turkish | 500g / Moka Pots | 500g / French Press / Cafetiere | 500g / Paper Filter / Pour Over | 500g / Aero Press | 500g / South Indian Filter | 500g / Espresso Machine | 500g / Cold Brew,True,True,True,False,2024Q2,2026Q3,8
,False,False,Devans,core,8414030037212,ROBUSTA KAAPI ROYALE,,Coffee,250g / Whole Beans | 250g / Percolator | 250g / Ibrik-Turkish | 250g / Moka Pots | 250g / French Press / Cafetiere | 250g / Paper Filter / Pour Over | 250g / Aero Press | 250g / South Indian Filter | 250g / Espresso Machine | 250g / Cold Brew | 500g / Whole Beans | 500g / Percolator | 500g / Ibrik-Turkish | 500g / Moka Pots | 500g / French Press / Cafetiere | 500g / Paper Filter / Pour Over | 500g / Aero Press | 500g / South Indian Filter | 500g / Espresso Machine | 500g / Cold Brew,True,True,True,False,2024Q2,2026Q3,8
,False,False,Devans,core,8414030135516,MONSOONED MALABAR - ARABICA AA,,Coffee,250g / Whole Beans | 250g / Percolator | 250g / Ibrik-Turkish | 250g / Moka Pots | 250g / French Press / Cafetiere | 250g / Paper Filter / Pour Over | 250g / Aero Press | 250g / South Indian Filter | 250g / Espresso Machine | 250g / Cold Brew | 500g / Whole Beans | 500g / Percolator | 500g / Ibrik-Turkish | 500g / Moka Pots | 500g / French Press / Cafetiere | 500g / Paper Filter / Pour Over | 500g / Aero Press | 500g / South Indian Filter | 500g / Espresso Machine | 500g / Cold Brew,True,True,True,False,2024Q2,2026Q3,8
,False,False,Devans,core,8414030168284,SPECIAL BLEND,,Coffee,250g / Whole Beans | 250g / Percolator | 250g / Ibrik-Turkish | 250g / Moka Pots | 250g / French Press / Cafetiere | 250g / Paper Filter / Pour Over | 250g / Aero Press | 250g / South Indian Filter | 250g / Espresso Machine | 250g / Cold Brew | 500g / Whole Beans | 500g / Percolator | 500g / Ibrik-Turkish | 500g / Moka Pots | 500g / French Press / Cafetiere | 500g / Paper Filter / Pour Over | 500g / Aero Press | 500g / South Indian Filter | 500g / Espresso Machine | 500g / Cold Brew,True,True,True,False,2024Q2,2026Q3,8
,False,False,Devans,core,8414030201052,ARABICA PLANTATION -AAA - Mysore Nuggets Extra Bold,,Coffee,250g / Whole Beans | 250g / Percolator | 250g / Ibrik-Turkish | 250g / Moka Pots | 250g / French Press / Cafetiere | 250g / Paper Filter / Pour Over | 250g / Aero Press | 250g / South Indian Filter | 250g / Espresso Machine | 250g / Cold Brew | 500g / Whole Beans | 500g / Percolator | 500g / Ibrik-Turkish | 500g / Moka Pots | 500g / French Press / Cafetiere | 500g / Paper Filter / Pour Over | 500g / Aero Press | 500g / South Indian Filter | 500g / Espresso Machine | 500g / Cold Brew,True,True,True,False,2024Q2,2026Q3,8
,False,False,Devans,core,8414030266588,ORGANIC ARABICA COFFEE,,Coffee,250g / Whole Beans | 250g / Percolator | 250g / Ibrik-Turkish | 250g / Moka Pots | 250g / French Press / Cafetiere | 250g / Paper Filter / Pour Over | 250g / Aero Press | 250g / South Indian Filter | 250g / Espresso Machine | 250g / Cold Brew | 500g / Whole Beans | 500g / Percolator | 500g / Ibrik-Turkish | 500g / Moka Pots | 500g / French Press / Cafetiere | 500g / Paper Filter / Pour Over | 500g / Aero Press | 500g / South Indian Filter | 500g / Espresso Machine | 500g / Cold Brew,True,True,True,False,2024Q2,2026Q3,8
,False,False,Devans,core,8414030364892,COLD BREW COFFEE BAGS- ORIGINAL,,Coffee,200g,True,True,False,False,2024Q2,2026Q3,8
,False,False,Devans,core,8418145698012,Dip n Sip Coffee Bags - VIENNESE BLEND,,Coffee,,True,True,False,False,2024Q4,2026Q3,6
,False,False,Devans,core,8948084277468,BRAZIL SANTOS CERRADO DULCE,,Coffee,100g / Whole Beans | 100g / Percolator | 100g / Ibrik-Turkish | 100g / Moka Pots | 100g / French Press / Cafetiere | 100g / Paper Filter / Pour Over | 100g / Aero Press | 100g / South Indian Filter | 100g / Espresso Machine | 100g / Cold Brew | 250g / Whole Beans | 250g / Percolator | 250g / Ibrik-Turkish | 250g / Moka Pots | 250g / French Press / Cafetiere | 250g / Paper Filter / Pour Over | 250g / Aero Press | 250g / South Indian Filter | 250g / Espresso Machine | 250g / Cold Brew | 500g / Whole Beans | 500g / Percolator | 500g / Ibrik-Turkish | 500g / Moka Pots | 500g / French Press / Cafe…,False,True,True,False,2025Q3,2025Q3,1
,False,False,Devans,core,8972146114780,SPECIAL BLEND (WHOLE SALE),,Coffee,10 Kgs / Whole Beans | 10 Kgs / Percolator | 10 Kgs / Ibrik-Turkish | 10 Kgs / Moka Pots | 10 Kgs / French Press / Cafetiere | 10 Kgs / Paper Filter / Pour Over | 10 Kgs / Aero Press | 10 Kgs / South Indian Filter | 10 Kgs / Espresso Machine | 10 Kgs / Cold Brew,True,True,True,False,2025Q3,2026Q3,3
,False,False,Devans,core,8972147458268,ARABICA FRENCH ROAST COFFEE (WHOLE SALE),,Coffee,10 Kgs / Whole Beans | 10 Kgs / Percolator | 10 Kgs / Ibrik-Turkish | 10 Kgs / Moka Pots | 10 Kgs / French Press / Cafetiere | 10 Kgs / Paper Filter / Pour Over | 10 Kgs / Aero Press | 10 Kgs / South Indian Filter | 10 Kgs / Espresso Machine | 10 Kgs / Cold Brew,True,True,True,False,2025Q3,2026Q3,3
,False,False,Devans,core,8991379587292,ORIENTAL ESPRESSO BLEND (WHOLE SALE),,Coffee,10 Kgs / Whole Beans | 10 Kgs / Percolator | 10 Kgs / Ibrik-Turkish | 10 Kgs / Moka Pots | 10 Kgs / French Press / Cafetiere | 10 Kgs / Paper Filter / Pour Over | 10 Kgs / Aero Press | 10 Kgs / South Indian Filter | 10 Kgs / Espresso Machine | 10 Kgs / Cold Brew,True,True,True,False,2025Q3,2026Q3,2
,False,False,Devans,core,8991381291228,DEVANS PREMIUM BLEND (WHOLE SALE),,Coffee,10 kgs / Whole Beans | 10 kgs / Percolator | 10 kgs / Ibrik-Turkish | 10 kgs / Moka Pots | 10 kgs / French Press / Cafetiere | 10 kgs / Paper Filter / Pour Over | 10 kgs / Aero Press | 10 kgs / South Indian Filter | 10 kgs / Espresso Machine | 10 kgs / Cold Brew,True,True,True,False,2025Q3,2026Q3,2
,False,False,Devans,core,9078033187036,Viennese Blend in Coffee Capsules,,Coffee,,True,False,False,False,2026Q3,2026Q3,1
,False,False,Devans,core,9078034333916,Monsooned Malabar in Coffee Capsules,,Coffee,,True,False,False,False,2026Q3,2026Q3,1
,False,False,Dope Coffee,secondary,3096782471232,KALLEDEVARAPURA ESTATE,,,Whole Beans | Cold Brew | Channi | French Press | Electric Brewer | Pour Over | Inverted Aeropress | Aeropress | Home Espresso | Commercial Espresso | South Indian Filter | Moka Pot | Turkish,True,True,True,False,2023Q1,2026Q3,11
,False,False,Dope Coffee,secondary,3096783552576,MONSOONED MALABAR AAA,,,Whole Beans | Cold Brew | Channi | French Press | Electric Brewer | Pour Over | Inverted Aeropress | Aeropress | Home Espresso | Commercial Espresso | South Indian Filter | Moka Pot | Turkish,False,True,True,False,2023Q1,2025Q2,7
,False,False,Dope Coffee,secondary,3110862716992,BAARBARA ESTATE AA,,,Whole Beans | Cold Brew | Channi | French Press | Electric Brewer | Pour Over | Inverted Aeropress | Aeropress | Home Espresso | Commercial Espresso | South Indian Filter | Moka Pot | Turkish,False,True,True,False,2023Q1,2023Q3,2
,False,False,Dope Coffee,secondary,3110863601728,NILGIRI,,,Whole Beans | Cold Brew | Channi | French Press | Electric Brewer | Pour Over | Inverted Aeropress | Aeropress | Home Espresso | Commercial Espresso | South Indian Filter | Moka Pot | Turkish,False,True,True,False,2023Q1,2025Q2,7
,False,False,Dope Coffee,secondary,3110863962176,SWARNAGIRI ESTATE,,,Whole Beans | Cold Brew | Channi | French Press | Electric Brewer | Pour Over | Inverted Aeropress | Aeropress | Home Espresso | Commercial Espresso | South Indian filter | Moka Pot | Turkish,False,True,True,False,2023Q1,2024Q2,4
,False,False,Dope Coffee,secondary,3110864257088,MYSORE NUGGETS,,,Whole Beans | Cold Brew | Channi | French Press | Electric Brewer | Pour Over | Inverted Aeropress | Aeropress | Home Espresso | Commercial Espresso | South Indian Filter | Moka Pot | Turkish,True,True,True,False,2023Q1,2026Q3,8
1.0,False,False,Dope Coffee,secondary,3110865436736,Dark Matter,DARK MATTER,,Whole Beans | Cold Brew | Channi | French Press | Electric Brewer | Pour Over | Inverted Aeropress | Aeropress | Home Espresso | Commercial Espresso | South Indian Filter | Moka Pot | Turkish,True,True,True,False,2023Q1,2026Q3,10
,False,False,Dope Coffee,secondary,3110865829952,POLARIS COLD BREW BLEND,,,Whole Beans | Cold Brew | Channi | French Press | Electric Brewer | Pour Over | Inverted Aeropress | Aeropress | Home Espresso | Commercial Espresso | South Indian Filter | Moka Pot | Turkish,True,True,True,False,2023Q1,2026Q3,10
1.0,False,False,Dope Coffee,secondary,5265882808475,DOUBLE BARREL,DOUBLE-BARREL BLEND,,Whole Beans | Cold Brew | Channi | French Press | Electric Brewer | Pour Over | Inverted Aeropress | Aeropress | Home Espresso | Commercial Espresso | South Indian Filter | Moka Pot | Turkish,False,True,True,False,2023Q1,2026Q1,10
,False,False,Dope Coffee,secondary,5607574012059,ANDROMEDA,,,Whole beans | Extra Coarse | Coarse | Medium Coarse | Medium | Medium Fine | Fine | Super Fine,True,False,True,False,2026Q3,2026Q3,1
,False,False,Dope Coffee,secondary,5650159730843,CRYOSPHERE,,,Whole beans | Extra Coarse | Coarse | Medium Coarse | Medium | Medium Fine | Fine | Super Fine,True,False,True,False,2026Q3,2026Q3,1
,False,False,Dope Coffee,secondary,5700178149531,QUASAR,,,Whole beans | Extra Coarse | Coarse | Medium Coarse | Medium | Medium Fine | Fine | Super Fine,True,False,True,False,2026Q3,2026Q3,1
,False,False,Dope Coffee,secondary,6962048172216,Kerehaklu  Honey Sun Dried,,,Whole Beans | Extra Coarse | Coarse | Medium Coarse | Medium | Medium Fine | Fine | Super Fine,False,False,True,False,2023Q1,2023Q1,1
,False,False,Dope Coffee,secondary,7544758665436,ECCENTRIC EDITIONS,,,Whole Beans | Cold Brew | Channi | French Press | Electric Brewer | Pour Over | Inverted Aeropress | Aeropress | Home Espresso | Commercial Espresso | South Indian Filter | Moka Pot | Turkish,False,True,True,True,2023Q1,2026Q1,10
,False,False,Dope Coffee,secondary,7544846516444,FOREIGN RETURN 🛬 🌏 🇮🇳,,,Whole Beans | Extra Coarse | Coarse | Medium Coarse | Medium | Medium Fine | Fine | Super Fine,False,True,True,True,2023Q1,2025Q2,7
,False,False,Dope Coffee,secondary,7544846909660,MOST WANTED DOPE 🚨🚨🚨,,Coffee,Whole Beans | Cold Brew | Channi | French Press | Electric brewer | Pour Over | Inverted Aeropress | Aeropress | Home Espresso | Commercial Espresso | South Indian Filter | Moka Pot | Turkish,True,True,True,True,2023Q1,2026Q3,10
,False,False,Dope Coffee,secondary,7590228885724,Kerehaklu Honey Sun Dried - Bridal Veil,,,Whole Beans | Cold Brew | Channi | French Press | Electric Brewer | Pour over | Inverted Aeropress | Aeropress | Home Espresso | Commercial Espresso | South Indian Filter | Moka Pot | Turkish,False,True,True,False,2023Q3,2023Q3,1
1.0,False,False,Dope Coffee,secondary,7600415113436,BARTCHINHULLA  ESTATE,Bartchinhulla Estate,Freshly Roasted Coffee,Whole Beans | Cold brew | Channi | French Press | Electric Brew | Pour over | Inverted Aeropress | Aeropress | Home Espresso | Commercial Espresso | South Indian filter | Moka Pot | Turkish,False,True,True,False,2023Q1,2026Q1,8
,False,False,Dope Coffee,secondary,7886441316572,TRIBE-O KORAPUT  YEAST FERMENT,,,Whole Beans | Cold Brew | Channi | French Press | Electric Brewer | Pour over | Inverted Aeropress | Home Espresso | Aeropress | South Indian Filter | Moka Pot | Commercial Espresso | Turkish,False,False,True,False,2023Q1,2023Q1,1
0.667,False,False,Dope Coffee,secondary,8090102956252,Kuttinkhan  Estate,KUTTINKHAN  LOWER ESTATE,freshly roasted coffee,Whole Beans | Cold Brew | Channi | French Press | Electric Brewer | Pour Over | Inverted Aeropress | Aeropress | Home Espresso | Commercial Espresso | South Indian Filter | Moka Pot | Turkish,True,False,True,False,2023Q3,2026Q3,4
,False,False,Dope Coffee,secondary,8139206263004,BAARBARA SPECIAL FRUIT CHERRY,,freshly roasted coffee,Whole Beans | Cold Brew | Channi | French Press | Electric Brewer | Pour Over | inverted Aeropress | Aeropress | Home Espresso | Commercial Espresso | South Indian Filter | Moka Pot | Turkish,False,True,True,False,2023Q3,2024Q1,2
1.0,False,False,Dope Coffee,secondary,8143380906204,Yelnoorkhan Estate,YELNOORKHAN ESTATE,Freshly Roasted Coffee,Whole Beans | Cold Brew | Channi | French Press | Electric Brewer | Pour Over | Inverted Aeropress | Aeropress | Home Espresso | Commercial Espresso | South Indian Filter | Moka Pot | Turkish,False,True,True,False,2023Q3,2025Q1,5
,False,False,Dope Coffee,secondary,8818169217244,Buzz Blend,,Freshly Roasted Coffee,Whole Beans | Cold Brew | Channi | French Press | Electric Brewer | Pour Over | Inverted Aeropress | Aeropress | Home Espresso | Commercial Espresso | South Indian Filter | Moka Pot | Turkish,True,True,True,False,2025Q1,2026Q3,2
1.0,False,False,Dope Coffee,secondary,8818273616092,ROARING ROBUSTA,Roaring Robusta,Freshly Roasted Coffee,Whole Beans | Cold Brew | Channi | French Press | Electric Brewer | Pour Over | Inverted Aeropress | Aeropress | Home espresso | Commercial Espresso | South Indian Filter | Moka Pot | Turkish,False,True,True,False,2025Q1,2026Q1,5
1.0,False,False,Dope Coffee,secondary,8819800998108,VIENNA VORTEX,Vienna Vortex,Freshly Roasted Coffee,Whole Beans | Cold Brew | Channi | French Press | Electric Brewer | Pour Over | Aeropress | Inverted Aeropress | Home Espresso | Commercial Espresso | South Indian Filter | Moka Pot | Turkish,True,True,True,False,2025Q1,2026Q3,2
,False,False,Grey Soul,core,6651730952389,Kogilahalla KENTS (Naturals & Honey),,,300 GMS / Whole Bean | 300 GMS / Pourover | 300 GMS / French Press | 300 GMS / Chemex | 300 GMS / Espresso | 300 GMS / Channi | 300 GMS / Cold Brew | 300 GMS / Moka Pot | 300 GMS / Aeropress | 300 GMS / South Indian Filter | 300 GMS / Electric Drip/ Siphon,False,True,True,False,2024Q2,2024Q2,1
0.222,True,False,Grey Soul,core,6661709332677,Coffee Drip bags (Med Roast),Biccode Estate Naturals (DRIP BAGS) | All Can Brew (Drip bags - Med Roast) | All Can Brew Drip bags (Med Roast),Medium Profile,,True,True,False,False,2023Q2,2026Q3,10
,False,False,Grey Soul,core,6667195678917,White Hario filter paper size 02,,,,False,True,False,False,2025Q3,2025Q4,2
,False,False,Grey Soul,core,6688569426117,3 X COFFEES,,,Whole Bean | Pourover | French Press | Chemex | Espresso | Channi | Cold Brew | Moka Pot | Aeropress | South Indian Filter | Electric Drip / Siphon,False,True,True,True,2023Q1,2023Q1,1
,False,False,Grey Soul,core,6688570966213,4 X COFFEES,,,Whole Bean | Pourover | French Press | Chemex | Espresso | Channi | Cold Brew | Moka Pot | Aeropress | Electric Drip Coffee Machine | South Indian Filter,False,True,True,True,2023Q1,2023Q1,1
,False,False,Grey Soul,core,6705293099205,Karadykan - SC 3A (Single Origin Red Honey) (Med Roast at 16% DTR),,Indian Specialty Coffee Beans,150 GMS / Whole Bean | 150 GMS / French Press | 150 GMS / Aeropress | 150 GMS / Espresso | 150 GMS / Chemex | 150 GMS / Channi | 150 GMS / Cold Brew | 150 GMS / South Indian Filter | 150 GMS / Electric Drip/ Siphon | 250 GMS / Whole Bean | 250 GMS / Pourover | 250 GMS / French Press | 250 GMS / Moka Pot | 250 GMS / Aeropress | 250 GMS / Espresso | 250 GMS / Chemex | 250 GMS / Channi | 250 GMS / Cold Brew | 250 GMS / South Indian Filter | 500 GMS / Whole Bean | 500 GMS / Pourover | 500 GMS / French Press | 500 GMS / Moka Pot | 500 GMS / Aeropress | 500 GMS / Espresso | 500 GMS / Chemex | 500 G…,False,True,True,False,2023Q1,2023Q1,1
,False,False,Grey Soul,core,6705297326277,Gungegiri - SC 40A (Single Origin Anaerobic Naturals) (Med Roast at 14% DTR),,Indian Specialty Coffee Beans,150 GMS / Whole Bean | 150 GMS / Pourover | 150 GMS / French Press | 150 GMS / Chemex | 150 GMS / Channi | 150 GMS / Cold Brew | 150 GMS / Aeropress | 150 GMS / South Indian Filter | 150 GMS / Electric Drip/ Siphon | 250 GMS / Whole Bean | 250 GMS / Pourover | 250 GMS / French Press | 250 GMS / Chemex | 250 GMS / Channi | 250 GMS / Cold Brew | 250 GMS / Aeropress | 250 GMS / South Indian Filter | 250 GMS / Espresso | 250 GMS / Moka Pot | 500 GMS / Whole Bean | 500 GMS / Pourover | 500 GMS / French Press | 500 GMS / Chemex | 500 GMS / Channi | 500 GMS / Cold Brew | 500 GMS / Aeropress | 500 GM…,False,True,True,False,2023Q1,2023Q1,1
,False,False,Grey Soul,core,7060411547845,SC 51A (2022 Micro LOT - 1) (Med Roast),,Indian Specialty Coffee Beans,250 GMS / Whole Bean | 250 GMS / Pourover | 250 GMS / French Press | 250 GMS / Espresso | 250 GMS / Channi | 250 GMS / Cold Brew | 250 GMS / Moka Pot | 250 GMS / Aeropress | 250 GMS / South Indian Filter | 500 GMS / Whole Bean | 500 GMS / Pourover | 500 GMS / French Press | 500 GMS / Espresso | 500 GMS / Channi | 500 GMS / Cold Brew | 500 GMS / Moka Pot | 500 GMS / Aeropress | 500 GMS / South Indian Filter | 250 GMS / Electric Drip | 250 GMS / Chemex | 500 GMS / Chemex | 500 GMS / Electric Drip | 250 GMS / Siphon | 500 GMS / Siphon,False,True,True,False,2023Q1,2023Q1,1
,False,False,Grey Soul,core,7171489235141,Submarine Fermentation (Med-Dark Profile),,Indian Specialty Coffee Beans,150 GMS / Whole Bean | 150 GMS / Pourover | 150 GMS / French Press | 150 GMS / Chemex | 150 GMS / Espresso | 150 GMS / Channi | 150 GMS / Cold Brew | 150 GMS / Moka Pot | 150 GMS / Aeropress | 150 GMS / Electric Drip Coffee Machine | 150 GMS / South Indian Filter | 250 GMS / Whole Bean | 250 GMS / Pourover | 250 GMS / French Press | 250 GMS / Chemex | 250 GMS / Espresso | 250 GMS / Channi | 250 GMS / Cold Brew | 250 GMS / Moka Pot | 250 GMS / Aeropress | 250 GMS / Electric Drip Coffee Machine | 250 GMS / South Indian Filter | 500 GMS / Whole Bean | 500 GMS / Pourover | 500 GMS / French Press…,False,True,True,False,2023Q1,2023Q1,1
,False,False,Grey Soul,core,7171511877829,ELL'SWORTH RED HONEY (Med Profile),,Indian Specialty Coffee Beans,150 GMS / Whole Bean | 150 GMS / Pourover | 150 GMS / French Press | 150 GMS / Chemex | 150 GMS / Espresso | 150 GMS / Channi | 150 GMS / Cold Brew | 150 GMS / Moka Pot | 150 GMS / Aeropress | 150 GMS / Electric Drip Coffee Machine | 150 GMS / South Indian Filter | 250 GMS / Whole Bean | 250 GMS / Pourover | 250 GMS / French Press | 250 GMS / Chemex | 250 GMS / Espresso | 250 GMS / Channi | 250 GMS / Cold Brew | 250 GMS / Moka Pot | 250 GMS / Aeropress | 250 GMS / Electric Drip Coffee Machine | 250 GMS / South Indian Filter | 500 GMS / Whole Bean | 500 GMS / Pourover | 500 GMS / French Press…,False,True,True,False,2023Q1,2023Q1,1
0.5,True,True,Grey Soul,core,7209404006597,Fermented Graded Washed (Med-Dark Profile),Ratnagiri Washed (Med-Dark Profile),Medium Profile,150 GMS / Whole Bean | 150 GMS / Pourover | 150 GMS / French Press | 150 GMS / Chemex | 150 GMS / Espresso | 150 GMS / Channi | 150 GMS / Cold Brew | 150 GMS / Moka Pot | 150 GMS / Aeropress | 150 GMS / Electric Drip Coffee Machine | 150 GMS / South Indian Filter | 250 GMS / Whole Bean | 250 GMS / Pourover | 250 GMS / French Press | 250 GMS / Chemex | 250 GMS / Espresso | 250 GMS / Channi | 250 GMS / Cold Brew | 250 GMS / Moka Pot | 250 GMS / Aeropress | 250 GMS / Electric Drip Coffee Machine | 250 GMS / South Indian Filter | 500 GMS / Whole Bean | 500 GMS / Pourover | 500 GMS / French Press…,False,True,True,False,2023Q1,2025Q2,4
,False,False,Grey Soul,core,7230153720005,Lactic Fermentation Naturals (Light-Med Profile),,Indian Specialty Coffee Beans,150 GMS / Whole Bean | 150 GMS / Pourover | 150 GMS / French Press | 150 GMS / Chemex | 150 GMS / Espresso | 150 GMS / Channi | 150 GMS / Cold Brew | 150 GMS / Moka Pot | 150 GMS / Aeropress | 150 GMS / Electric Drip Coffee Machine | 150 GMS / South Indian Filter | 250 GMS / Whole Bean | 250 GMS / Pourover | 250 GMS / French Press | 250 GMS / Chemex | 250 GMS / Espresso | 250 GMS / Channi | 250 GMS / Cold Brew | 250 GMS / Moka Pot | 250 GMS / Aeropress | 250 GMS / Electric Drip Coffee Machine | 250 GMS / South Indian Filter | 500 GMS / Whole Bean | 500 GMS / Pourover | 500 GMS / French Press…,False,True,True,False,2023Q1,2023Q1,1
,False,False,Grey Soul,core,7269407785157,Honey Anaerobic Ratnagiri Estate (Med-Light Profile),,Indian Specialty Coffee Beans,150 GMS / Whole Bean | 150 GMS / Pourover | 150 GMS / French Press | 150 GMS / Chemex | 150 GMS / Espresso | 150 GMS / Channi | 150 GMS / Cold Brew | 150 GMS / Moka Pot | 150 GMS / Aeropress | 150 GMS / Electric Drip Coffee Machine | 150 GMS / South Indian Filter | 250 GMS / Whole Bean | 250 GMS / Pourover | 250 GMS / French Press | 250 GMS / Chemex | 250 GMS / Espresso | 250 GMS / Channi | 250 GMS / Cold Brew | 250 GMS / Moka Pot | 250 GMS / Aeropress | 250 GMS / Electric Drip Coffee Machine | 250 GMS / South Indian Filter | 500 GMS / Whole Bean | 500 GMS / Pourover | 500 GMS / French Press…,False,True,True,False,2023Q1,2023Q1,1
,False,False,Grey Soul,core,7276743688389,DB Naturals Ratnagiri Estate (Med Profile),,Indian Specialty Coffee Beans,150 GMS / Whole Bean | 150 GMS / Pourover | 150 GMS / French Press | 150 GMS / Chemex | 150 GMS / Espresso | 150 GMS / Channi | 150 GMS / Cold Brew | 150 GMS / Moka Pot | 150 GMS / Aeropress | 150 GMS / Electric Drip Coffee Machine | 150 GMS / South Indian Filter | 250 GMS / Whole Bean | 250 GMS / Pourover | 250 GMS / French Press | 250 GMS / Chemex | 250 GMS / Espresso | 250 GMS / Channi | 250 GMS / Cold Brew | 250 GMS / Moka Pot | 250 GMS / Aeropress | 250 GMS / Electric Drip Coffee Machine | 250 GMS / South Indian Filter | 500 GMS / Whole Bean | 500 GMS / Pourover | 500 GMS / French Press…,False,True,True,False,2023Q1,2023Q1,1
,False,False,Grey Soul,core,7295490916549,DNX-1 Yeast Fermentation (Med Profile),,Indian Specialty Coffee Beans,150 GMS / Whole Bean | 150 GMS / Pourover | 150 GMS / French Press | 150 GMS / Chemex | 150 GMS / Espresso | 150 GMS / Channi | 150 GMS / Cold Brew | 150 GMS / Moka Pot | 150 GMS / Aeropress | 150 GMS / Electric Drip Coffee Machine | 150 GMS / South Indian Filter | 250 GMS / Whole Bean | 250 GMS / Pourover | 250 GMS / French Press | 250 GMS / Chemex | 250 GMS / Espresso | 250 GMS / Channi | 250 GMS / Cold Brew | 250 GMS / Moka Pot | 250 GMS / Aeropress | 250 GMS / Electric Drip Coffee Machine | 250 GMS / South Indian Filter | 500 GMS / Whole Bean | 500 GMS / Pourover | 500 GMS / French Press…,False,True,True,False,2023Q1,2023Q1,1
,False,False,Grey Soul,core,7321660162245,NAGALAND MON NATURALS (LIGHT ROAST),,Indian Specialty Coffee Beans,150 GMS / Whole Bean / Filter | 150 GMS / Whole Bean / Espresso | 150 GMS / Pourover / Filter | 150 GMS / French Press / Filter | 150 GMS / Chemex / Filter | 150 GMS / Espresso / Filter | 150 GMS / Espresso / Espresso | 150 GMS / Channi / Filter | 150 GMS / Cold Brew / Filter | 150 GMS / Moka Pot / Filter | 150 GMS / Moka Pot / Espresso | 150 GMS / Aeropress / Filter | 150 GMS / Electric Drip Coffee Machine / Filter | 150 GMS / South Indian Filter / Filter | 150 GMS / South Indian Filter / Espresso | 250 GMS / Whole Bean / Filter | 250 GMS / Whole Bean / Espresso | 250 GMS / Pourover / Filter…,False,True,True,False,2023Q1,2023Q1,1
,False,False,Grey Soul,core,7321669697733,NAGALAND ZUNHEBOTO HONEY (LIGHT-MED ROAST),,Indian Specialty Coffee Beans,150 GMS / Whole Bean | 150 GMS / Pourover | 150 GMS / French Press | 150 GMS / Chemex | 150 GMS / Espresso | 150 GMS / Channi | 150 GMS / Cold Brew | 150 GMS / Moka Pot | 150 GMS / Aeropress | 150 GMS / Electric Drip Coffee Machine | 150 GMS / South Indian Filter | 250 GMS / Whole Bean | 250 GMS / Pourover | 250 GMS / French Press | 250 GMS / Chemex | 250 GMS / Espresso | 250 GMS / Channi | 250 GMS / Cold Brew | 250 GMS / Moka Pot | 250 GMS / Aeropress | 250 GMS / Electric Drip Coffee Machine | 250 GMS / South Indian Filter | 500 GMS / Whole Bean | 500 GMS / Pourover | 500 GMS / French Press…,False,True,True,False,2023Q1,2023Q1,1
,False,False,Grey Soul,core,7339168596165,Badra Naturals (Med-Light Profile),,Indian Specialty Coffee Beans,150 GMS / Whole Bean | 150 GMS / Pourover | 150 GMS / French Press | 150 GMS / Chemex | 150 GMS / Espresso | 150 GMS / Channi | 150 GMS / Cold Brew | 150 GMS / Moka Pot | 150 GMS / Aeropress | 150 GMS / Electric Drip Coffee Machine | 150 GMS / South Indian Filter | 250 GMS / Whole Bean | 250 GMS / Pourover | 250 GMS / French Press | 250 GMS / Chemex | 250 GMS / Espresso | 250 GMS / Channi | 250 GMS / Cold Brew | 250 GMS / Moka Pot | 250 GMS / Aeropress | 250 GMS / Electric Drip Coffee Machine | 250 GMS / South Indian Filter | 500 GMS / Whole Bean | 500 GMS / Pourover | 500 GMS / French Press…,False,True,True,False,2023Q1,2023Q1,1
,False,False,Grey Soul,core,7351537926341,Baarbara Estate 24 Hours Fermentation (Medium Profile),,Indian Specialty Coffee Beans,150 GMS / Whole Bean | 150 GMS / Pourover | 150 GMS / French Press | 150 GMS / Chemex | 150 GMS / Espresso | 150 GMS / Channi | 150 GMS / Cold Brew | 150 GMS / Moka Pot | 150 GMS / Aeropress | 150 GMS / Electric Drip Coffee Machine | 150 GMS / South Indian Filter | 250 GMS / Whole Bean | 250 GMS / Pourover | 250 GMS / French Press | 250 GMS / Chemex | 250 GMS / Espresso | 250 GMS / Channi | 250 GMS / Cold Brew | 250 GMS / Moka Pot | 250 GMS / Aeropress | 250 GMS / Electric Drip Coffee Machine | 250 GMS / South Indian Filter | 500 GMS / Whole Bean | 500 GMS / Pourover | 500 GMS / French Press…,False,True,True,False,2023Q1,2023Q1,1
,False,False,Grey Soul,core,7425739882693,Slow sun-dried Naturals Biccode Estate (Med Roast),,Medium Profile,150 GMS / Whole Bean | 150 GMS / Pourover | 150 GMS / French Press | 150 GMS / Chemex | 150 GMS / Espresso | 150 GMS / Channi | 150 GMS / Cold Brew | 150 GMS / Moka Pot | 150 GMS / Aeropress | 150 GMS / South Indian Filter | 150 GMS / Electric Drip/ Siphon | 250 GMS / Whole Bean | 250 GMS / Pourover | 250 GMS / French Press | 250 GMS / Chemex | 250 GMS / Espresso | 250 GMS / Channi | 250 GMS / Cold Brew | 250 GMS / Moka Pot | 250 GMS / Aeropress | 250 GMS / South Indian Filter | 500 GMS / Whole Bean | 500 GMS / Pourover | 500 GMS / French Press | 500 GMS / Chemex | 500 GMS / Espresso | 500 GM…,False,True,True,False,2023Q2,2023Q3,2
0.5,False,False,Grey Soul,core,7425799291077,Biccode LEL Naturals (Light-Med Roast),Biccode (Vana) Naturals (Light Roast),Light-Med Profile,250 GMS / Whole Bean | 250 GMS / Pourover | 250 GMS / French Press | 250 GMS / Moka Pot | 250 GMS / Aeropress | 250 GMS / Chemex | 250 GMS / Espresso | 250 GMS / Channi | 250 GMS / Cold Brew | 250 GMS / South Indian Filter | 250 GMS / Electric Drip/ Siphon | 150 GMS / Whole Bean | 150 GMS / Pourover | 150 GMS / French Press | 150 GMS / Moka Pot | 150 GMS / Aeropress | 150 GMS / Chemex | 150 GMS / Espresso | 150 GMS / Channi | 150 GMS / Cold Brew | 150 GMS / South Indian Filter | 150 GMS / Electric Drip/ Siphon | 500 GMS / Whole Bean | 500 GMS / Pourover | 500 GMS / French Press | 500 GMS / Mo…,False,True,True,False,2023Q2,2025Q1,5
,False,False,Grey Soul,core,7425820688581,Badra HDT X CATUAI Naturals (Light-Med Profile),,Light-Med Profile,150 GMS / Whole Bean | 150 GMS / Pourover | 150 GMS / French Press | 150 GMS / Chemex | 150 GMS / Espresso | 150 GMS / Channi | 150 GMS / Cold Brew | 150 GMS / Moka Pot | 150 GMS / Aeropress | 150 GMS / Electric Drip Coffee Machine | 150 GMS / South Indian Filter | 250 GMS / Whole Bean | 250 GMS / Pourover | 250 GMS / French Press | 250 GMS / Chemex | 250 GMS / Espresso | 250 GMS / Channi | 250 GMS / Cold Brew | 250 GMS / Moka Pot | 250 GMS / Aeropress | 250 GMS / Electric Drip Coffee Machine | 250 GMS / South Indian Filter | 500 GMS / Whole Bean | 500 GMS / Pourover | 500 GMS / French Press…,False,True,True,False,2023Q2,2024Q4,5
,False,False,Grey Soul,core,7425831207109,Ell'sworth Black Honey (Light-Med Profile),,Light-Med Profile,150 GMS / Whole Bean | 150 GMS / Pourover | 150 GMS / French Press | 150 GMS / Chemex | 150 GMS / Espresso | 150 GMS / Channi | 150 GMS / Cold Brew | 150 GMS / Moka Pot | 150 GMS / Aeropress | 150 GMS / Electric Drip Coffee Machine | 150 GMS / South Indian Filter | 250 GMS / Whole Bean | 250 GMS / Pourover | 250 GMS / French Press | 250 GMS / Chemex | 250 GMS / Espresso | 250 GMS / Channi | 250 GMS / Cold Brew | 250 GMS / Moka Pot | 250 GMS / Aeropress | 250 GMS / Electric Drip Coffee Machine | 250 GMS / South Indian Filter | 500 GMS / Whole Bean | 500 GMS / Pourover | 500 GMS / French Press…,False,True,True,False,2023Q2,2024Q4,5
0.8,False,False,Grey Soul,core,7450794131653,Nagaland Zunheboto Naturals (Light Profile),Nagaland Zunheboto Naturals (Light-Med Profile),Light Profile,150 GMS / Whole Bean | 150 GMS / Pourover | 150 GMS / French Press | 150 GMS / Chemex | 150 GMS / Espresso | 150 GMS / Channi | 150 GMS / Cold Brew | 150 GMS / Moka Pot | 150 GMS / Aeropress | 150 GMS / Electric Drip Coffee Machine | 150 GMS / South Indian Filter | 250 GMS / Whole Bean | 250 GMS / Pourover | 250 GMS / French Press | 250 GMS / Chemex | 250 GMS / Espresso | 250 GMS / Channi | 250 GMS / Cold Brew | 250 GMS / Moka Pot | 250 GMS / Aeropress | 250 GMS / Electric Drip Coffee Machine | 250 GMS / South Indian Filter | 500 GMS / Whole Bean | 500 GMS / Pourover | 500 GMS / French Press…,False,True,True,False,2023Q3,2025Q1,3
0.571,True,True,Grey Soul,core,7450817396933,Nagaland Zunheboto Graded Washed (Med Profile),Nagaland Zunheboto GRADED Naturals (Light-Med Profile),Light-Med Profile,150 GMS / Whole Bean | 150 GMS / Pourover | 150 GMS / French Press | 150 GMS / Chemex | 150 GMS / Espresso | 150 GMS / Channi | 150 GMS / Cold Brew | 150 GMS / Moka Pot | 150 GMS / Aeropress | 150 GMS / Electric Drip Coffee Machine | 150 GMS / South Indian Filter | 250 GMS / Whole Bean | 250 GMS / Pourover | 250 GMS / French Press | 250 GMS / Chemex | 250 GMS / Espresso | 250 GMS / Channi | 250 GMS / Cold Brew | 250 GMS / Moka Pot | 250 GMS / Aeropress | 250 GMS / Electric Drip Coffee Machine | 250 GMS / South Indian Filter | 500 GMS / Whole Bean | 500 GMS / Pourover | 500 GMS / French Press…,False,True,True,False,2023Q3,2025Q2,5
0.333,True,False,Grey Soul,core,7451014234309,Ultra Light Nagaland,Nagaland Kohima 23 Naturals (Light Roast Profile),Ultra-Light Roast,250 GMS / Whole Bean | 250 GMS / Pourover | 250 GMS / French Press | 250 GMS / Chemex | 250 GMS / Espresso | 250 GMS / Channi | 250 GMS / Cold Brew | 250 GMS / Moka Pot | 250 GMS / Aeropress | 250 GMS / Electric Drip Coffee Machine | 250 GMS / South Indian Filter | 500 GMS / Whole Bean | 500 GMS / Pourover | 500 GMS / French Press | 500 GMS / Chemex | 500 GMS / Espresso | 500 GMS / Channi | 500 GMS / Cold Brew | 500 GMS / Moka Pot | 500 GMS / Aeropress | 500 GMS / Electric Drip Coffee Machine | 500 GMS / South Indian Filter | 200 GMS / Whole Bean | 200 GMS / Pourover | 200 GMS / French Press…,False,True,True,False,2023Q3,2025Q4,3
,False,False,Grey Soul,core,7464466284741,Lactic Fermentation Naturals (Light Roast),,Light Profile,200 GMS / Whole Bean | 200 GMS / Pourover | 200 GMS / French Press | 200 GMS / Chemex | 200 GMS / Espresso | 200 GMS / Channi | 200 GMS / Cold Brew | 200 GMS / Moka Pot | 200 GMS / Aeropress | 200 GMS / Electric Drip Coffee Machine | 200 GMS / South Indian Filter,False,True,True,False,2023Q3,2024Q4,4
,False,False,Grey Soul,core,7464468480197,Yeast Nitrogen Naturals (Light-Med Roast),,Light-Med Profile,200 GMS / Whole Bean | 200 GMS / Pourover | 200 GMS / French Press | 200 GMS / Chemex | 200 GMS / Espresso | 200 GMS / Channi | 200 GMS / Cold Brew | 200 GMS / Moka Pot | 200 GMS / Aeropress | 200 GMS / Electric Drip Coffee Machine | 200 GMS / South Indian Filter,False,True,True,False,2023Q3,2025Q1,5
,False,False,Grey Soul,core,7477612249285,Crimson Washed MS Estate (Med-Dark Roast),,Med-Dark Profile,150 GMS / Whole Bean | 150 GMS / Pourover | 150 GMS / French Press | 150 GMS / Chemex | 150 GMS / Espresso | 150 GMS / Channi | 150 GMS / Cold Brew | 150 GMS / Moka Pot | 150 GMS / Aeropress | 150 GMS / South Indian Filter | 150 GMS / Electric Drip/ Siphon | 250 GMS / Whole Bean | 250 GMS / Pourover | 250 GMS / French Press | 250 GMS / Chemex | 250 GMS / Espresso | 250 GMS / Channi | 250 GMS / Cold Brew | 250 GMS / Moka Pot | 250 GMS / Aeropress | 250 GMS / South Indian Filter | 500 GMS / Whole Bean | 500 GMS / Pourover | 500 GMS / French Press | 500 GMS / Chemex | 500 GMS / Espresso | 500 GM…,False,True,True,False,2023Q3,2023Q3,1
,False,False,Grey Soul,core,7481415532741,Anaerobic Naturals Koppathur (Light Profile),,Light Profile,250 GMS / Whole Bean | 250 GMS / Pourover | 250 GMS / French Press | 250 GMS / Chemex | 250 GMS / Espresso | 250 GMS / Channi | 250 GMS / Cold Brew | 250 GMS / Moka Pot | 250 GMS / Aeropress | 250 GMS / Electric Drip Coffee Machine | 250 GMS / South Indian Filter | 500 GMS / Whole Bean | 500 GMS / Pourover | 500 GMS / French Press | 500 GMS / Chemex | 500 GMS / Espresso | 500 GMS / Channi | 500 GMS / Cold Brew | 500 GMS / Moka Pot | 500 GMS / Aeropress | 500 GMS / Electric Drip Coffee Machine | 500 GMS / South Indian Filter,False,True,True,False,2023Q3,2024Q2,2
0.667,False,False,Grey Soul,core,7487855853765,Roasters Espresso (Med Roast),Roasters Espresso (Med-Dark Profile) | Roasters Espresso 2.0 (Med-Dark Profile) | Roasters Espresso (Med-Dark Roast),Med-Dark Profile,250 GMS / Whole Bean | 250 GMS / Pourover | 250 GMS / French Press | 250 GMS / Chemex | 250 GMS / Espresso | 250 GMS / Channi | 250 GMS / Cold Brew | 250 GMS / Moka Pot | 250 GMS / Aeropress | 250 GMS / Electric Drip Coffee Machine | 250 GMS / South Indian Filter | 500 GMS / Whole Bean | 500 GMS / Pourover | 500 GMS / French Press | 500 GMS / Chemex | 500 GMS / Espresso | 500 GMS / Channi | 500 GMS / Cold Brew | 500 GMS / Moka Pot | 500 GMS / Aeropress | 500 GMS / Electric Drip Coffee Machine | 500 GMS / South Indian Filter | 1 Kilogram / Whole Bean | 1 Kilogram / Pourover | 1 Kilogram / Fren…,True,True,True,False,2023Q3,2026Q3,9
,False,False,Grey Soul,core,7495913832645,Extended Naturals Harley Estate (Light-Med Profile),,Light-Med Profile,150 GMS / Whole Bean | 150 GMS / Pourover | 150 GMS / French Press | 150 GMS / Chemex | 150 GMS / Espresso | 150 GMS / Channi | 150 GMS / Cold Brew | 150 GMS / Moka Pot | 150 GMS / Aeropress | 150 GMS / Electric Drip Coffee Machine | 150 GMS / South Indian Filter | 250 GMS / Whole Bean | 250 GMS / Pourover | 250 GMS / French Press | 250 GMS / Chemex | 250 GMS / Espresso | 250 GMS / Channi | 250 GMS / Cold Brew | 250 GMS / Moka Pot | 250 GMS / Aeropress | 250 GMS / Electric Drip Coffee Machine | 250 GMS / South Indian Filter | 500 GMS / Whole Bean | 500 GMS / Pourover | 500 GMS / French Press…,False,True,True,False,2024Q2,2024Q4,3
,False,False,Grey Soul,core,7506385666245,120 Hour Sun-Dried Anaerobic Naturals (Med Profile),,Light-Med Profile,150 GMS / Whole Bean | 150 GMS / Pourover | 150 GMS / French Press | 150 GMS / Chemex | 150 GMS / Espresso | 150 GMS / Channi | 150 GMS / Cold Brew | 150 GMS / Moka Pot | 150 GMS / Aeropress | 150 GMS / Electric Drip Coffee Machine | 150 GMS / South Indian Filter | 250 GMS / Whole Bean | 250 GMS / Pourover | 250 GMS / French Press | 250 GMS / Chemex | 250 GMS / Espresso | 250 GMS / Channi | 250 GMS / Cold Brew | 250 GMS / Moka Pot | 250 GMS / Aeropress | 250 GMS / Electric Drip Coffee Machine | 250 GMS / South Indian Filter | 500 GMS / Whole Bean | 500 GMS / Pourover | 500 GMS / French Press…,False,True,True,False,2024Q2,2024Q2,1
,False,False,Grey Soul,core,7535386329285,Naturals from Baarbara (Med Profile),,Light-Med Profile,150 GMS / Whole Bean | 150 GMS / Pourover | 150 GMS / French Press | 150 GMS / Chemex | 150 GMS / Espresso | 150 GMS / Channi | 150 GMS / Cold Brew | 150 GMS / Moka Pot | 150 GMS / Aeropress | 150 GMS / Electric Drip Coffee Machine | 150 GMS / South Indian Filter | 250 GMS / Whole Bean | 250 GMS / Pourover | 250 GMS / French Press | 250 GMS / Chemex | 250 GMS / Espresso | 250 GMS / Channi | 250 GMS / Cold Brew | 250 GMS / Moka Pot | 250 GMS / Aeropress | 250 GMS / Electric Drip Coffee Machine | 250 GMS / South Indian Filter | 500 GMS / Whole Bean | 500 GMS / Pourover | 500 GMS / French Press…,False,True,True,False,2024Q2,2024Q2,1
0.4,True,False,Grey Soul,core,7549207773381,Kohima Naturals (Med Roast),Kohima Specialty Naturals (Light Roast),Medium Profile,200 GMS / Whole Bean | 200 GMS / Pourover | 200 GMS / French Press | 200 GMS / Chemex | 200 GMS / Espresso | 200 GMS / Channi | 200 GMS / Cold Brew | 200 GMS / Moka Pot | 200 GMS / Aeropress | 200 GMS / Electric Drip Coffee Machine | 200 GMS / South Indian Filter,False,True,True,False,2024Q2,2025Q2,5
0.222,True,False,Grey Soul,core,7549447798981,Attikan Nano LOT (Ultra Light Roast),Cavery Yeast Carbonic Naturals (Light-Med Roast) | CATAUI NANO LOT (Light-Med Roast),Ultra-Light Roast,200 GMS / Whole Bean | 200 GMS / Pourover | 200 GMS / French Press | 200 GMS / Chemex | 200 GMS / Espresso | 200 GMS / Channi | 200 GMS / Cold Brew | 200 GMS / Moka Pot | 200 GMS / Aeropress | 200 GMS / Electric Drip Coffee Machine | 200 GMS / South Indian Filter | 400 GMS / Whole Bean | 400 GMS / Pourover | 400 GMS / French Press | 400 GMS / Chemex | 400 GMS / Espresso | 400 GMS / Channi | 400 GMS / Cold Brew | 400 GMS / Moka Pot | 400 GMS / Aeropress | 400 GMS / Electric Drip Coffee Machine | 400 GMS / South Indian Filter,False,True,True,False,2024Q2,2025Q4,7
,False,False,Grey Soul,core,7637470249157,SLN 9 CIMA Anaerobic Fermentation (Light-Med Profile),,Light-Med Profile,150 GMS / Whole Bean | 150 GMS / Pourover | 150 GMS / French Press | 150 GMS / Chemex | 150 GMS / Espresso | 150 GMS / Channi | 150 GMS / Cold Brew | 150 GMS / Moka Pot | 150 GMS / Aeropress | 150 GMS / Electric Drip Coffee Machine | 150 GMS / South Indian Filter | 250 GMS / Whole Bean | 250 GMS / Pourover | 250 GMS / French Press | 250 GMS / Chemex | 250 GMS / Espresso | 250 GMS / Channi | 250 GMS / Cold Brew | 250 GMS / Moka Pot | 250 GMS / Aeropress | 250 GMS / Electric Drip Coffee Machine | 250 GMS / South Indian Filter | 500 GMS / Whole Bean | 500 GMS / Pourover | 500 GMS / French Press…,False,True,True,False,2024Q2,2024Q3,2
,False,False,Grey Soul,core,7637494137029,Sachimore Anaerobic Fermentation (Med Profile),,Light-Med Profile,150 GMS / Whole Bean | 150 GMS / Pourover | 150 GMS / French Press | 150 GMS / Chemex | 150 GMS / Espresso | 150 GMS / Channi | 150 GMS / Cold Brew | 150 GMS / Moka Pot | 150 GMS / Aeropress | 150 GMS / Electric Drip Coffee Machine | 150 GMS / South Indian Filter | 250 GMS / Whole Bean | 250 GMS / Pourover | 250 GMS / French Press | 250 GMS / Chemex | 250 GMS / Espresso | 250 GMS / Channi | 250 GMS / Cold Brew | 250 GMS / Moka Pot | 250 GMS / Aeropress | 250 GMS / Electric Drip Coffee Machine | 250 GMS / South Indian Filter | 500 GMS / Whole Bean | 500 GMS / Pourover | 500 GMS / French Press…,False,True,True,False,2024Q2,2025Q1,4
,False,False,Grey Soul,core,7637517500613,SLN 5A Anaerobic Fermentation (Light-Med Profile),,Light-Med Profile,200 GMS / Whole Bean | 200 GMS / Pourover | 200 GMS / French Press | 200 GMS / Chemex | 200 GMS / Espresso | 200 GMS / Channi | 200 GMS / Cold Brew | 200 GMS / Moka Pot | 200 GMS / Aeropress | 200 GMS / Electric Drip Coffee Machine | 200 GMS / South Indian Filter | 400 GMS / Whole Bean | 400 GMS / Pourover | 400 GMS / French Press | 400 GMS / Chemex | 400 GMS / Espresso | 400 GMS / Channi | 400 GMS / Cold Brew | 400 GMS / Moka Pot | 400 GMS / Aeropress | 400 GMS / Electric Drip Coffee Machine | 400 GMS / South Indian Filter,False,True,True,False,2024Q2,2025Q2,5
,False,False,Grey Soul,core,7705455919301,Single Origin Anaerobic Espresso (Med-Dark Profile),,Med-Dark Profile,250 GMS / Whole Bean | 250 GMS / Pourover | 250 GMS / French Press | 250 GMS / Chemex | 250 GMS / Espresso | 250 GMS / Channi | 250 GMS / Cold Brew | 250 GMS / Moka Pot | 250 GMS / Aeropress | 250 GMS / Electric Drip Coffee Machine | 250 GMS / South Indian Filter | 500 GMS / Whole Bean | 500 GMS / Pourover | 500 GMS / French Press | 500 GMS / Chemex | 500 GMS / Espresso | 500 GMS / Channi | 500 GMS / Cold Brew | 500 GMS / Moka Pot | 500 GMS / Aeropress | 500 GMS / Electric Drip Coffee Machine | 500 GMS / South Indian Filter | 1 Kilo / Whole Bean | 1 Kilo / Pourover | 1 Kilo / French Press | 1…,False,True,True,False,2024Q2,2024Q3,2
0.571,False,False,Grey Soul,core,7705499173061,Single Origin Cold Brew (Med-Dark Roast),Cold Brew Naturals (Med Profile) | Cold Brew Naturals (Med-Dark Profile) | Single Origin Cold Brew (Med-Dark Profile),Med-Dark Profile,250 GMS / Whole Bean | 250 GMS / Cold Brew | 250 GMS / Pourover | 250 GMS / French Press | 250 GMS / Chemex | 250 GMS / Espresso | 250 GMS / Channi | 250 GMS / Moka Pot | 250 GMS / Aeropress | 250 GMS / Electric Drip Coffee Machine | 250 GMS / South Indian Filter | 500 GMS / Whole Bean | 500 GMS / Cold Brew | 500 GMS / Pourover | 500 GMS / French Press | 500 GMS / Chemex | 500 GMS / Espresso | 500 GMS / Channi | 500 GMS / Moka Pot | 500 GMS / Aeropress | 500 GMS / Electric Drip Coffee Machine | 500 GMS / South Indian Filter | 1 Kilo / Whole Bean | 1 Kilo / Cold Brew | 1 Kilo / Pourover | 1 Ki…,False,True,True,False,2024Q2,2025Q4,6
0.286,True,True,Grey Soul,core,7973367644357,Fruit Naturals (Light Roast),Intenso Yeast Inoculated Naturals (Light-Med),Light-Med Profile,150 GMS / Whole Bean | 150 GMS / Pourover | 150 GMS / French Press | 150 GMS / Chemex | 150 GMS / Espresso | 150 GMS / Channi | 150 GMS / Cold Brew | 150 GMS / Moka Pot | 150 GMS / Aeropress | 150 GMS / Electric Drip Coffee Machine | 150 GMS / South Indian Filter | 250 GMS / Whole Bean | 250 GMS / Pourover | 250 GMS / French Press | 250 GMS / Chemex | 250 GMS / Espresso | 250 GMS / Channi | 250 GMS / Cold Brew | 250 GMS / Moka Pot | 250 GMS / Aeropress | 250 GMS / Electric Drip Coffee Machine | 250 GMS / South Indian Filter | 500 GMS / Whole Bean | 500 GMS / Pourover | 500 GMS / French Press…,False,True,True,False,2024Q3,2025Q4,6
,False,False,Grey Soul,core,8031212044485,The Rose Coffee (72 Hour Fermented Naturals) (Light Roast),,Light Profile,200 GMS / Whole Bean | 200 GMS / Pourover | 200 GMS / French Press | 200 GMS / Chemex | 200 GMS / Espresso | 200 GMS / Channi | 200 GMS / Cold Brew | 200 GMS / Moka Pot | 200 GMS / Aeropress | 200 GMS / Electric Drip Coffee Machine | 200 GMS / South Indian Filter | 400 GMS / Whole Bean | 400 GMS / Pourover | 400 GMS / French Press | 400 GMS / Chemex | 400 GMS / Espresso | 400 GMS / Channi | 400 GMS / Cold Brew | 400 GMS / Moka Pot | 400 GMS / Aeropress | 400 GMS / Electric Drip Coffee Machine | 400 GMS / South Indian Filter,False,True,True,False,2024Q3,2025Q1,3
,False,False,Grey Soul,core,8031320834245,The Betel Leaf Coffee (72 Hour Fermented Naturals) (Light-Med Roast),,Light-Med Profile,200 GMS / Whole Bean | 200 GMS / Pourover | 200 GMS / French Press | 200 GMS / Chemex | 200 GMS / Espresso | 200 GMS / Channi | 200 GMS / Cold Brew | 200 GMS / Moka Pot | 200 GMS / Aeropress | 200 GMS / Electric Drip Coffee Machine | 200 GMS / South Indian Filter | 400 GMS / Whole Bean | 400 GMS / Pourover | 400 GMS / French Press | 400 GMS / Chemex | 400 GMS / Espresso | 400 GMS / Channi | 400 GMS / Cold Brew | 400 GMS / Moka Pot | 400 GMS / Aeropress | 400 GMS / Electric Drip Coffee Machine | 400 GMS / South Indian Filter,False,True,True,False,2024Q3,2025Q1,3
0.5,True,True,Grey Soul,core,8111070347461,Odisha Floral Honey (Light Roast),Odisha Red Honey (Light-Med Roast),Light Profile,250 GMS / Whole Bean | 250 GMS / Pourover | 250 GMS / French Press | 250 GMS / Moka Pot | 250 GMS / Aeropress | 250 GMS / Chemex | 250 GMS / Espresso | 250 GMS / Channi | 250 GMS / Cold Brew | 250 GMS / South Indian Filter | 250 GMS / Electric Drip/ Siphon | 500 GMS / Whole Bean | 500 GMS / Pourover | 500 GMS / French Press | 500 GMS / Moka Pot | 500 GMS / Aeropress | 500 GMS / Chemex | 500 GMS / Espresso | 500 GMS / Channi | 500 GMS / Cold Brew | 500 GMS / South Indian Filter | 500 GMS / Electric Drip/ Siphon | 200 GMS / Whole Bean | 200 GMS / Pourover | 200 GMS / French Press | 200 GMS / Mo…,False,True,True,False,2024Q4,2025Q4,4
,False,False,Grey Soul,core,8152190648517,Saccharomyces Anaerobic Naturals (Med Roast),,Medium Profile,150 GMS / Whole Bean | 150 GMS / Pourover | 150 GMS / French Press | 150 GMS / Moka Pot | 150 GMS / Aeropress | 150 GMS / Chemex | 150 GMS / Espresso | 150 GMS / Channi | 150 GMS / Cold Brew | 150 GMS / South Indian Filter | 150 GMS / Electric Drip/ Siphon | 250 GMS / Whole Bean | 250 GMS / Pourover | 250 GMS / French Press | 250 GMS / Moka Pot | 250 GMS / Aeropress | 250 GMS / Chemex | 250 GMS / Espresso | 250 GMS / Channi | 250 GMS / Cold Brew | 250 GMS / South Indian Filter | 250 GMS / Electric Drip/ Siphon | 500 GMS / Whole Bean | 500 GMS / Pourover | 500 GMS / French Press | 500 GMS / Mo…,False,True,True,False,2024Q4,2025Q1,2
,False,False,Grey Soul,core,8152207360197,Chandragiri Aerobic Naturals (Light Roast),,Light Profile,150 GMS / Whole Bean | 150 GMS / Pourover | 150 GMS / French Press | 150 GMS / Moka Pot | 150 GMS / Aeropress | 150 GMS / Chemex | 150 GMS / Espresso | 150 GMS / Channi | 150 GMS / Cold Brew | 150 GMS / South Indian Filter | 150 GMS / Electric Drip/ Siphon | 250 GMS / Whole Bean | 250 GMS / Pourover | 250 GMS / French Press | 250 GMS / Moka Pot | 250 GMS / Aeropress | 250 GMS / Chemex | 250 GMS / Espresso | 250 GMS / Channi | 250 GMS / Cold Brew | 250 GMS / South Indian Filter | 250 GMS / Electric Drip/ Siphon | 500 GMS / Whole Bean | 500 GMS / Pourover | 500 GMS / French Press | 500 GMS / Mo…,False,True,True,False,2024Q4,2025Q1,2
,False,False,Grey Soul,core,8162772779205,Anaerobic Floral Naturals (Light-Med Roast),,Light-Med Profile,200 GMS / Whole Bean | 200 GMS / Pourover | 200 GMS / French Press | 200 GMS / Chemex | 200 GMS / Espresso | 200 GMS / Channi | 200 GMS / Cold Brew | 200 GMS / Moka Pot | 200 GMS / Aeropress | 200 GMS / Electric Drip Coffee Machine | 200 GMS / South Indian Filter | 400 GMS / Whole Bean | 400 GMS / Pourover | 400 GMS / French Press | 400 GMS / Chemex | 400 GMS / Espresso | 400 GMS / Channi | 400 GMS / Cold Brew | 400 GMS / Moka Pot | 400 GMS / Aeropress | 400 GMS / Electric Drip Coffee Machine | 400 GMS / South Indian Filter,False,True,True,False,2025Q1,2025Q1,1
0.75,False,False,Grey Soul,core,8228349837509,Strawberry in Loop,Strawberry in Loop (Medium Profile),Med-Dark Profile,250 GMS / Whole Bean | 250 GMS / Pourover | 250 GMS / French Press | 250 GMS / Chemex | 250 GMS / Espresso | 250 GMS / Channi | 250 GMS / Cold Brew | 250 GMS / Moka Pot | 250 GMS / Aeropress | 250 GMS / Electric Drip Coffee Machine | 250 GMS / South Indian Filter | 500 GMS / Whole Bean | 500 GMS / Pourover | 500 GMS / French Press | 500 GMS / Chemex | 500 GMS / Espresso | 500 GMS / Channi | 500 GMS / Cold Brew | 500 GMS / Moka Pot | 500 GMS / Aeropress | 500 GMS / Electric Drip Coffee Machine | 500 GMS / South Indian Filter | 1 Kilo / Whole Bean | 1 Kilo / Pourover | 1 Kilo / French Press | 1…,True,True,True,False,2025Q1,2026Q3,5
,False,False,Grey Soul,core,8228350197957,Assam Naturals (Med-Dark Roast),,Med-Dark Profile,200 GMS / Whole Bean | 200 GMS / Pourover | 200 GMS / French Press | 200 GMS / Chemex | 200 GMS / Espresso | 200 GMS / Channi | 200 GMS / Cold Brew | 200 GMS / Moka Pot | 200 GMS / Aeropress | 200 GMS / Electric Drip Coffee Machine | 200 GMS / South Indian Filter | 400 GMS / Whole Bean | 400 GMS / Pourover | 400 GMS / French Press | 400 GMS / Chemex | 400 GMS / Espresso | 400 GMS / Channi | 400 GMS / Cold Brew | 400 GMS / Moka Pot | 400 GMS / Aeropress | 400 GMS / Electric Drip Coffee Machine | 400 GMS / South Indian Filter,False,True,True,False,2025Q1,2025Q2,2
,False,False,Grey Soul,core,8322532409541,High Grown Espresso (Med-Dark Profile),,Med-Dark Profile,200 GMS / Whole Bean | 200 GMS / Pourover | 200 GMS / French Press | 200 GMS / Chemex | 200 GMS / Espresso | 200 GMS / Channi | 200 GMS / Cold Brew | 200 GMS / Moka Pot | 200 GMS / Aeropress | 200 GMS / Electric Drip Coffee Machine | 200 GMS / South Indian Filter | 400 GMS / Whole Bean | 400 GMS / Pourover | 400 GMS / French Press | 400 GMS / Chemex | 400 GMS / Espresso | 400 GMS / Channi | 400 GMS / Cold Brew | 400 GMS / Moka Pot | 400 GMS / Aeropress | 400 GMS / Electric Drip Coffee Machine | 400 GMS / South Indian Filter | 1 KILO / Whole Bean | 1 KILO / Pourover | 1 KILO / French Press | 1…,False,True,True,False,2025Q2,2025Q4,3
,False,False,Grey Soul,core,8348879388869,Odisha Fermented Naturals (Light Roast),,Light Profile,200 GMS / Whole Bean | 200 GMS / Pourover | 200 GMS / French Press | 200 GMS / Moka Pot | 200 GMS / Aeropress | 200 GMS / Espresso | 200 GMS / Cold Brew | 400 GMS / Whole Bean | 400 GMS / Pourover | 400 GMS / French Press | 400 GMS / Moka Pot | 400 GMS / Aeropress | 400 GMS / Espresso | 400 GMS / Cold Brew,False,True,True,False,2025Q3,2025Q4,2
,False,False,Grey Soul,core,8402871910597,MOGRA,,Ultra-Light Roast,200 GMS / Whole Bean | 200 GMS / Pourover | 200 GMS / French Press | 200 GMS / Espresso | 200 GMS / Cold Brew | 200 GMS / Moka Pot | 200 GMS / Aeropress,False,True,True,False,2025Q3,2025Q4,2
,False,False,Grey Soul,core,8513283391685,Raspberry in Loop,,Medium Profile,200 GMS / Whole Bean | 200 GMS / Pourover | 200 GMS / French Press | 200 GMS / Espresso | 200 GMS / Cold Brew | 200 GMS / Moka Pot | 200 GMS / Aeropress,False,True,True,False,2025Q4,2025Q4,1
,False,False,Grey Soul,core,8710618808517,Shevaroys Washed (Light-Med Roast),,Light-Med Profile,200 GMS / Whole Bean | 200 GMS / Pourover | 200 GMS / French Press | 200 GMS / Espresso | 200 GMS / Cold Brew | 200 GMS / Moka Pot | 200 GMS / Aeropress,True,False,True,False,2026Q3,2026Q3,1
,False,False,Grey Soul,core,8710620250309,THE YELLOW LOT,,Med-Dark Profile,200 GMS / Whole Bean | 200 GMS / Pourover | 200 GMS / French Press | 200 GMS / Espresso | 200 GMS / Cold Brew | 200 GMS / Moka Pot | 200 GMS / Aeropress,True,False,True,False,2026Q3,2026Q3,1
,False,False,Grey Soul,core,8763056128197,Summer in Kodaikanal (Light Roast),,Light Profile,200 GMS / Whole Bean | 200 GMS / Pourover | 200 GMS / French Press | 200 GMS / Espresso | 200 GMS / Cold Brew | 200 GMS / Moka Pot | 200 GMS / Aeropress,True,False,True,False,2026Q3,2026Q3,1
,False,False,Grey Soul,core,8811608277189,Pink Lemonade (Ultra-Light),,Ultra-Light Roast,200 GMS / Whole Bean | 200 GMS / Pourover | 200 GMS / French Press | 200 GMS / Moka POT | 200 GMS / Espresso | 200 GMS / Aeropress,True,False,True,False,2026Q3,2026Q3,1
,False,False,Grey Soul,core,8818432803013,Cane and Lime (Light-Med Roast),,Light-Med Profile,200 GMS / Whole Bean | 200 GMS / Pourover | 200 GMS / French Press | 200 GMS / Espresso | 200 GMS / Cold Brew | 200 GMS / Moka Pot | 200 GMS / Aeropress,True,False,True,False,2026Q3,2026Q3,1
,False,False,Grey Soul,core,8886665314501,1615 West Giri (Light-Med),,Light-Med Profile,200 GMS / Whole Bean | 200 GMS / Pourover | 200 GMS / French Press | 200 GMS / Espresso | 200 GMS / Cold Brew | 200 GMS / Moka Pot | 200 GMS / Aeropress,True,False,True,False,2026Q3,2026Q3,1
,False,False,Grey Soul,core,8919748509893,SUPERNATURALS (Light Roast),,Light Profile,200 GMS / Whole Bean | 200 GMS / Pourover | 200 GMS / French Press | 200 GMS / Moka POT | 200 GMS / Espresso | 200 GMS / Aeropress,True,False,True,False,2026Q3,2026Q3,1
,False,False,Grey Soul,core,8950596665541,Mizoram Reserve (Med-Dark),,Med-Dark Profile,200 GMS / Whole Bean | 200 GMS / Pourover | 200 GMS / French Press | 200 GMS / Espresso | 200 GMS / Cold Brew | 200 GMS / Moka Pot | 200 GMS / Aeropress,True,False,True,False,2026Q3,2026Q3,1
,False,False,Grey Soul,core,8987186102469,Odisha Naturals (Light Roast),,Light Profile,200 GMS / Whole Bean | 200 GMS / Pourover | 200 GMS / French Press | 200 GMS / Espresso | 200 GMS / Cold Brew | 200 GMS / Moka Pot | 200 GMS / Aeropress,True,False,True,False,2026Q3,2026Q3,1
,False,False,Kapi Kottai,core,7283473580194,Subscribe - 24 Coffees Delivery,,Coffee,250 g / Bhūshāvali | 250 g / Curveball | 250 g / Dark! Dark! Dark! | 250 g / Hamīrkalyāni | 250 g / Kilpauk Standard | 250 g / Mind=Blown | 250 g / Nātakurinji | 250 g / Let There Be Light | 250 g / Bahār | 250 g / Navarōj | 250 g / Khamās | 250 g / Sārangā | 250 g / Ārabhi | 250 g / Kēdāram | 250 g / Tōdi,True,True,False,False,2023Q1,2026Q3,10
,False,False,Kapi Kottai,core,7289392627874,Kāpikottai Samplers,,Coffee,100 g (each) | 75 g (each),True,True,True,True,2023Q1,2026Q3,10
,False,False,Kapi Kottai,core,7310899642530,Bhūshāvali,,Coffee,250 g / Whole Beans | 250 g / Cold Brew | 250 g / Tea Strainer (No Equipment) | 250 g / French Press | 250 g / Aeropress (Inverted) | 250 g / Pourover / Drip | 250 g / Aeropress (Standard) | 250 g / Moka Pot | 250 g / Espresso | 250 g / South Indian Filter | 1 kg / Whole Beans | 1 kg / Cold Brew | 1 kg / Tea Strainer (No Equipment) | 1 kg / French Press | 1 kg / Aeropress (Inverted) | 1 kg / Pourover / Drip | 1 kg / Aeropress (Standard) | 1 kg / Moka Pot | 1 kg / Espresso | 1 kg / South Indian Filter,False,True,True,False,2023Q1,2023Q2,2
,False,False,Kapi Kottai,core,7311138324642,Curveball,,Coffee,250 g / Whole Beans | 250 g / Cold Brew | 250 g / Tea Strainer (No Equipment) | 250 g / French Press | 250 g / Aeropress (Inverted) | 250 g / Pourover / Drip | 250 g / Aeropress (Standard) | 250 g / Moka Pot | 250 g / Espresso | 250 g / South Indian Filter | 1 kg / Whole Beans | 1 kg / Cold Brew | 1 kg / Tea Strainer (No Equipment) | 1 kg / French Press | 1 kg / Aeropress (Inverted) | 1 kg / Pourover / Drip | 1 kg / Aeropress (Standard) | 1 kg / Moka Pot | 1 kg / Espresso | 1 kg / South Indian Filter,False,True,True,False,2023Q1,2024Q3,5
,False,False,Kapi Kottai,core,7311170764962,Dark! Dark! Dark!,,Coffee,250 g / Whole Beans | 250 g / Cold Brew | 250 g / Tea Strainer (No Equipment) | 250 g / French Press | 250 g / Aeropress (Inverted) | 250 g / Pourover / Drip | 250 g / Aeropress (Standard) | 250 g / Moka Pot | 250 g / Espresso | 250 g / South Indian Filter | 1 kg / Whole Beans | 1 kg / Cold Brew | 1 kg / Tea Strainer (No Equipment) | 1 kg / French Press | 1 kg / Aeropress (Inverted) | 1 kg / Pourover / Drip | 1 kg / Aeropress (Standard) | 1 kg / Moka Pot | 1 kg / Espresso | 1 kg / South Indian Filter,False,True,True,False,2023Q1,2024Q3,5
,False,False,Kapi Kottai,core,7311193145506,Hamīrkalyāni,,Coffee,250 g / Whole Beans | 250 g / Cold Brew | 250 g / Tea Strainer (No Equipment) | 250 g / French Press | 250 g / Aeropress (Inverted) | 250 g / Pourover / Drip | 250 g / Aeropress (Standard) | 250 g / Moka Pot | 250 g / Espresso | 250 g / South Indian Filter | 1 kg / Whole Beans | 1 kg / Cold Brew | 1 kg / Tea Strainer (No Equipment) | 1 kg / French Press | 1 kg / Aeropress (Inverted) | 1 kg / Pourover / Drip | 1 kg / Aeropress (Standard) | 1 kg / Moka Pot | 1 kg / Espresso | 1 kg / South Indian Filter,False,True,True,False,2023Q1,2023Q2,2
,False,False,Kapi Kottai,core,7311797026978,Kilpauk Standard,,Coffee,250 g / Whole Beans | 250 g / Tea Strainer (No Equipment) | 250 g / French Press | 250 g / Aeropress (Inverted) | 250 g / Pourover / Drip | 250 g / Aeropress (Standard) | 250 g / Moka Pot | 250 g / Espresso | 250 g / South Indian Filter | 1 kg / Whole Beans | 1 kg / Cold Brew | 1 kg / Tea Strainer (No Equipment) | 1 kg / French Press | 1 kg / Aeropress (Inverted) | 1 kg / Pourover / Drip | 1 kg / Aeropress (Standard) | 1 kg / Moka Pot | 1 kg / Espresso | 1 kg / South Indian Filter | 250 g / Cold Brew,True,True,True,False,2023Q1,2026Q3,10
,False,False,Kapi Kottai,core,7311816720546,Let There Be Light,,Coffee,250 g / Whole Beans | 250 g / Cold Brew | 250 g / Tea Strainer (No Equipment) | 250 g / French Press | 250 g / Aeropress (Inverted) | 250 g / Pourover / Drip | 250 g / Aeropress (Standard) | 250 g / Moka Pot | 250 g / Espresso | 250 g / South Indian Filter | 1 kg / Whole Beans | 1 kg / Cold Brew | 1 kg / Tea Strainer (No Equipment) | 1 kg / French Press | 1 kg / Aeropress (Inverted) | 1 kg / Pourover / Drip | 1 kg / Aeropress (Standard) | 1 kg / Moka Pot | 1 kg / Espresso | 1 kg / South Indian Filter,False,True,True,False,2023Q1,2024Q3,5
,False,False,Kapi Kottai,core,7311834808482,Microlot #1,,Coffee,250 g / Whole Beans | 250 g / Cold Brew | 250 g / Tea Strainer (No Equipment) | 250 g / French Press | 250 g / Aeropress (Inverted) | 250 g / Pourover / Drip | 250 g / Aeropress (Standard) | 250 g / Moka Pot | 250 g / Espresso | 250 g / South Indian Filter | 1 kg / Whole Beans | 1 kg / Cold Brew | 1 kg / Tea Strainer (No Equipment) | 1 kg / French Press | 1 kg / Aeropress (Inverted) | 1 kg / Pourover / Drip | 1 kg / Aeropress (Standard) | 1 kg / Moka Pot | 1 kg / Espresso | 1 kg / South Indian Filter,False,True,True,False,2023Q1,2023Q2,2
,False,False,Kapi Kottai,core,7311867969698,Nātakurinji,,Coffee,250 g / Whole Beans | 250 g / Cold Brew | 250 g / Tea Strainer (No Equipment) | 250 g / French Press | 250 g / Aeropress (Inverted) | 250 g / Pourover / Drip | 250 g / Aeropress (Standard) | 250 g / Moka Pot | 250 g / Espresso | 250 g / South Indian Filter | 1 kg / Whole Beans | 1 kg / Cold Brew | 1 kg / Tea Strainer (No Equipment) | 1 kg / French Press | 1 kg / Aeropress (Inverted) | 1 kg / Pourover / Drip | 1 kg / Aeropress (Standard) | 1 kg / Moka Pot | 1 kg / Espresso | 1 kg / South Indian Filter,False,True,True,False,2023Q1,2023Q2,2
,False,False,Kapi Kottai,core,7312026108066,Subscribe - 3 Coffees Delivery,,Coffee,250 g / Bhūshāvali | 250 g / Curveball | 250 g / Dark! Dark! Dark! | 250 g / Hamīrkālyani | 250 g / Kilpauk Standard | 250 g / Let There Be Light | 250 g / Nātakurinji | 250 g / Bahār | 250 g / Mind=Blown | 250 g / Navarōj | 250 g / Khamās | 250 g / Sārangā | 250 g / Ārabhi | 250 g / Kēdāram | 250 g / Tōdi,True,True,False,False,2023Q1,2026Q3,10
,False,False,Kapi Kottai,core,7312046031010,Subscribe - 6 Coffees Delivery,,Coffee,250 g / Bhūshāvali | 250 g / Curveball | 250 g / Dark! Dark! Dark! | 250 g / Hamīrkālyani | 250 g / Kilpauk Standard | 250 g / Let There Be Light | 250 g / Mind=Blown | 250 g / Nātakurinji | 250 g / Bahār | 250 g / Navarōj | 250 g / Khamās | 250 g / Sārangā | 250 g / Ārabhi | 250 g / Kēdāram | 250 g / Tōdi,True,True,False,False,2023Q1,2026Q3,10
,False,False,Kapi Kottai,core,7312360308898,Subscribe - 12 Coffees Delivery,,Coffee,250 g / Bhūshāvali | 250 g / Curveball | 250 g / Dark! Dark! Dark! | 250 g / Hamīrkālyani | 250 g / Kilpauk Standard | 250 g / Let There Be Light | 250 g / Mind=Blown | 250 g / Nātakurinji | 250 g / Bahār | 250 g / Navarōj | 250 g / Khamās | 250 g / Sārangā | 250 g / Ārabhi | 250 g / Kēdāram | 250 g / Tōdi,True,True,False,False,2023Q1,2026Q3,10
,False,False,Kapi Kottai,core,7514222428322,Bahār,,Coffee,250 g / Whole Beans | 250 g / Cold Brew | 250 g / Tea Strainer (No Equipment) | 250 g / French Press | 250 g / Aeropress (Inverted) | 250 g / Pourover / Drip | 250 g / Aeropress (Standard) | 250 g / Moka Pot | 250 g / Espresso | 250 g / South Indian Filter | 1 kg / Whole Beans | 1 kg / Cold Brew | 1 kg / Tea Strainer (No Equipment) | 1 kg / French Press | 1 kg / Aeropress (Inverted) | 1 kg / Pourover / Drip | 1 kg / Aeropress (Standard) | 1 kg / Moka Pot | 1 kg / Espresso | 1 kg / South Indian Filter,False,True,True,False,2023Q1,2025Q3,4
,False,False,Kapi Kottai,core,7550859182242,Mind = Blown,,Coffee,250 g / Whole Beans | 250 g / Cold Brew | 250 g / Tea Strainer (No Equipment) | 250 g / French Press | 250 g / Aeropress (Inverted) | 250 g / Pourover / Drip | 250 g / Aeropress (Standard) | 250 g / Moka Pot | 250 g / Espresso | 250 g / South Indian Filter | 1 kg / Whole Beans | 1 kg / Cold Brew | 1 kg / Tea Strainer (No Equipment) | 1 kg / French Press | 1 kg / Aeropress (Inverted) | 1 kg / Pourover / Drip | 1 kg / Aeropress (Standard) | 1 kg / Moka Pot | 1 kg / Espresso | 1 kg / South Indian Filter,True,True,True,False,2023Q1,2026Q3,8
,False,False,Kapi Kottai,core,7563613962402,Navarōj,,Coffee,250 g / Whole Beans | 250 g / Cold Brew | 250 g / Tea Strainer (No Equipment) | 250 g / French Press | 250 g / Aeropress (Inverted) | 250 g / Pourover / Drip | 250 g / Aeropress (Standard) | 250 g / Moka Pot | 250 g / Espresso | 250 g / South Indian Filter | 1 kg / Whole Beans | 1 kg / Cold Brew | 1 kg / Tea Strainer (No Equipment) | 1 kg / French Press | 1 kg / Aeropress (Inverted) | 1 kg / Pourover / Drip | 1 kg / Aeropress (Standard) | 1 kg / Moka Pot | 1 kg / Espresso | 1 kg / South Indian Filter,False,True,True,False,2023Q1,2023Q2,2
,False,False,Kapi Kottai,core,7563621990562,Mōhanakalyāni,,Coffee,250 g / Whole Beans | 250 g / Cold Brew | 250 g / Tea Strainer (No Equipment) | 250 g / French Press | 250 g / Aeropress (Inverted) | 250 g / Pourover / Drip | 250 g / Aeropress (Standard) | 250 g / Moka Pot | 250 g / Espresso | 250 g / South Indian Filter | 1 kg / Whole Beans | 1 kg / Cold Brew | 1 kg / Tea Strainer (No Equipment) | 1 kg / French Press | 1 kg / Aeropress (Inverted) | 1 kg / Pourover / Drip | 1 kg / Aeropress (Standard) | 1 kg / Moka Pot | 1 kg / Espresso | 1 kg / South Indian Filter,True,True,True,False,2024Q1,2026Q3,7
,False,False,Kapi Kottai,core,7661618626722,Khamās,,Coffee,250 g / Whole Beans | 250 g / Cold Brew | 250 g / Tea Strainer (No Equipment) | 250 g / French Press | 250 g / Aeropress (Inverted) | 250 g / Pourover / Drip | 250 g / Aeropress (Standard) | 250 g / Moka Pot | 250 g / Espresso | 250 g / South Indian Filter | 1 kg / Whole Beans | 1 kg / Cold Brew | 1 kg / Tea Strainer (No Equipment) | 1 kg / French Press | 1 kg / Aeropress (Inverted) | 1 kg / Pourover / Drip | 1 kg / Aeropress (Standard) | 1 kg / Moka Pot | 1 kg / Espresso | 1 kg / South Indian Filter,False,True,True,False,2023Q1,2024Q3,5
,False,False,Kapi Kottai,core,7746982772898,Sārangā,,,250 g / Whole Beans | 250 g / Cold Brew | 250 g / Tea Strainer (No Equipment) | 250 g / French Press | 250 g / Aeropress (Inverted) | 250 g / Pourover / Drip | 250 g / Aeropress (Standard) | 250 g / Moka Pot | 250 g / Espresso | 250 g / South Indian Filter | 1 kg / Whole Beans | 1 kg / Cold Brew | 1 kg / Tea Strainer (No Equipment) | 1 kg / French Press | 1 kg / Aeropress (Inverted) | 1 kg / Pourover / Drip | 1 kg / Aeropress (Standard) | 1 kg / Moka Pot | 1 kg / Espresso | 1 kg / South Indian Filter,False,True,True,False,2023Q1,2023Q2,2
,False,False,Kapi Kottai,core,7850390290594,Tōdi,,,250 g / Whole Beans | 250 g / Cold Brew | 250 g / Tea Strainer (No Equipment) | 250 g / French Press | 250 g / Aeropress (Inverted) | 250 g / Pourover / Drip | 250 g / Aeropress (Standard) | 250 g / Moka Pot | 250 g / Espresso | 250 g / South Indian Filter | 1 kg / Whole Beans | 1 kg / Cold Brew | 1 kg / Tea Strainer (No Equipment) | 1 kg / French Press | 1 kg / Aeropress (Inverted) | 1 kg / Pourover / Drip | 1 kg / Aeropress (Standard) | 1 kg / Moka Pot | 1 kg / Espresso | 1 kg / South Indian Filter,True,True,True,False,2023Q2,2026Q3,9
,False,False,Kapi Kottai,core,7850391470242,Anuswaram # 1,,,250 g / Whole Beans | 250 g / Cold Brew | 250 g / Tea Strainer (No Equipment) | 250 g / French Press | 250 g / Aeropress (Inverted) | 250 g / Pourover / Drip | 250 g / Aeropress (Standard) | 250 g / Moka Pot | 250 g / Espresso | 250 g / South Indian Filter | 1 kg / Whole Beans | 1 kg / Cold Brew | 1 kg / Tea Strainer (No Equipment) | 1 kg / French Press | 1 kg / Aeropress (Inverted) | 1 kg / Pourover / Drip | 1 kg / Aeropress (Standard) | 1 kg / Moka Pot | 1 kg / Espresso | 1 kg / South Indian Filter,False,True,True,False,2023Q2,2023Q2,1
,False,False,Kapi Kottai,core,8014013464738,Ārabhi,,Coffee,250 g / Whole Beans | 250 g / Cold Brew | 250 g / Tea Strainer (No Equipment) | 250 g / French Press | 250 g / Aeropress (Inverted) | 250 g / Pourover / Drip | 250 g / Aeropress (Standard) | 250 g / Moka Pot | 250 g / Espresso | 250 g / South Indian Filter | 1 kg / Whole Beans | 1 kg / Cold Brew | 1 kg / Tea Strainer (No Equipment) | 1 kg / French Press | 1 kg / Aeropress (Inverted) | 1 kg / Pourover / Drip | 1 kg / Aeropress (Standard) | 1 kg / Moka Pot | 1 kg / Espresso | 1 kg / South Indian Filter,True,True,True,False,2024Q1,2026Q3,7
,False,False,Kapi Kottai,core,8014097219746,Kēdāram,,Coffee,250 g / Whole Beans | 250 g / Cold Brew | 250 g / Tea Strainer (No Equipment) | 250 g / French Press | 250 g / Aeropress (Inverted) | 250 g / Pourover / Drip | 250 g / Aeropress (Standard) | 250 g / Moka Pot | 250 g / Espresso | 250 g / South Indian Filter | 1 kg / Whole Beans | 1 kg / Cold Brew | 1 kg / Tea Strainer (No Equipment) | 1 kg / French Press | 1 kg / Aeropress (Inverted) | 1 kg / Pourover / Drip | 1 kg / Aeropress (Standard) | 1 kg / Moka Pot | 1 kg / Espresso | 1 kg / South Indian Filter,False,True,True,False,2024Q1,2025Q2,4
,False,False,Kapi Kottai,core,8035667935394,Anuswaram #2,,,250 g / Whole Beans | 250 g / Cold Brew | 250 g / Tea Strainer (No Equipment) | 250 g / French Press | 250 g / Aeropress (Inverted) | 250 g / Pourover / Drip | 250 g / Aeropress (Standard) | 250 g / Moka Pot | 250 g / Espresso | 250 g / South Indian Filter | 1 kg / Whole Beans | 1 kg / Cold Brew | 1 kg / Tea Strainer (No Equipment) | 1 kg / French Press | 1 kg / Aeropress (Inverted) | 1 kg / Pourover / Drip | 1 kg / Aeropress (Standard) | 1 kg / Moka Pot | 1 kg / Espresso | 1 kg / South Indian Filter,False,True,True,False,2024Q1,2024Q3,2
,False,False,Kapi Kottai,core,8130731376802,Kāmbhōji,,Coffee,250 g / Whole Beans | 250 g / Cold Brew | 250 g / Tea Strainer (No Equipment) | 250 g / French Press | 250 g / Aeropress (Inverted) | 250 g / Pourover / Drip | 250 g / Aeropress (Standard) | 250 g / Moka Pot | 250 g / Espresso | 250 g / South Indian Filter | 1 kg / Whole Beans | 1 kg / Cold Brew | 1 kg / Tea Strainer (No Equipment) | 1 kg / French Press | 1 kg / Aeropress (Inverted) | 1 kg / Pourover / Drip | 1 kg / Aeropress (Standard) | 1 kg / Moka Pot | 1 kg / Espresso | 1 kg / South Indian Filter,False,True,True,False,2024Q1,2025Q2,4
,False,False,Kapi Kottai,core,8132151607458,Abhyāsa,,Coffee,250 g / Whole Beans,False,True,True,False,2024Q1,2024Q3,2
,False,False,Kapi Kottai,core,8150518136994,Anuswaram #3,,Coffee,Whole Beans | Cold Brew | Tea Strainer (No Equipment) | French Press | Aeropress (Inverted) | Pourover / Drip | Aeropress (Standard) | Moka Pot | Espresso | South Indian Filter,False,True,True,False,2024Q1,2024Q3,2
,False,False,Kapi Kottai,core,8190021992610,Bihāg,,,250 g / Whole Beans | 250 g / Cold Brew | 250 g / Tea Strainer (No Equipment) | 250 g / French Press | 250 g / Aeropress (Inverted) | 250 g / Pourover / Drip | 250 g / Aeropress (Standard) | 250 g / Moka Pot | 250 g / Espresso | 250 g / South Indian Filter | 1 kg / Whole Beans | 1 kg / Cold Brew | 1 kg / Tea Strainer (No Equipment) | 1 kg / French Press | 1 kg / Aeropress (Inverted) | 1 kg / Pourover / Drip | 1 kg / Aeropress (Standard) | 1 kg / Moka Pot | 1 kg / Espresso | 1 kg / South Indian Filter,False,True,True,False,2024Q1,2024Q3,2
,False,False,Kapi Kottai,core,8419573432482,Sahānā,,Coffee,250 g / Whole Beans | 250 g / Cold Brew | 250 g / Tea Strainer (No Equipment) | 250 g / French Press | 250 g / Aeropress (Inverted) | 250 g / Pourover / Drip | 250 g / Aeropress (Standard) | 250 g / Moka Pot | 250 g / Espresso | 250 g / South Indian Filter | 1 kg / Whole Beans | 1 kg / Cold Brew | 1 kg / Tea Strainer (No Equipment) | 1 kg / French Press | 1 kg / Aeropress (Inverted) | 1 kg / Pourover / Drip | 1 kg / Aeropress (Standard) | 1 kg / Moka Pot | 1 kg / Espresso | 1 kg / South Indian Filter,False,True,True,False,2024Q3,2025Q3,5
,False,False,Kapi Kottai,core,8490971824290,Kurinji,,Coffee,250 g / Whole Beans | 250 g / Cold Brew | 250 g / Tea Strainer (No Equipment) | 250 g / French Press | 250 g / Aeropress (Inverted) | 250 g / Pourover / Drip | 250 g / Aeropress (Standard) | 250 g / Moka Pot | 250 g / Espresso | 250 g / South Indian Filter | 1 kg / Whole Beans | 1 kg / Cold Brew | 1 kg / Tea Strainer (No Equipment) | 1 kg / French Press | 1 kg / Aeropress (Inverted) | 1 kg / Pourover / Drip | 1 kg / Aeropress (Standard) | 1 kg / Moka Pot | 1 kg / Espresso | 1 kg / South Indian Filter,False,True,True,False,2024Q4,2024Q4,1
,False,False,Kapi Kottai,core,8538648281250,Dēvagāndhāri,,Coffee,250 g / Whole Beans | 250 g / Cold Brew | 250 g / Tea Strainer (No Equipment) | 250 g / French Press | 250 g / Aeropress (Inverted) | 250 g / Pourover / Drip | 250 g / Aeropress (Standard) | 250 g / Moka Pot | 250 g / Espresso | 250 g / South Indian Filter | 1 kg / Whole Beans | 1 kg / Cold Brew | 1 kg / Tea Strainer (No Equipment) | 1 kg / French Press | 1 kg / Aeropress (Inverted) | 1 kg / Pourover / Drip | 1 kg / Aeropress (Standard) | 1 kg / Moka Pot | 1 kg / Espresso | 1 kg / South Indian Filter,False,True,True,False,2024Q4,2024Q4,1
,False,False,Kapi Kottai,core,8610327462050,Anuswaram #5,,Coffee,250 g / Whole Beans | 250 g / Cold Brew | 250 g / Tea Strainer (No Equipment) | 250 g / French Press | 250 g / Aeropress (Inverted) | 250 g / Pourover / Drip | 250 g / Aeropress (Standard) | 250 g / Moka Pot | 250 g / Espresso | 250 g / South Indian Filter | 1 kg / Whole Beans | 1 kg / Cold Brew | 1 kg / Tea Strainer (No Equipment) | 1 kg / French Press | 1 kg / Aeropress (Inverted) | 1 kg / Pourover / Drip | 1 kg / Aeropress (Standard) | 1 kg / Moka Pot | 1 kg / Espresso | 1 kg / South Indian Filter,False,True,True,False,2025Q2,2025Q2,1
,False,False,Kapi Kottai,core,8610331754658,Natābharanam,,Coffee,250 g / Whole Beans | 250 g / Cold Brew | 250 g / Tea Strainer (No Equipment) | 250 g / French Press | 250 g / Aeropress (Inverted) | 250 g / Pourover / Drip | 250 g / Aeropress (Standard) | 250 g / Moka Pot | 250 g / Espresso | 250 g / South Indian Filter | 1 kg / Whole Beans | 1 kg / Cold Brew | 1 kg / Tea Strainer (No Equipment) | 1 kg / French Press | 1 kg / Aeropress (Inverted) | 1 kg / Pourover / Drip | 1 kg / Aeropress (Standard) | 1 kg / Moka Pot | 1 kg / Espresso | 1 kg / South Indian Filter,False,True,True,False,2025Q2,2025Q2,1
,False,False,Kapi Kottai,core,8875835523234,Nalinakānti,,Coffee,200 g / Whole Beans | 200 g / Cold Brew | 200 g / Tea Strainer (No Equipment) | 200 g / French Press | 200 g / Aeropress (Inverted) | 200 g / Pourover / Drip | 200 g / Aeropress (Standard) | 200 g / Moka Pot | 200 g / Espresso | 200 g / South Indian Filter | 1 kg / Whole Beans | 1 kg / Cold Brew | 1 kg / Tea Strainer (No Equipment) | 1 kg / French Press | 1 kg / Aeropress (Inverted) | 1 kg / Pourover / Drip | 1 kg / Aeropress (Standard) | 1 kg / Moka Pot | 1 kg / Espresso | 1 kg / South Indian Filter,True,False,True,False,2026Q3,2026Q3,1
,False,False,Kapi Kottai,core,8939751833762,Pūrnashadjam,,Coffee,250 g / Whole Beans | 250 g / Cold Brew | 250 g / Tea Strainer (No Equipment) | 250 g / French Press | 250 g / Aeropress (Inverted) | 250 g / Pourover / Drip | 250 g / Aeropress (Standard) | 250 g / Moka Pot | 250 g / Espresso | 250 g / South Indian Filter | 1 kg / Whole Beans | 1 kg / Cold Brew | 1 kg / Tea Strainer (No Equipment) | 1 kg / French Press | 1 kg / Aeropress (Inverted) | 1 kg / Pourover / Drip | 1 kg / Aeropress (Standard) | 1 kg / Moka Pot | 1 kg / Espresso | 1 kg / South Indian Filter,True,False,True,False,2026Q3,2026Q3,1
,False,False,Kapi Kottai,core,9225829548194,Hamsanādam,,Coffee,250 g / Whole Beans | 250 g / Cold Brew | 250 g / Tea Strainer (No Equipment) | 250 g / French Press | 250 g / Aeropress (Inverted) | 250 g / Pourover / Drip | 250 g / Aeropress (Standard) | 250 g / Moka Pot | 250 g / Espresso | 250 g / South Indian Filter | 1 kg / Whole Beans | 1 kg / Cold Brew | 1 kg / Tea Strainer (No Equipment) | 1 kg / French Press | 1 kg / Aeropress (Inverted) | 1 kg / Pourover / Drip | 1 kg / Aeropress (Standard) | 1 kg / Moka Pot | 1 kg / Espresso | 1 kg / South Indian Filter,True,False,True,False,2026Q3,2026Q3,1
,False,False,Subko,secondary,4749543342139,Woodway Estate (Washed Process),,,Whole Bean | French Press | Manual Pourover (V60/ Kalita Wave) | Moka Pot | Aeropress | Home Espresso Machine | Clever Dripper | South Indian Filter | Cold Brew | Electric Drip Coffee Maker | Chemex | Channi,False,True,,False,2023Q1,2023Q2,2
,False,False,Subko,secondary,7267248930970,"Kerehaklu Washed Experience - Medium, Medium Light [Set of 2 x 100g each]",,,Whole Bean | Pourover (V60/Kalita) | Aeropress | French Press | Channi | South Indian Filter | Mokapot | Chemex | Cold Brew | Clever Dripper | Espresso Machine | Electric Drip Machine | Whole Bean [BEANS + LONGEVITY JAR] | Pourover (V60/Kalita) [BEANS + LONGEVITY JAR] | Aeropress [BEANS + LONGEVITY JAR] | Channi [BEANS + LONGEVITY JAR] | French Press [BEANS + LONGEVITY JAR] | South Indian Filter [BEANS + LONGEVITY JAR] | Moka Pot [BEANS + LONGEVITY JAR] | Chemex [BEANS + LONGEVITY JAR] | Cold Brew [BEANS + LONGEVITY JAR] | Clever Dripper [BEANS + LONGEVITY JAR] | Espresso Machine [BEANS + LON…,False,True,True,False,2023Q1,2023Q1,1
,False,False,Subko,secondary,7469719584922,"Specialty Cascara: 'Loose Leaf Tea' - Single Origin, Ampthill Downs, Tamil Nadu",,,,False,True,False,False,2023Q1,2023Q1,1
,False,False,Subko,secondary,7515333066906,Kerehaklu Estate: Lot UDA - Monitor Washed (Medium Roast),,,Whole Bean | Pourover (V60/Kalita) | Aeropress | French Press | Channi | South Indian Filter | Mokapot | Chemex | Cold Brew | Clever Dripper | Espresso Machine | Electric Drip Machine | Whole Bean [BEANS + LONGEVITY JAR] | Pourover (V60/Kalita) [BEANS + LONGEVITY JAR] | Aeropress [BEANS + LONGEVITY JAR] | Channi [BEANS + LONGEVITY JAR] | French Press [BEANS + LONGEVITY JAR] | South Indian Filter [BEANS + LONGEVITY JAR] | Moka Pot [BEANS + LONGEVITY JAR] | Chemex [BEANS + LONGEVITY JAR] | Cold Brew [BEANS + LONGEVITY JAR] | Clever Dripper [BEANS + LONGEVITY JAR] | Espresso Machine [BEANS + LON…,False,True,,False,2023Q1,2023Q1,1
,False,False,Subko,secondary,7515336310938,Kerehaklu Estate: Lot UDA - Monitor Washed (Medium-Light Roast),,,Whole Bean | Pourover (V60/Kalita) | Aeropress | French Press | Channi | South Indian Filter | Mokapot | Chemex | Cold Brew | Clever Dripper | Espresso Machine | Electric Drip Machine | Whole Bean [BEANS + LONGEVITY JAR] | Pourover (V60/Kalita) [BEANS + LONGEVITY JAR] | Aeropress [BEANS + LONGEVITY JAR] | Channi [BEANS + LONGEVITY JAR] | French Press [BEANS + LONGEVITY JAR] | South Indian Filter [BEANS + LONGEVITY JAR] | Moka Pot [BEANS + LONGEVITY JAR] | Chemex [BEANS + LONGEVITY JAR] | Cold Brew [BEANS + LONGEVITY JAR] | Clever Dripper [BEANS + LONGEVITY JAR] | Espresso Machine [BEANS + LON…,False,True,,False,2023Q1,2023Q1,1
,False,False,Subko,secondary,7588218437786,Specialty Excelsa: Mooleh Manay Estate - Lot Sante - (Medium Roast),,,Whole Bean | Pourover (V60/Kalita) | Aeropress | French Press | Channi | South Indian Filter | Mokapot | Chemex | Cold Brew | Clever Dripper | Espresso Machine | Electric Drip Machine | Whole Bean [BEANS + LONGEVITY JAR] | Pourover (V60/Kalita) [BEANS + LONGEVITY JAR] | Aeropress [BEANS + LONGEVITY JAR] | Channi [BEANS + LONGEVITY JAR] | French Press [BEANS + LONGEVITY JAR] | South Indian Filter [BEANS + LONGEVITY JAR] | Moka Pot [BEANS + LONGEVITY JAR] | Chemex [BEANS + LONGEVITY JAR] | Cold Brew [BEANS + LONGEVITY JAR] | Clever Dripper [BEANS + LONGEVITY JAR] | Espresso Machine [BEANS + LON…,False,True,,False,2024Q1,2024Q1,1
,False,False,Subko,secondary,7629440581786,Project Sankalp: (86+) - Lot #61 (Medium Roast),,,Whole Bean (200g) | Manual Pourover (V60/Kalita) (200g) | Espresso Machine (200g) | Evergreen Capsule (200g) | Chemex (200g) | Moka Pot (200g) | South Indian Filter (200g) | Aeropress (200g) | French Press / Cold Brew / Channi (200g) | Electric Drip Coffee Machine (200g) | Clever Dripper (200g),False,True,True,False,2023Q1,2023Q1,1
,False,False,Subko,secondary,7629501923482,Ampthill Downs: Lot #08 (Medium Roast),,,Whole Bean | Pourover (V60/Kalita) | Aeropress | French Press | Channi | South Indian Filter | Mokapot | Chemex | Cold Brew | Clever Dripper | Espresso Machine | Electric Drip Machine | Whole Bean [BEANS + LONGEVITY JAR] | Pourover (V60/Kalita) [BEANS + LONGEVITY JAR] | Aeropress [BEANS + LONGEVITY JAR] | Channi [BEANS + LONGEVITY JAR] | French Press [BEANS + LONGEVITY JAR] | South Indian Filter [BEANS + LONGEVITY JAR] | Moka Pot [BEANS + LONGEVITY JAR] | Chemex [BEANS + LONGEVITY JAR] | Cold Brew [BEANS + LONGEVITY JAR] | Clever Dripper [BEANS + LONGEVITY JAR] | Espresso Machine [BEANS + LON…,False,True,,False,2023Q1,2023Q1,1
,False,False,Subko,secondary,7629523386522,Ampthill Downs: Lot #24 (Medium-Dark Roast),,,Whole Bean | Pourover (V60/Kalita) | Aeropress | French Press | Channi | South Indian Filter | Mokapot | Chemex | Cold Brew | Clever Dripper | Espresso Machine | Electric Drip Machine | Whole Bean [BEANS + LONGEVITY JAR] | Pourover (V60/Kalita) [BEANS + LONGEVITY JAR] | Aeropress [BEANS + LONGEVITY JAR] | Channi [BEANS + LONGEVITY JAR] | French Press [BEANS + LONGEVITY JAR] | South Indian Filter [BEANS + LONGEVITY JAR] | Moka Pot [BEANS + LONGEVITY JAR] | Chemex [BEANS + LONGEVITY JAR] | Cold Brew [BEANS + LONGEVITY JAR] | Clever Dripper [BEANS + LONGEVITY JAR] | Espresso Machine [BEANS + LON…,False,True,True,False,2023Q1,2023Q1,1
,False,False,Subko,secondary,7636659568794,Subko Portable Pourover [Project Sankalp (SCA 86+): Lot #61 (Medium Roast)],,,,False,False,,False,2023Q1,2023Q1,1
,False,False,Subko,secondary,7703269245082,"Project Seven Sisters: Dima Hasao, Assam - Lot #DH-2 (Medium-Dark Roast)",,,Whole Bean | Manual Pourover (V60/Kalita) | Espresso Machine | Channi | Cold Brew | Chemex | Moka Pot | South Indian Filter | Aeropress | French Press | Electric Drip Coffee Machine | Clever Dripper | Clever Dripper [BEANS + LONGEVITY JAR] | French Press [BEANS + LONGEVITY JAR] | Electric Drip Coffee Machine [BEANS + LONGEVITY JAR] | Chemex [BEANS + LONGEVITY JAR]] | South Indian Filter [BEANS + LONGEVITY JAR] | Manual Pourover (V60/Kalita) [BEANS + LONGEVITY JAR] | Espresso Machine [BEANS + LONGEVITY JAR] | Channi [BEANS + LONGEVITY JAR] | Cold Brew [BEANS + LONGEVITY JAR] | Moka Pot [BEANS…,False,True,,False,2023Q2,2023Q4,2
,False,False,Subko,secondary,7703287595162,"Project Seven Sisters: Jampui, Tripura - Lot #1000 (Medium Roast)",,,Whole Bean | Manual Pourover (V60/Kalita) | Espresso Machine | Channi | Cold Brew | Chemex | Moka Pot | South Indian Filter | Aeropress | French Press | Electric Drip Coffee Machine | Clever Dripper | Clever Dripper [BEANS + LONGEVITY JAR] | French Press [BEANS + LONGEVITY JAR] | Electric Drip Coffee Machine [BEANS + LONGEVITY JAR] | Chemex [BEANS + LONGEVITY JAR]] | South Indian Filter [BEANS + LONGEVITY JAR] | Manual Pourover (V60/Kalita) [BEANS + LONGEVITY JAR] | Espresso Machine [BEANS + LONGEVITY JAR] | Channi [BEANS + LONGEVITY JAR] | Cold Brew [BEANS + LONGEVITY JAR] | Moka Pot [BEANS…,False,True,,False,2023Q2,2023Q2,1
,False,False,Subko,secondary,7703290118298,"Project Seven Sisters: Mokokchung, Nagaland - Lot #N-02 (Medium Roast)",,,Whole Bean | Manual Pourover (V60/Kalita) | Espresso Machine | Channi | Cold Brew | Chemex | Moka Pot | South Indian Filter | Aeropress | French Press | Electric Drip Coffee Machine | Clever Dripper | Clever Dripper [BEANS + LONGEVITY JAR] | French Press [BEANS + LONGEVITY JAR] | Electric Drip Coffee Machine [BEANS + LONGEVITY JAR] | Chemex [BEANS + LONGEVITY JAR]] | South Indian Filter [BEANS + LONGEVITY JAR] | Manual Pourover (V60/Kalita) [BEANS + LONGEVITY JAR] | Espresso Machine [BEANS + LONGEVITY JAR] | Channi [BEANS + LONGEVITY JAR] | Cold Brew [BEANS + LONGEVITY JAR] | Moka Pot [BEANS…,False,True,,False,2023Q2,2023Q2,1
,False,False,Subko,secondary,7718937723034,Ampthill Downs: Lot #63 (Medium Roast),,,Whole Bean | Pourover (V60/Kalita) | Aeropress | French Press | Channi | South Indian Filter | Mokapot | Chemex | Cold Brew | Clever Dripper | Espresso Machine | Electric Drip Machine | Whole Bean [BEANS + LONGEVITY JAR] | Pourover (V60/Kalita) [BEANS + LONGEVITY JAR] | Aeropress [BEANS + LONGEVITY JAR] | Channi [BEANS + LONGEVITY JAR] | French Press [BEANS + LONGEVITY JAR] | South Indian Filter [BEANS + LONGEVITY JAR] | Moka Pot [BEANS + LONGEVITY JAR] | Chemex [BEANS + LONGEVITY JAR] | Cold Brew [BEANS + LONGEVITY JAR] | Clever Dripper [BEANS + LONGEVITY JAR] | Espresso Machine [BEANS + LON…,False,True,,False,2023Q2,2023Q2,1
,False,False,Subko,secondary,7718998769818,Ampthill Downs: Lot #03 (Medium-Light Roast),,,Whole Bean | Pourover (V60/Kalita) | Aeropress | French Press | Channi | South Indian Filter | Mokapot | Chemex | Cold Brew | Clever Dripper | Espresso Machine | Electric Drip Machine | Whole Bean [BEANS + LONGEVITY JAR] | Pourover (V60/Kalita) [BEANS + LONGEVITY JAR] | Aeropress [BEANS + LONGEVITY JAR] | Channi [BEANS + LONGEVITY JAR] | French Press [BEANS + LONGEVITY JAR] | South Indian Filter [BEANS + LONGEVITY JAR] | Moka Pot [BEANS + LONGEVITY JAR] | Chemex [BEANS + LONGEVITY JAR] | Cold Brew [BEANS + LONGEVITY JAR] | Clever Dripper [BEANS + LONGEVITY JAR] | Espresso Machine [BEANS + LON…,False,True,,False,2023Q2,2023Q2,1
,False,False,Subko,secondary,7768723488922,Project Pearl: Ratnagiri Estate - Lot #SH3 (SCA 86+) (Medium Roast),,,Whole Bean | Manual Pourover (V60/Kalita) | Espresso Machine | Channi | Cold Brew | Chemex | Moka Pot | South Indian Filter | Aeropress | French Press | Electric Drip Coffee Machine | Clever Dripper | Clever Dripper [BEANS + LONGEVITY JAR] | French Press [BEANS + LONGEVITY JAR] | Electric Drip Coffee Machine [BEANS + LONGEVITY JAR] | Chemex [BEANS + LONGEVITY JAR]] | South Indian Filter [BEANS + LONGEVITY JAR] | Manual Pourover (V60/Kalita) [BEANS + LONGEVITY JAR] | Espresso Machine [BEANS + LONGEVITY JAR] | Channi [BEANS + LONGEVITY JAR] | Cold Brew [BEANS + LONGEVITY JAR] | Moka Pot [BEANS…,False,True,True,False,2023Q2,2023Q2,1
,False,False,Subko,secondary,7768750227610,Project Pearl: Ratnagiri Estate - Lot #SN3 (SCA 88+) (Medium Roast),,,Whole Bean | Manual Pourover (V60/Kalita) | Espresso Machine | Channi | Cold Brew | Chemex | Moka Pot | South Indian Filter | Aeropress | French Press | Electric Drip Coffee Machine | Clever Dripper | Clever Dripper [BEANS + LONGEVITY JAR] | French Press [BEANS + LONGEVITY JAR] | Electric Drip Coffee Machine [BEANS + LONGEVITY JAR] | Chemex [BEANS + LONGEVITY JAR]] | South Indian Filter [BEANS + LONGEVITY JAR] | Manual Pourover (V60/Kalita) [BEANS + LONGEVITY JAR] | Espresso Machine [BEANS + LONGEVITY JAR] | Channi [BEANS + LONGEVITY JAR] | Cold Brew [BEANS + LONGEVITY JAR] | Moka Pot [BEANS…,False,True,True,False,2023Q2,2023Q2,1
,False,False,Subko,secondary,7768753406106,Project Pearl: Ratnagiri Estate - Lot #SRN2 (SCA 88+) (Medium Roast),,,Whole Bean | Manual Pourover (V60/Kalita) | Espresso Machine | Channi | Cold Brew | Chemex | Moka Pot | South Indian Filter | Aeropress | French Press | Electric Drip Coffee Machine | Clever Dripper | Clever Dripper [BEANS + LONGEVITY JAR] | French Press [BEANS + LONGEVITY JAR] | Electric Drip Coffee Machine [BEANS + LONGEVITY JAR] | Chemex [BEANS + LONGEVITY JAR]] | South Indian Filter [BEANS + LONGEVITY JAR] | Manual Pourover (V60/Kalita) [BEANS + LONGEVITY JAR] | Espresso Machine [BEANS + LONGEVITY JAR] | Channi [BEANS + LONGEVITY JAR] | Cold Brew [BEANS + LONGEVITY JAR] | Moka Pot [BEANS…,False,True,True,False,2023Q2,2023Q2,1
,False,False,Subko,secondary,7788211830938,"Specialty Cascara: 'Loose Leaf Tea' - Single Origin, Ratnagiri Estate, Karnataka",,,,False,True,False,False,2023Q2,2024Q1,3
,False,False,Subko,secondary,7790210416794,Specialty Liberica: Salawara Estate - Lot #1730 (Medium Roast),,,Whole Bean | Manual Pourover (V60/Kalita) | Espresso Machine | Channi | Cold Brew | Chemex | Moka Pot | South Indian Filter | Aeropress | French Press | Electric Drip Coffee Machine | Clever Dripper | Clever Dripper [BEANS + LONGEVITY JAR] | French Press [BEANS + LONGEVITY JAR] | Electric Drip Coffee Machine [BEANS + LONGEVITY JAR] | Chemex [BEANS + LONGEVITY JAR]] | South Indian Filter [BEANS + LONGEVITY JAR] | Manual Pourover (V60/Kalita) [BEANS + LONGEVITY JAR] | Espresso Machine [BEANS + LONGEVITY JAR] | Channi [BEANS + LONGEVITY JAR] | Cold Brew [BEANS + LONGEVITY JAR] | Moka Pot [BEANS…,False,True,True,False,2023Q2,2023Q2,1
,False,False,Subko,secondary,7790222082202,Specialty Liberica: Salawara Estate - Lot #1731 (Medium Roast),,,Whole Bean | Manual Pourover (V60/Kalita) | Espresso Machine | Channi | Cold Brew | Chemex | Moka Pot | South Indian Filter | Aeropress | French Press | Electric Drip Coffee Machine | Clever Dripper | Clever Dripper [BEANS + LONGEVITY JAR] | French Press [BEANS + LONGEVITY JAR] | Electric Drip Coffee Machine [BEANS + LONGEVITY JAR] | Chemex [BEANS + LONGEVITY JAR]] | South Indian Filter [BEANS + LONGEVITY JAR] | Manual Pourover (V60/Kalita) [BEANS + LONGEVITY JAR] | Espresso Machine [BEANS + LONGEVITY JAR] | Channi [BEANS + LONGEVITY JAR] | Cold Brew [BEANS + LONGEVITY JAR] | Moka Pot [BEANS…,False,True,True,False,2023Q2,2023Q2,1
,False,False,Subko,secondary,7790303674522,Project Seven Sisters: Garo Robusta (Medium-Dark),,,Whole Bean | Manual Pourover (V60/Kalita) | Espresso Machine | Channi | Cold Brew | Chemex | Moka Pot | South Indian Filter | Aeropress | French Press | Electric Drip Coffee Machine | Clever Dripper | Clever Dripper [BEANS + LONGEVITY JAR] | French Press [BEANS + LONGEVITY JAR] | Electric Drip Coffee Machine [BEANS + LONGEVITY JAR] | Chemex [BEANS + LONGEVITY JAR]] | South Indian Filter [BEANS + LONGEVITY JAR] | Manual Pourover (V60/Kalita) [BEANS + LONGEVITY JAR] | Espresso Machine [BEANS + LONGEVITY JAR] | Channi [BEANS + LONGEVITY JAR] | Cold Brew [BEANS + LONGEVITY JAR] | Moka Pot [BEANS…,False,True,True,False,2023Q2,2023Q4,2
,False,False,Subko,secondary,7805478305946,Specialty Arabica: Salawara Estate - Lot #1636 (Medium Roast),,,Whole Bean | Manual Pourover (V60/Kalita) | Espresso Machine | Channi | Cold Brew | Chemex | Moka Pot | South Indian Filter | Aeropress | French Press | Electric Drip Coffee Machine | Clever Dripper | Clever Dripper [BEANS + LONGEVITY JAR] | French Press [BEANS + LONGEVITY JAR] | Electric Drip Coffee Machine [BEANS + LONGEVITY JAR] | Chemex [BEANS + LONGEVITY JAR]] | South Indian Filter [BEANS + LONGEVITY JAR] | Manual Pourover (V60/Kalita) [BEANS + LONGEVITY JAR] | Espresso Machine [BEANS + LONGEVITY JAR] | Channi [BEANS + LONGEVITY JAR] | Cold Brew [BEANS + LONGEVITY JAR] | Moka Pot [BEANS…,False,True,,False,2023Q2,2023Q2,1
,False,False,Subko,secondary,7805490659482,Specialty Arabica: Salawara Estate - Lot #1617 (Medium Roast),,,Whole Bean | Manual Pourover (V60/Kalita) | Espresso Machine | Channi | Cold Brew | Chemex | Moka Pot | South Indian Filter | Aeropress | French Press | Electric Drip Coffee Machine | Clever Dripper | Clever Dripper [BEANS + LONGEVITY JAR] | French Press [BEANS + LONGEVITY JAR] | Electric Drip Coffee Machine [BEANS + LONGEVITY JAR] | Chemex [BEANS + LONGEVITY JAR]] | South Indian Filter [BEANS + LONGEVITY JAR] | Manual Pourover (V60/Kalita) [BEANS + LONGEVITY JAR] | Espresso Machine [BEANS + LONGEVITY JAR] | Channi [BEANS + LONGEVITY JAR] | Cold Brew [BEANS + LONGEVITY JAR] | Moka Pot [BEANS…,False,True,,False,2023Q2,2023Q2,1
,False,False,Subko,secondary,7902418862234,Specialty Excelsa : Mooleh Manay Estate - Lot #Drakshi (Medium Roast),,,Whole Bean | Pourover (V60/Kalita) | Aeropress | French Press | Channi | South Indian Filter | Mokapot | Chemex | Cold Brew | Clever Dripper | Espresso Machine | Electric Drip Machine | Whole Bean [BEANS + LONGEVITY JAR] | Pourover (V60/Kalita) [BEANS + LONGEVITY JAR] | Aeropress [BEANS + LONGEVITY JAR] | Channi [BEANS + LONGEVITY JAR] | French Press [BEANS + LONGEVITY JAR] | South Indian Filter [BEANS + LONGEVITY JAR] | Moka Pot [BEANS + LONGEVITY JAR] | Chemex [BEANS + LONGEVITY JAR] | Cold Brew [BEANS + LONGEVITY JAR] | Clever Dripper [BEANS + LONGEVITY JAR] | Espresso Machine [BEANS + LON…,False,True,True,False,2023Q4,2023Q4,1
,False,False,Subko,secondary,7912380858522,"Lot #SV04 - SUBKO VLGE: Co-operative Agriculture (88+): Paderu Valley, Osmosis Naturals (Medium Roast)",,,Whole Bean (250g) | Pourover (V60/Kalita) (250g) | Espresso Machine (250g) | Channi (250g) | Cold Brew (250g) | Moka Pot (250g) | Aeropress (250g) | Clever Dripper (250g) | French Press (250g) | Electric Drip Coffee Machine (250g) | Chemex (250g) | South Indian Filter (250g) | Pourover (V60/Kalita) [BEANS + LONGEVITY JAR] | Espresso Machine [BEANS + LONGEVITY JAR] | Channi [BEANS + LONGEVITY JAR] | Cold Brew [BEANS + LONGEVITY JAR] | Moka Pot [BEANS + LONGEVITY JAR] | Aeropress [BEANS + LONGEVITY JAR] | Clever Dripper [BEANS + LONGEVITY JAR] | Whole Bean [BEANS + LONGEVITY JAR] | French Press…,False,True,True,False,2024Q1,2024Q1,1
,False,False,Subko,secondary,7915846992026,"Lot #SV02 - SUBKO VLGE: Co-operative Agriculture (86+): Paderu Valley, Juni-grape Naturals (Medium Roast)",,,Whole Bean (250g) | Pourover (V60/Kalita) (250g) | Espresso Machine (250g) | Channi (250g) | Cold Brew (250g) | Moka Pot (250g) | Aeropress (250g) | Clever Dripper (250g) | French Press (250g) | Electric Drip Coffee Machine (250g) | Chemex (250g) | South Indian Filter (250g) | Pourover (V60/Kalita) [BEANS + LONGEVITY JAR] | Espresso Machine [BEANS + LONGEVITY JAR] | Channi [BEANS + LONGEVITY JAR] | Cold Brew [BEANS + LONGEVITY JAR] | Moka Pot [BEANS + LONGEVITY JAR] | Aeropress [BEANS + LONGEVITY JAR] | Clever Dripper [BEANS + LONGEVITY JAR] | Whole Bean [BEANS + LONGEVITY JAR] | French Press…,False,True,True,False,2024Q1,2024Q1,1
,False,False,Subko,secondary,7926711976090,Project Pearl: Ratnagiri Estate - Lot #DG (SCA 86+) (Medium Roast),,,Whole Bean | Manual Pourover (V60/Kalita) | Espresso Machine | Channi | Cold Brew | Chemex | Moka Pot | South Indian Filter | Aeropress | French Press | Electric Drip Coffee Machine | Clever Dripper | Clever Dripper [BEANS + LONGEVITY JAR] | French Press [BEANS + LONGEVITY JAR] | Electric Drip Coffee Machine [BEANS + LONGEVITY JAR] | Chemex [BEANS + LONGEVITY JAR]] | South Indian Filter [BEANS + LONGEVITY JAR] | Manual Pourover (V60/Kalita) [BEANS + LONGEVITY JAR] | Espresso Machine [BEANS + LONGEVITY JAR] | Channi [BEANS + LONGEVITY JAR] | Cold Brew [BEANS + LONGEVITY JAR] | Moka Pot [BEANS…,False,True,True,False,2023Q4,2023Q4,1
,False,False,Subko,secondary,7941501386906,"Project Seven Sisters: Dima Hasao, Assam - Lot #DH-1 (Medium Roast)",,,Whole Bean | Manual Pourover (V60/Kalita) | Espresso Machine | Channi | Cold Brew | Chemex | Moka Pot | South Indian Filter | Aeropress | French Press | Electric Drip Coffee Machine | Clever Dripper | Clever Dripper [BEANS + LONGEVITY JAR] | French Press [BEANS + LONGEVITY JAR] | Electric Drip Coffee Machine [BEANS + LONGEVITY JAR] | Chemex [BEANS + LONGEVITY JAR]] | South Indian Filter [BEANS + LONGEVITY JAR] | Manual Pourover (V60/Kalita) [BEANS + LONGEVITY JAR] | Espresso Machine [BEANS + LONGEVITY JAR] | Channi [BEANS + LONGEVITY JAR] | Cold Brew [BEANS + LONGEVITY JAR] | Moka Pot [BEANS…,False,True,True,False,2023Q4,2023Q4,1
,False,False,Subko,secondary,7947167301786,Project Pearl: Ratnagiri Estate - Lot #SRN1 (SCA 90+) (Medium Roast),,,Whole Bean | Manual Pourover (V60/Kalita) | Espresso Machine | Channi | Cold Brew | Chemex | Moka Pot | South Indian Filter | Aeropress | French Press | Electric Drip Coffee Machine | Clever Dripper | Clever Dripper [BEANS + LONGEVITY JAR] | French Press [BEANS + LONGEVITY JAR] | Electric Drip Coffee Machine [BEANS + LONGEVITY JAR] | Chemex [BEANS + LONGEVITY JAR]] | South Indian Filter [BEANS + LONGEVITY JAR] | Manual Pourover (V60/Kalita) [BEANS + LONGEVITY JAR] | Espresso Machine [BEANS + LONGEVITY JAR] | Channi [BEANS + LONGEVITY JAR] | Cold Brew [BEANS + LONGEVITY JAR] | Moka Pot [BEANS…,False,True,True,False,2023Q4,2024Q1,2
,False,False,Subko,secondary,7967941755034,"Lot #SV07 - SUBKO VLGE: Co-operative Agriculture (86+): Paderu Valley, Dobarra Washed (Medium Roast)",,,Whole Bean (250g) | Pourover (V60/Kalita) (250g) | Espresso Machine (250g) | Channi (250g) | Cold Brew (250g) | Moka Pot (250g) | Aeropress (250g) | Clever Dripper (250g) | French Press (250g) | Electric Drip Coffee Machine (250g) | Chemex (250g) | South Indian Filter (250g) | Pourover (V60/Kalita) [BEANS + LONGEVITY JAR] | Espresso Machine [BEANS + LONGEVITY JAR] | Channi [BEANS + LONGEVITY JAR] | Cold Brew [BEANS + LONGEVITY JAR] | Moka Pot [BEANS + LONGEVITY JAR] | Aeropress [BEANS + LONGEVITY JAR] | Clever Dripper [BEANS + LONGEVITY JAR] | Whole Bean [BEANS + LONGEVITY JAR] | French Press…,False,True,True,False,2023Q4,2023Q4,1
,False,False,Subko,secondary,7968091439258,"Project Seven Sisters: Mokokchung, Nagaland - Lot #N-03 (Medium Roast)",,,Whole Bean | Manual Pourover (V60/Kalita) | Espresso Machine | Channi | Cold Brew | Chemex | Moka Pot | South Indian Filter | Aeropress | French Press | Electric Drip Coffee Machine | Clever Dripper | Clever Dripper [BEANS + LONGEVITY JAR] | French Press [BEANS + LONGEVITY JAR] | Electric Drip Coffee Machine [BEANS + LONGEVITY JAR] | Chemex [BEANS + LONGEVITY JAR]] | South Indian Filter [BEANS + LONGEVITY JAR] | Manual Pourover (V60/Kalita) [BEANS + LONGEVITY JAR] | Espresso Machine [BEANS + LONGEVITY JAR] | Channi [BEANS + LONGEVITY JAR] | Cold Brew [BEANS + LONGEVITY JAR] | Moka Pot [BEANS…,False,True,True,False,2023Q4,2024Q1,2
,False,False,Subko,secondary,7968094519450,Project Sankalp Garo Hills (SCA 88+) - Lot #GO-22 (Medium Roast),,,Whole Bean (200g) | Manual Pourover (V60/Kalita) (200g) | Espresso Machine (200g) | Evergreen Capsule (200g) | Chemex (200g) | Moka Pot (200g) | South Indian Filter (200g) | Aeropress (200g) | French Press / Cold Brew / Channi (200g) | Electric Drip Coffee Machine (200g) | Clever Dripper (200g),False,True,True,False,2023Q4,2023Q4,1
,False,False,Subko,secondary,7999380881562,Kerehaklu Estate: Lot Bili Meen - Washed Process (Medium Roast),,,Whole Bean | Pourover (V60/Kalita) | Aeropress | French Press | Channi | South Indian Filter | Mokapot | Chemex | Cold Brew | Clever Dripper | Espresso Machine | Electric Drip Machine | Whole Bean [BEANS + LONGEVITY JAR] | Pourover (V60/Kalita) [BEANS + LONGEVITY JAR] | Aeropress [BEANS + LONGEVITY JAR] | Channi [BEANS + LONGEVITY JAR] | French Press [BEANS + LONGEVITY JAR] | South Indian Filter [BEANS + LONGEVITY JAR] | Moka Pot [BEANS + LONGEVITY JAR] | Chemex [BEANS + LONGEVITY JAR] | Cold Brew [BEANS + LONGEVITY JAR] | Clever Dripper [BEANS + LONGEVITY JAR] | Espresso Machine [BEANS + LON…,False,True,True,False,2024Q1,2024Q1,1
0.818,False,False,Subko,secondary,8004747362458,"Subko VLGE, Paderu, Andhra Pradesh | Lot #SV09 Gurram Hand Washed | Medium Roast","Subko VLGE, Paderu, Andhra Pradesh - Gurram Hand Washed (Medium Roast)",,Whole Bean | Manual Pourover (V60/Kalita) | Espresso Machine | Channi | Cold Brew | Chemex | Moka Pot | South Indian Filter | Aeropress | French Press | Electric Drip Coffee Machine | Clever Dripper | Clever Dripper [BEANS + LONGEVITY JAR] | French Press [BEANS + LONGEVITY JAR] | Electric Drip Coffee Machine [BEANS + LONGEVITY JAR] | Chemex [BEANS + LONGEVITY JAR]] | South Indian Filter [BEANS + LONGEVITY JAR] | Manual Pourover (V60/Kalita) [BEANS + LONGEVITY JAR] | Espresso Machine [BEANS + LONGEVITY JAR] | Channi [BEANS + LONGEVITY JAR] | Cold Brew [BEANS + LONGEVITY JAR] | Moka Pot [BEANS…,True,True,True,False,2024Q3,2026Q3,4
,False,False,Subko,secondary,8004754735258,"Lot #SV09 - SUBKO VLGE: Co-operative Agriculture (86+): Paderu Valley, Gurram Hand Washed (Medium Roast)",,,Whole Bean (250g) | Pourover (V60/Kalita) (250g) | Espresso Machine (250g) | Channi (250g) | Cold Brew (250g) | Moka Pot (250g) | Aeropress (250g) | Clever Dripper (250g) | French Press (250g) | Electric Drip Coffee Machine (250g) | Chemex (250g) | South Indian Filter (250g) | Pourover (V60/Kalita) [BEANS + LONGEVITY JAR] | Espresso Machine [BEANS + LONGEVITY JAR] | Channi [BEANS + LONGEVITY JAR] | Cold Brew [BEANS + LONGEVITY JAR] | Moka Pot [BEANS + LONGEVITY JAR] | Aeropress [BEANS + LONGEVITY JAR] | Clever Dripper [BEANS + LONGEVITY JAR] | Whole Bean [BEANS + LONGEVITY JAR] | French Press…,False,True,True,False,2024Q1,2024Q1,1
,False,False,Subko,secondary,8011895341210,Specialty Arabica: Salawara Estate - Lot #1532 (Medium Roast),,,Whole Bean | Manual Pourover (V60/Kalita) | Espresso Machine | Channi | Cold Brew | Chemex | Moka Pot | South Indian Filter | Aeropress | French Press | Electric Drip Coffee Machine | Clever Dripper | Clever Dripper [BEANS + LONGEVITY JAR] | French Press [BEANS + LONGEVITY JAR] | Electric Drip Coffee Machine [BEANS + LONGEVITY JAR] | Chemex [BEANS + LONGEVITY JAR]] | South Indian Filter [BEANS + LONGEVITY JAR] | Manual Pourover (V60/Kalita) [BEANS + LONGEVITY JAR] | Espresso Machine [BEANS + LONGEVITY JAR] | Channi [BEANS + LONGEVITY JAR] | Cold Brew [BEANS + LONGEVITY JAR] | Moka Pot [BEANS…,False,True,True,False,2024Q1,2024Q1,1
,False,False,Subko,secondary,8016148005018,The Spirit Series: Cask Barrel Aged - Lot #SV09 (Medium Roast),,,Whole Bean (250g) | Pourover (V60/Kalita) (250g) | Espresso Machine (250g) | Channi (250g) | Cold Brew (250g) | Moka Pot (250g) | Aeropress (250g) | Clever Dripper (250g) | French Press (250g) | Electric Drip Coffee Machine (250g) | Chemex (250g) | South Indian Filter (250g),False,True,True,False,2024Q1,2024Q1,1
,False,False,Subko,secondary,8016151904410,"The Spirit Series: Subko VLGE, Paderu, Andhra Pradesh - Cask Barrel Aged (Medium Roast)",,,Whole Bean | Manual Pourover (V60/Kalita) | Espresso Machine | Channi | Cold Brew | Chemex | Moka Pot | South Indian Filter | Aeropress | French Press | Electric Drip Coffee Machine | Clever Dripper,False,True,,False,2024Q3,2025Q2,3
,False,False,Subko,secondary,8016502325402,Project Pearl: Ratnagiri Estate - Lot #RM2 (SCA 88+) (Medium Roast),,,Whole Bean | Manual Pourover (V60/Kalita) | Espresso Machine | Channi | Cold Brew | Chemex | Moka Pot | South Indian Filter | Aeropress | French Press | Electric Drip Coffee Machine | Clever Dripper,False,True,,False,2024Q1,2024Q1,1
,False,False,Subko,secondary,8017414684826,Kalledevarapura Estate: Lot #22 - Anaerobic Yeast Naturals (Medium Roast),,,Whole Bean | Pourover (V60/Kalita) | Aeropress | French Press | Channi | South Indian Filter | Mokapot | Chemex | Cold Brew | Clever Dripper | Espresso Machine | Electric Drip Machine,False,True,True,False,2024Q1,2024Q1,1
,False,False,Subko,secondary,8017416781978,"Project Seven Sisters: Dima Hasao, Assam, Lot #1/211 - Traditional Naturals (Medium Roast)",,,Whole Bean | Manual Pourover (V60/Kalita) | Espresso Machine | Channi | Cold Brew | Chemex | Moka Pot | South Indian Filter | Aeropress | French Press | Electric Drip Coffee Machine | Clever Dripper,False,True,True,False,2024Q1,2024Q1,1
,False,False,Subko,secondary,8062078419098,"Project Seven Sisters, Zora, Mizoram - Washed Process (Medium Roast)",,,Whole Bean | Manual Pourover (V60/Kalita) | Espresso Machine | Channi | Cold Brew | Chemex | Moka Pot | South Indian Filter | Aeropress | French Press | Electric Drip Coffee Machine | Clever Dripper | Clever Dripper [BEANS + LONGEVITY JAR] | French Press [BEANS + LONGEVITY JAR] | Electric Drip Coffee Machine [BEANS + LONGEVITY JAR] | Chemex [BEANS + LONGEVITY JAR]] | South Indian Filter [BEANS + LONGEVITY JAR] | Manual Pourover (V60/Kalita) [BEANS + LONGEVITY JAR] | Espresso Machine [BEANS + LONGEVITY JAR] | Channi [BEANS + LONGEVITY JAR] | Cold Brew [BEANS + LONGEVITY JAR] | Moka Pot [BEANS…,False,True,,False,2024Q3,2024Q3,1
,False,False,Subko,secondary,8310013296794,"Specialty Liberica, Salawara Estate, Karnataka, India - Anaerobic Fermented Natural (Medium Roast)",,,Whole Bean (250g) | Pourover (V60/Kalita) (250g) | Espresso Machine (250g) | Channi (250g) | Cold Brew (250g) | Moka Pot (250g) | Aeropress (250g) | Clever Dripper (250g) | French Press (250g) | Electric Drip Coffee Machine (250g) | Chemex (250g) | South Indian Filter (250g),False,True,True,False,2024Q3,2024Q3,1
,False,False,Subko,secondary,8351945851034,"Kalledevarapura Estate, Karnataka - Koji Fermented Naturals (Med-Light Roast)",,,Whole Bean (250g) | Pourover (V60/Kalita) (250g) | Espresso Machine (250g) | Channi (250g) | Cold Brew (250g) | Moka Pot (250g) | Aeropress (250g) | Clever Dripper (250g) | French Press (250g) | Electric Drip Coffee Machine (250g) | Chemex (250g) | South Indian Filter (250g),False,True,True,False,2024Q3,2024Q3,1
,False,False,Subko,secondary,8385397293210,"Specialty Excelsa (SCA 86+): Mooleh Manay Estate, Coorg, Karnataka, India: Lot #Kempu - Black Honey (Medium Roast)",,,Whole Bean (250g) | Pourover (V60/Kalita) (250g) | Espresso Machine (250g) | Channi (250g) | Cold Brew (250g) | Moka Pot (250g) | Aeropress (250g) | Clever Dripper (250g) | French Press (250g) | Electric Drip Coffee Machine (250g) | Chemex (250g) | South Indian Filter (250g),False,True,True,False,2025Q1,2025Q2,2
,False,False,Subko,secondary,8393752543386,Pourtable Pourover [ Box of 6] (84g): The Subko VLGE Blend,,,,True,True,False,False,2025Q1,2026Q3,4
,False,False,Subko,secondary,8393753002138,"Pourtable Pourover [ Box of 6 ] (84g): The Project Pearl, Ratnagiri Estate, Karnataka",,,,True,True,False,False,2025Q1,2026Q3,4
,False,False,Subko,secondary,8397848805530,Specialty Robusta: Salawara Estate: Lot #1507 - Yeast Fermented Honey Process (Medium-Dark Roast),,,Whole Bean (250g) | Pourover (V60/Kalita) (250g) | Espresso Machine (250g) | Channi (250g) | Cold Brew (250g) | Moka Pot (250g) | Aeropress (250g) | Clever Dripper (250g) | French Press (250g) | Electric Drip Coffee Machine (250g) | Chemex (250g) | South Indian Filter (250g),False,True,True,False,2025Q1,2025Q1,1
,False,False,Subko,secondary,8408195006618,"Project Sankalp Garo Hills, Meghalaya (SCA 86+): Lot #OC-15A - Anaerobic Slow Dry Naturals (Medium-Light Roast)",,,Whole Bean | Manual Pourover (V60/Kalita) | Espresso Machine | Evergreen Capsule | Chemex | Moka Pot | South Indian Filter | Aeropress | French Press / Cold Brew / Channi | Electric Drip Coffee Machine | Clever Dripper,False,True,,False,2025Q1,2025Q2,2
,False,False,Subko,secondary,8421173756058,"Project Pearl, Ratnagiri Estate, Karnataka - Lot #3/1: Anaerobic Naturals (Medium-Light Roast)",,,Whole Bean (250g) | Pourover (V60/Kalita) (250g) | Espresso Machine (250g) | Channi (250g) | Cold Brew (250g) | Moka Pot (250g) | Aeropress (250g) | Clever Dripper (250g) | French Press (250g) | Electric Drip Coffee Machine (250g) | Chemex (250g) | South Indian Filter (250g),False,True,True,False,2025Q1,2025Q1,1
,False,False,Subko,secondary,8426416603290,"Specialty Excelsa (SCA 86+): Mooleh Manay Estate, Coorg, Karnataka, India: Lot #SICC-01 - 48 HRS Yeast Inoculated Naturals (Medium Roast)",,,Whole Bean (250g) | Pourover (V60/Kalita) (250g) | Espresso Machine (250g) | Channi (250g) | Cold Brew (250g) | Moka Pot (250g) | Aeropress (250g) | Clever Dripper (250g) | French Press (250g) | Electric Drip Coffee Machine (250g) | Chemex (250g) | South Indian Filter (250g),False,True,True,False,2025Q1,2025Q1,1
,False,False,Subko,secondary,8461296631962,"Project Pearl, Ratnagiri Estate, Karnataka (SCA 86+): Alchemy - Naturals (Medium-Light Roast)",,,Whole Bean (250g) | Pourover (V60/Kalita) (250g) | Espresso Machine (250g) | Channi (250g) | Cold Brew (250g) | Moka Pot (250g) | Aeropress (250g) | Clever Dripper (250g) | French Press (250g) | Electric Drip Coffee Machine (250g) | Chemex (250g) | South Indian Filter (250g),False,True,True,False,2025Q2,2025Q2,1
,False,False,Subko,secondary,8495830892698,"Gunibylu Estate : G 25, Karnataka : Anaerobic Yeast Naturals (Medium Dark Roast)",,,Whole Bean (250g) | Pourover (V60/Kalita) (250g) | Espresso Machine (250g) | Channi (250g) | Cold Brew (250g) | Moka Pot (250g) | Aeropress (250g) | Clever Dripper (250g) | French Press (250g) | Electric Drip Coffee Machine (250g) | Chemex (250g) | South Indian Filter (250g),False,True,True,False,2025Q3,2025Q3,1
,False,False,Subko,secondary,8582184960154,"Subko VLGE : Gandha, Andhra Pradesh : Lot TK/003 - Submarine Method (Medium Roast)",,,Whole Bean (250g) | Aeropress (250g) | Pourover V60/Kalita (250g) | Clever Dripper (250g) | Moka Pot (250g) | Espresso Machine (250g) | French Press / Cold Brew / Channi (250g) | South Indian Filter (250g) | Chemex (250g) | Electric Drip Coffee Machine (250g),False,True,True,False,2025Q3,2025Q3,1
,False,False,Subko,secondary,8621159645338,"Project Pearl, Ratnagiri Estate, Karnataka (SCA 86+): Culture Naturals + Anaerobic Naturals: Filter Roast (Light)",,,Whole Bean (250g) | Pourover (V60/Kalita) (250g) | Espresso Machine (250g) | Channi (250g) | Cold Brew (250g) | Moka Pot (250g) | Aeropress (250g) | Clever Dripper (250g) | French Press (250g) | Electric Drip Coffee Machine (250g) | Chemex (250g) | South Indian Filter (250g),True,False,True,False,2026Q3,2026Q3,1
,False,False,Subko,secondary,9031691239578,"Project Pearl, Ratnagiri Estate, Karnataka (SCA 85+): Naturals + Anaerobic Honey: Omni Roast (Medium)",,,Whole Bean (250g) | Pourover (V60/Kalita) (250g) | Espresso Machine (250g) | Channi (250g) | Cold Brew (250g) | Moka Pot (250g) | Aeropress (250g) | Clever Dripper (250g) | French Press (250g) | Electric Drip Coffee Machine (250g) | Chemex (250g) | South Indian Filter (250g),True,False,True,False,2026Q3,2026Q3,1
,False,False,Subko,secondary,9047992434842,"Project Yung Gun : Kerehaklu Estate, Karnataka : Lot CW3 - Aerobic Washed (Light Filter Roast)",,,Whole Bean (250g) | Pourover V60/Kalita (250g) | Espresso Machine (250g) | Channi (250g) | Cold Brew (250g) | Moka Pot (250g) | Aeropress (250g) | Clever Dripper (250g) | French Press (250g) | Electric Drip Coffee Machine (250g) | Chemex (250g) | South Indian Filter (250g),True,False,True,False,2026Q3,2026Q3,1
,False,False,Subko,secondary,9111264166042,"Project Giri : Kalledevarapura Estate, Karnataka: Thermal Shock (Medium Roast)",,,Whole Bean (250g) | Pourover (V60/Kalita) (250g) | Espresso Machine (250g) | Channi (250g) | Cold Brew (250g) | Moka Pot (250g) | Aeropress (250g) | Clever Dripper (250g) | French Press (250g) | Electric Drip Coffee Machine (250g) | Chemex (250g) | South Indian Filter (250g),True,False,True,False,2026Q3,2026Q3,1
,False,False,Subko,secondary,9134810267802,"Subcontinental Khandaan : Nepal Flood Relief : Project Everest : Lekali Estate, Taplejung Changray Nepal- Anaerobic Naturals (Medium Roast)",,,Whole Bean (250g) | Pourover (V60/Kalita) (250g) | Espresso Machine (250g) | Channi (250g) | Cold Brew (250g) | Moka Pot (250g) | Aeropress (250g) | Clever Dripper (250g) | French Press (250g) | Electric Drip Coffee Machine (250g) | Chemex (250g) | South Indian Filter (250g),True,False,True,False,2026Q3,2026Q3,1
,False,False,Subko,secondary,9148787785882,"Project Salawara Bros.: Lot 556, Salawara Estate, Karnataka: Carbonic Maceration HSD, Omniroast (Medium)",,,Whole Bean (250g) | Pourover V60/Kalita (250g) | Espresso Machine (250g) | Channi (250g) | Cold Brew (250g) | Moka Pot (250g) | Aeropress (250g) | Clever Dripper (250g) | French Press (250g) | Electric Drip Coffee Machine (250g) | Chemex (250g) | South Indian Filter (250g),True,False,True,False,2026Q3,2026Q3,1
,False,False,Subko,secondary,9148811673754,"Project Sankalp Garo Hills, Meghalaya (SCA 87): Lot #GS-Traditional Naturals (Medium Roast)",,,Whole Bean (250g) | Pourover (250g) | Espresso Machine (250g) | Channi (250g) | Cold Brew (250g) | Moka Pot (250g) | Aeropress (250g) | Clever Dripper (250g) | French Press (250g) | Electric Drip Coffee Machine (250g) | Chemex (250g) | South Indian Filter (250g),True,False,True,False,2026Q3,2026Q3,1
,False,False,Third Wave Coffee,core,6795616092230,Vienna Roast,,,Whole Beans / 1kg | Whole Beans / 500g | Whole Beans / 250g | Coarse Grind / 1kg | Coarse Grind / 500g | Coarse Grind / 250g | Medium Grind / 1kg | Medium Grind / 500g | Medium Grind / 250g | Fine Grind / 1kg | Fine Grind / 500g | Fine Grind / 250g,True,True,True,False,2023Q1,2026Q3,13
,False,False,Third Wave Coffee,core,6795616124998,Baarbara Estate,,,Whole Beans / 1kg | Whole Beans / 500g | Whole Beans / 250g | Coarse Grind / 1kg | Coarse Grind / 500g | Coarse Grind / 250g | Medium Grind / 1kg | Medium Grind / 500g | Medium Grind / 250g | Fine Grind / 1kg | Fine Grind / 500g | Fine Grind / 250g,False,False,True,False,2023Q1,2023Q2,2
1.0,False,False,Third Wave Coffee,core,6795616256070,El Diablo,El Diablo Blend,,Whole Beans / 1kg | Whole Beans / 500g | Whole Beans / 250g | Coarse Grind / 1kg | Coarse Grind / 500g | Coarse Grind / 250g | Medium Grind / 1kg | Medium Grind / 500g | Medium Grind / 250g | Fine Grind / 1kg | Fine Grind / 500g | Fine Grind / 250g,True,True,True,False,2023Q1,2026Q3,13
1.0,False,False,Third Wave Coffee,core,6795616387142,Signature South Indian Filter,Signature South Indian Filter Blend,,Whole Beans / 1kg | Whole Beans / 500g | Whole Beans / 250g | Coarse Grind / 1kg | Coarse Grind / 500g | Coarse Grind / 250g | Medium Grind / 1kg | Medium Grind / 500g | Medium Grind / 250g | Fine Grind / 1kg | Fine Grind / 500g | Fine Grind / 250g,True,True,True,False,2023Q1,2026Q3,13
,False,False,Third Wave Coffee,core,6795647483974,French Roast,,,Whole Beans / 1kg | Whole Beans / 500g | Whole Beans / 250g | Coarse Grind / 1kg | Coarse Grind / 500g | Coarse Grind / 250g | Medium Grind / 1kg | Medium Grind / 500g | Medium Grind / 250g | Fine Grind / 1kg | Fine Grind / 500g | Fine Grind / 250g,True,True,True,False,2023Q1,2026Q3,13
,False,False,Third Wave Coffee,core,6795649613894,Signature Cold Brew Blend,,,Whole Beans / 1kg | Whole Beans / 500g | Whole Beans / 250g | Coarse Grind / 1kg | Coarse Grind / 500g | Coarse Grind / 250g | Medium Grind / 1kg | Medium Grind / 500g | Medium Grind / 250g | Fine Grind / 1kg | Fine Grind / 500g | Fine Grind / 250g,False,False,True,False,2023Q1,2023Q2,2
,False,False,Third Wave Coffee,core,6795651940422,Bettadakhan Estate,,,Whole Beans / 1Kg | Whole Beans / 500g | Whole Beans / 250g | Coarse Grind / 1Kg | Coarse Grind / 500g | Coarse Grind / 250g | Medium Grind / 1Kg | Medium Grind / 500g | Medium Grind / 250g | Fine Grind / 1Kg | Fine Grind / 500g | Fine Grind / 250g,False,False,True,False,2023Q1,2023Q2,2
0.667,False,False,Third Wave Coffee,core,6795651973190,Monsoon Malabar,Monsoon Malabar AA,Dark Roast,Whole Beans / 1kg | Whole Beans / 500g | Whole Beans / 250g | Coarse Grind / 1kg | Coarse Grind / 500g | Coarse Grind / 250g | Medium Grind / 1kg | Medium Grind / 500g | Medium Grind / 250g | Fine Grind / 1kg | Fine Grind / 500g | Fine Grind / 250g,True,True,True,False,2023Q1,2026Q3,13
,False,False,Third Wave Coffee,core,7164334211142,Speciality Single Origin Bababudangiri Region,,,Whole Beans / 250 gms | Coarse Grind / 250 gms | Medium Grind / 250 gms | Fine Grind / 250 gms | Whole Beans / 250g | Whole Beans / 500g | Coarse Grind / 250g | Coarse Grind / 500g | Medium Grind / 250g | Medium Grind / 500g | Fine Grind / 250g | Fine Grind / 500g,True,True,True,False,2023Q3,2026Q3,11
,False,False,Third Wave Coffee,core,7164340961350,Speciality Single Origin Chikmagalur Region,,,Whole Beans | Coarse Grind | Medium Grind | Fine Grind | Whole Beans / 250g | Whole Beans / 500g | Coarse Grind / 250g | Coarse Grind / 500g | Medium Grind / 250g | Medium Grind / 500g | Fine Grind / 250g | Fine Grind / 500g,True,True,True,False,2023Q3,2026Q3,11
